name,price,url,category,city,metric
Natural Hot Washed PET Bottle Flake,₹60/ kg,https://www.indiamart.com/proddetail/pet-bottle-flake-23633018497.html,pet-bottle-flake,ahmedabad,kg
Unwashed Milky White PET Bottle Flakes,₹40/ kg,https://www.indiamart.com/proddetail/milky-white-pet-bottle-flakes-2850955152330.html,pet-bottle-flake,ahmedabad,kg
Natural Hot Washed Pet Bottle Flakes,₹60/ kg,https://www.indiamart.com/proddetail/pet-bottle-flakes-2849540744955.html,pet-bottle-flake,ahmedabad,kg
Mixed Pet Bottles Flakes,₹18/ kg,https://www.indiamart.com/proddetail/pet-bottles-flakes-15228874562.html,pet-bottle-flake,ahmedabad,kg
Natural Hot Washed Pet Flakes,₹50/ kg,https://www.indiamart.com/proddetail/pet-flakes-2851775610812.html,pet-bottle-flake,ahmedabad,kg
Natural Hot Washed Pet Bottle Flakes,₹85/ kg,https://www.indiamart.com/proddetail/pet-bottle-flakes-26561140662.html,pet-bottle-flake,ahmedabad,kg
"PET Bottle Flakes, Packaging Type: Pp Bag",₹50/ kg,https://www.indiamart.com/proddetail/pet-bottle-flakes-22605371030.html,pet-bottle-flake,ahmedabad,kg
Milky White Pet Flakes,₹65/ kg,https://www.indiamart.com/proddetail/pet-flakes-2850803046512.html,pet-bottle-flake,ahmedabad,kg
"Green Hot Washed Recycled PET Bottle Flakes G 2, Packaging Type: Plastic Bag, Packaging Size: 50 Kg",₹58/ kg,https://www.indiamart.com/proddetail/recycled-pet-bottle-flakes-g-2-19219998412.html,pet-bottle-flake,ahmedabad,kg
"Transparent Crushed Pet Clear Flakes, For Bottle Making, Packaging Type: Bag",₹62/ kg,https://www.indiamart.com/proddetail/pet-clear-flakes-24618890473.html,pet-bottle-flake,ahmedabad,kg
Milky White PET Bottle Flakes Scrap,₹55/ kg,https://www.indiamart.com/proddetail/pet-bottle-flakes-scrap-21100751291.html,pet-bottle-flake,ahmedabad,kg
clear Hot Washed Pet Bottle Scrap,₹48/ kg,https://www.indiamart.com/proddetail/pet-bottle-scrap-2851568495030.html,pet-bottle-flake,ahmedabad,kg
"Green PET Strapping Flakes, For Industrial, Packaging Size: 25Kg",₹44/ kg,https://www.indiamart.com/proddetail/pet-strapping-flakes-21463595791.html,pet-bottle-flake,ahmedabad,kg
Natural Pet fine,₹30/ kg,https://www.indiamart.com/proddetail/pet-fine-24253671233.html,pet-bottle-flake,ahmedabad,kg
Natural Pet Flakes,₹64/ kg,https://www.indiamart.com/proddetail/pet-flakes-27095474830.html,pet-bottle-flake,ahmedabad,kg
Pet Bottle Powder,₹55/ kg,https://www.indiamart.com/proddetail/pet-bottle-powder-2851091023630.html,pet-bottle-flake,ahmedabad,kg
"Pet Bottle Flake, Packaging Type: Plastic Bag, Packaging Size: 30-500 Kg",₹65/ kg,https://www.indiamart.com/proddetail/pet-bottle-flake-20727930991.html,pet-bottle-flake,ahmedabad,kg
Cold Washed Milky White PET Bottle Flakes,₹62/ kg,https://www.indiamart.com/proddetail/milky-white-pet-bottle-flakes-2851358542088.html,pet-bottle-flake,ahmedabad,kg
"Plastic PET Bottle Flake, Packaging Type: PP Bag, Packaging Size: 40 Kg",₹57/ kg,https://www.indiamart.com/proddetail/plastic-pet-bottle-flake-21558730197.html,pet-bottle-flake,ahmedabad,kg
White Hot Washed Clear PET Flakes,₹54/ kg,https://www.indiamart.com/proddetail/clear-pet-flakes-2851833980891.html,pet-bottle-flake,ahmedabad,kg
"Gpps Plastic Granding, Blade Size: 10mm",₹100/ kg,https://www.indiamart.com/proddetail/gpps-plastic-granding-23387632333.html,pet-bottle-flake,ahmedabad,kg
Pet Flakes Clear,"₹3,000/ kg",https://www.indiamart.com/sarvatipolitec-limited/,pet-bottle-flake,agra,kg
Flake PET Granules,₹80/ kg,https://www.indiamart.com/proddetail/flake-pet-granules-20988380888.html,pet-bottle-flake,amritsar,kg
Plastic Chair Flakes,₹46/ kg,https://www.indiamart.com/msr-industries-allahabad/,pet-bottle-flake,allahabad,kg
Natural Unwashed Pet Flake Unwased,₹55/ kg,https://www.indiamart.com/proddetail/pet-flake-unwased-25180564855.html,pet-bottle-flake,aligarh,kg
Clear Pet Flakes,₹68/ kg,https://www.indiamart.com/renew-industries-private-limited/,pet-bottle-flake,asansol,kg
Pet Bottles Flakes,₹50/ kg,https://www.indiamart.com/durga-traders-asansol/,pet-bottle-flake,asansol,kg
"Mild Steel Railway Scrap, For Metal Industry, Loose",₹45/ kg,https://www.indiamart.com/proddetail/mild-steel-railway-scrap-27020481712.html,ferrous-metal-scrap,ahmedabad,kg
"Aluminium Radiator Scrap, For Metal Industry",₹110/ kg,https://www.indiamart.com/proddetail/aluminium-radiator-scrap-23316274797.html,ferrous-metal-scrap,ahmedabad,kg
Black Iron Scrap (HMS 1),"₹41,000/ metric",https://www.indiamart.com/proddetail/iron-scrap-hms-1-21799843330.html,ferrous-metal-scrap,ahmedabad,metric
"Ss 316 Shaded Foundary Scrap, For stainless steel",₹250/ kg,https://www.indiamart.com/proddetail/ss-316-shaded-foundary-scrap-2849923694530.html,ferrous-metal-scrap,ahmedabad,kg
Non Ferrous Scrap Metal,"₹2,000/ kg",https://www.indiamart.com/proddetail/non-ferrous-scrap-metal-2869281248.html,ferrous-metal-scrap,ahmedabad,kg
"Aluminium Radiator Scrap, For Melting",₹125/ kg,https://www.indiamart.com/proddetail/aluminium-radiator-scrap-21464213091.html,ferrous-metal-scrap,ahmedabad,kg
"Ms Saliya, Size: Etc",₹42.5/ kg,https://www.indiamart.com/proddetail/ms-saliya-24062995973.html,ferrous-metal-scrap,ahmedabad,kg
"Cast Iron Metal Scrap, For Foundry Industry","₹41,000/ tonne",https://www.indiamart.com/proddetail/cast-iron-metal-scrap-22008382473.html,ferrous-metal-scrap,ahmedabad,tonne
Iron Industrial Scrap,₹45/ kg,https://www.indiamart.com/proddetail/iron-industrial-scrap-27130776312.html,ferrous-metal-scrap,ahmedabad,kg
"ALUMINIUM DIRTY REDIATOR SCRAP, For Metal Industry, 25 Kg",₹135/ kg,https://www.indiamart.com/proddetail/aluminium-dirty-rediator-scrap-26083780062.html,ferrous-metal-scrap,ahmedabad,kg
Cast Iron Solid Scrap,"₹19,200/ tonne",https://www.indiamart.com/proddetail/cast-iron-solid-scrap-12981434112.html,ferrous-metal-scrap,ahmedabad,tonne
"Cast Iron Scrap, For Foundry Industry, 50 Kg","₹42,500/ tonne",https://www.indiamart.com/proddetail/cast-iron-scrap-2850087393888.html,ferrous-metal-scrap,ahmedabad,tonne
Metal Industry Cast Iron Scraps,₹24/ kg,https://www.indiamart.com/proddetail/metal-industry-cast-iron-scraps-16836516748.html,ferrous-metal-scrap,ahmedabad,kg
"Cast Iron Alternator Scrap, For Casting",₹168/ kg,https://www.indiamart.com/proddetail/cast-iron-alternator-scrap-2851509899055.html,ferrous-metal-scrap,ahmedabad,kg
Aluminium Radiator Scrap,₹120/ kg,https://www.indiamart.com/proddetail/aluminium-radiator-scrap-2851706928862.html,ferrous-metal-scrap,ahmedabad,kg
"Cast Iron Scraps, For Industries","₹39,000/ tonne",https://www.indiamart.com/proddetail/cast-iron-scraps-2851011190888.html,ferrous-metal-scrap,ahmedabad,tonne
"Silver Aluminium Radiator Scrap, For Metal Industry",₹130/ kg,https://www.indiamart.com/proddetail/silver-aluminium-radiator-scrap-2852157365612.html,ferrous-metal-scrap,ahmedabad,kg
"Cast Iron Scraps Hms 1, For Metal Industry",₹51/ kg,https://www.indiamart.com/proddetail/cast-iron-scraps-hms-1-26408923173.html,ferrous-metal-scrap,ahmedabad,kg
"Recycle Iron Scrap, For Metal Industry",₹51/ kg,https://www.indiamart.com/proddetail/recycle-iron-scrap-26518064612.html,ferrous-metal-scrap,ahmedabad,kg
60 kg Used Rail Track,"₹30,000/ tonne",https://www.indiamart.com/proddetail/60-kg-used-rail-track-19160430488.html,ferrous-metal-scrap,ahmedabad,tonne
Alloy 20 Scrap / Carpenter 20Cb3 Scrap / Alloy 20Cb3 Scrap,₹275/ kg,https://www.indiamart.com/proddetail/alloy-20-scrap-carpenter-20cb3-scrap-alloy-20cb3-scrap-11643048548.html,ferrous-metal-scrap,ahmedabad,kg
"Ferrous Metal Scrap, For Industrial",₹42/ kg,https://www.indiamart.com/proddetail/ferrous-metal-scrap-7316822355.html,ferrous-metal-scrap,ahmedabad,kg
Cast Iron Scrap,₹40/ kg,https://www.indiamart.com/mharakhjisons/,ferrous-metal-scrap,ahmedabad,kg
"Steel NEW RAIL A65, For Metal Industry",₹92/ kg,https://www.indiamart.com/proddetail/new-rail-a65-2851745274491.html,ferrous-metal-scrap,ahmedabad,kg
"Alloy 46 Scrap / NILO 46 Scrap / Pernifer 46 Scrap, For Casting","₹1,000/ kg",https://www.indiamart.com/proddetail/alloy-46-scrap-nilo-46-scrap-pernifer-46-scrap-18503032462.html,ferrous-metal-scrap,ahmedabad,kg
"Aluminium Aluminum Radiator Scrap, For Metal Industry",₹125/ kg,https://www.indiamart.com/proddetail/aluminum-radiator-scrap-17449641548.html,ferrous-metal-scrap,ahmedabad,kg
Black iron and steel Di Pipe Scrap,₹46/ kg,https://www.indiamart.com/proddetail/di-pipe-scrap-2850267084773.html,ferrous-metal-scrap,agra,kg
"Aluminum Radiator Scrap, For Foundry Industry",₹140/ kg,https://www.indiamart.com/proddetail/radiator-scrap-2849757298930.html,ferrous-metal-scrap,agra,kg
MS(IRON) Ferrous Metal Scrap,"₹35,000/ tonne",https://www.indiamart.com/proddetail/ferrous-metal-scrap-27509434048.html,ferrous-metal-scrap,agra,tonne
Cast Iron Scrap,₹50/ kg,https://www.indiamart.com/tomarenterprises/,ferrous-metal-scrap,agra,kg
"Heavy Metal Iron Scrap, For Foundry",₹42/ kg,https://www.indiamart.com/proddetail/heavy-metal-iron-scrap-2849364033673.html,ferrous-metal-scrap,agra,kg
"Iron Scrap, For Metal Industry, 50 Kg",₹30/ kg,https://www.indiamart.com/proddetail/iron-scrap-26751078962.html,ferrous-metal-scrap,agra,kg
Used Iron Scrap,₹40/ kg,https://www.indiamart.com/ms-varsha-enterprises/,ferrous-metal-scrap,agra,kg
Old Iron Scrap,₹17/ kg,https://www.indiamart.com/payal-entp-agra/,ferrous-metal-scrap,agra,kg
Old Iron Scrap,"₹40,000/ tonne",https://www.indiamart.com/ms-kamal-steel-traders/,ferrous-metal-scrap,agra,tonne
"Cast Iron Rotor And Drum Scrap, For Foundry Industry, 50 Kg","₹40,500/ tonne",https://www.indiamart.com/proddetail/cast-iron-rotor-and-drum-scrap-2851808740062.html,ferrous-metal-scrap,amritsar,tonne
C I Scrap,₹46/ kg,https://www.indiamart.com/om-prakashsons/,ferrous-metal-scrap,amritsar,kg
Ferrous Metal Scrap,₹100/ kg,https://www.indiamart.com/pardhan-steels/,ferrous-metal-scrap,amritsar,kg
Ferrous Metal Scrap,₹35/ kg,https://www.indiamart.com/proddetail/ferrous-metal-scrap-25318250791.html,ferrous-metal-scrap,allahabad,kg
"Pig Iron Scrap, For Foundry Industry","₹25,000/ tonne",https://www.indiamart.com/proddetail/pig-iron-scrap-17746276655.html,ferrous-metal-scrap,allahabad,tonne
"Cast Iron Scrap, For Foundry Industry",₹45/ kg,https://www.indiamart.com/proddetail/cast-iron-scrap-19154259530.html,ferrous-metal-scrap,allahabad,kg
Scrap,₹450/ kg,https://www.indiamart.com/vaishnav-electronics-and-metal-scrap/,ferrous-metal-scrap,allahabad,kg
Scrap,₹50 crore/ tonne,https://www.indiamart.com/proddetail/scrap-25402295991.html,ferrous-metal-scrap,allahabad,tonne
Iron Scrap,₹40/ kg,https://www.indiamart.com/devansh-scarp-works/,ferrous-metal-scrap,allahabad,kg
Scrap Iron Plate,"₹49,000/ tonne",https://www.indiamart.com/nitin-enterprises-prayagraj/,ferrous-metal-scrap,allahabad,tonne
"Aluminum Vehicle Radiator Scrap, For Automobile",₹145/ kg,https://www.indiamart.com/proddetail/aluminum-vehicle-radiator-scrap-2850622367388.html,ferrous-metal-scrap,amroha,kg
Loha Scrap,₹47/ tonne,https://www.indiamart.com/malik-terders/,ferrous-metal-scrap,amroha,tonne
Loha Scrap,₹39/ kg,https://www.indiamart.com/malik-traders-dhanaura/,ferrous-metal-scrap,amroha,kg
Iron Scrap,₹19/ kg,https://www.indiamart.com/bharat-scrap-traders-gajraula/,ferrous-metal-scrap,amroha,kg
"Galvanised Iron Scrap, For Metal Industry, 25 Kg","₹1,000/ tonne",https://www.indiamart.com/company/180024845/,ferrous-metal-scrap,amroha,tonne
"Waste Iron Sheet Scrap, For Metal Industry",₹42.5/ kg,https://www.indiamart.com/proddetail/waste-iron-sheet-scrap-2851514952962.html,ferrous-metal-scrap,aligarh,kg
"Iron Scrap, For Metal Industry",₹42/ kg,https://www.indiamart.com/proddetail/iron-scrap-16842188855.html,ferrous-metal-scrap,aligarh,kg
"Aluminium Gray Radiator Scrap, For Melting, Size: Aluminum",₹125/ kg,https://www.indiamart.com/proddetail/radiator-scrap-21770709462.html,ferrous-metal-scrap,aligarh,kg
"Aluminum Vehicle Radiator Scrap, For Automobile",₹145/ kg,https://www.indiamart.com/proddetail/aluminum-vehicle-radiator-scrap-2850622367388.html,ferrous-metal-scrap,aligarh,kg
HR Off Cut Scrape,₹54/ kg,https://www.indiamart.com/nadim-scrap-traders/,ferrous-metal-scrap,aligarh,kg
Ferrous Waste And Scrap,₹720/ kg,https://www.indiamart.com/nisha-industries-aligarh/,ferrous-metal-scrap,aligarh,kg
19 gauge iron scrap,₹53/ kg,https://www.indiamart.com/gauraventerprises-70021262/,ferrous-metal-scrap,aligarh,kg
Cast Iron Scrap,₹200/ kg,https://www.indiamart.com/new-muskan-enterprises/,ferrous-metal-scrap,aligarh,kg
"CR iron scrap rime 14g, 15g, 16g",₹40/ kg,https://www.indiamart.com/ms-bhagwasia-enterprises/,ferrous-metal-scrap,aligarh,kg
"Galvanized Iron Wire Scrap, For In Making Machines and Tool",₹35/ kg,https://www.indiamart.com/proddetail/galvanized-iron-wire-scrap-2851256331830.html,ferrous-metal-scrap,aligarh,kg
Cast Iron Scrap,₹500/ kg,https://www.indiamart.com/roshni-steel-traders-aligarh/,ferrous-metal-scrap,aligarh,kg
Iron Scrap,₹60/ tonne,https://www.sunriseequipt.com/,ferrous-metal-scrap,amravati,tonne
Iron Scrap,"₹1,500/ tonne",https://www.indiamart.com/west-logistics/,ferrous-metal-scrap,amravati,tonne
Cast Iron Waste,₹80/ kg,https://www.indiamart.com/khan-steel-amravati/,ferrous-metal-scrap,amravati,kg
Ferrous Metal Scrap,"₹2,233/ kg",https://www.indiamart.com/induconstruction-16442982/,ferrous-metal-scrap,amravati,kg
Ferrous Metal Scrap,₹205/ kg,https://www.indiamart.com/dasenterprise-163306538/,ferrous-metal-scrap,asansol,kg
Cast Iron Foundry Scrap,"₹51,000/ tonne",https://www.indiamart.com/kr-enterprises-asansol/,ferrous-metal-scrap,asansol,tonne
"Used Iron Scrap, For Metal Industry",₹24/ kg,https://www.indiamart.com/company/89964638/,ferrous-metal-scrap,asansol,kg
Iron Scrap Heavy Metal,₹18.5/ kg,https://www.indiamart.com/saree-bazaar/,ferrous-metal-scrap,asansol,kg
"misc Ferrous / Iron Scrap, For Industrial","₹30,000/ tonne",https://www.indiamart.com/proddetail/ferrous-iron-scrap-21618984730.html,ferrous-metal-scrap,asansol,tonne
