name,price,url,category,city
Natural Hot Washed PET Bottle Flake,₹60/ Kg,https://www.indiamart.com/proddetail/pet-bottle-flake-23633018497.html,pet-bottle-flake,ahmedabad
Unwashed Milky White PET Bottle Flakes,₹40/ Kg,https://www.indiamart.com/proddetail/milky-white-pet-bottle-flakes-2850955152330.html,pet-bottle-flake,ahmedabad
Natural Hot Washed Pet Bottle Flakes,₹60/ Kg,https://www.indiamart.com/proddetail/pet-bottle-flakes-2849540744955.html,pet-bottle-flake,ahmedabad
"Pet Bottle Flakes, Packaging Type: Plastic Bag, Packaging Size: 25 Kg",Packaging Type:  Plastic Bag,https://www.indiamart.com/proddetail/pet-bottle-flakes-13815055055.html,pet-bottle-flake,ahmedabad
Mixed Pet Bottles Flakes,₹18/ Kg,https://www.indiamart.com/proddetail/pet-bottles-flakes-15228874562.html,pet-bottle-flake,ahmedabad
Natural Hot Washed Pet Flakes,₹50/ Kg,https://www.indiamart.com/proddetail/pet-flakes-2851775610812.html,pet-bottle-flake,ahmedabad
Natural Hot Washed Pet Bottle Flakes,₹85/ Kg,https://www.indiamart.com/proddetail/pet-bottle-flakes-26561140662.html,pet-bottle-flake,ahmedabad
"Nexgen Plasstek PET Bottle Flake, Pack Size: 25 Kg","नेक्सजन Plasstek पीईटी बोतल फ्लेक, पैक: 25 Kg",https://www.indiamart.com/proddetail/pet-bottle-flake-20401423597.html,pet-bottle-flake,ahmedabad
Pet Flakes,,https://www.indiamart.com/proddetail/pet-flakes-2403610333.html,pet-bottle-flake,ahmedabad
"PET Bottle Flakes, Packaging Type: Pp Bag",₹50/ Kg,https://www.indiamart.com/proddetail/pet-bottle-flakes-22605371030.html,pet-bottle-flake,ahmedabad
Milky White Pet Flakes,₹65/ Kg,https://www.indiamart.com/proddetail/pet-flakes-2850803046512.html,pet-bottle-flake,ahmedabad
Pet Flake,,https://www.indiamart.com/mahaveer-trading-surat/,pet-bottle-flake,ahmedabad
Clear Pet Flakes,,https://www.indiamart.com/stark-sales-service/,pet-bottle-flake,ahmedabad
Pet Flaks,Clear White Pet Flakes,https://www.indiamart.com/hasti-polymer/,pet-bottle-flake,ahmedabad
Pet Botle Flaks,,https://www.indiamart.com/alif-plastic-and-scrub/,pet-bottle-flake,ahmedabad
"Green Hot Washed Recycled PET Bottle Flakes G 2, Packaging Type: Plastic Bag, Packaging Size: 50 Kg",₹58/ Kilogram,https://www.indiamart.com/proddetail/recycled-pet-bottle-flakes-g-2-19219998412.html,pet-bottle-flake,ahmedabad
"Transparent Crushed Pet Clear Flakes, For Bottle Making, Packaging Type: Bag",₹62/ Kg,https://www.indiamart.com/proddetail/pet-clear-flakes-24618890473.html,pet-bottle-flake,ahmedabad
Milky White PET Bottle Flakes Scrap,₹55/ Kg,https://www.indiamart.com/proddetail/pet-bottle-flakes-scrap-21100751291.html,pet-bottle-flake,ahmedabad
clear Hot Washed Pet Bottle Scrap,₹48/ Kg,https://www.indiamart.com/proddetail/pet-bottle-scrap-2851568495030.html,pet-bottle-flake,ahmedabad
"Green PET Strapping Flakes, For Industrial, Packaging Size: 25Kg",₹44/ Kg,https://www.indiamart.com/proddetail/pet-strapping-flakes-21463595791.html,pet-bottle-flake,ahmedabad
Natural Pet fine,₹30/ Kg,https://www.indiamart.com/proddetail/pet-fine-24253671233.html,pet-bottle-flake,ahmedabad
Natural Pet Flakes,₹64/ Kg,https://www.indiamart.com/proddetail/pet-flakes-27095474830.html,pet-bottle-flake,ahmedabad
Pet Bottle Powder,₹55/ Kg,https://www.indiamart.com/proddetail/pet-bottle-powder-2851091023630.html,pet-bottle-flake,ahmedabad
"Pet Bottle Flake, Packaging Type: Plastic Bag, Packaging Size: 30-500 Kg",₹65/ Kilogram,https://www.indiamart.com/proddetail/pet-bottle-flake-20727930991.html,pet-bottle-flake,ahmedabad
Cold Washed Milky White PET Bottle Flakes,₹62/ Kg,https://www.indiamart.com/proddetail/milky-white-pet-bottle-flakes-2851358542088.html,pet-bottle-flake,ahmedabad
"Plastic PET Bottle Flake, Packaging Type: PP Bag, Packaging Size: 40 Kg",₹57/ Kilogram,https://www.indiamart.com/proddetail/plastic-pet-bottle-flake-21558730197.html,pet-bottle-flake,ahmedabad
White Hot Washed Clear PET Flakes,₹54/ Kg,https://www.indiamart.com/proddetail/clear-pet-flakes-2851833980891.html,pet-bottle-flake,ahmedabad
"Gpps Plastic Granding, Blade Size: 10mm",₹100/ Kg,https://www.indiamart.com/proddetail/gpps-plastic-granding-23387632333.html,pet-bottle-flake,ahmedabad
Pet Bottle Flskes Buyres,,https://www.indiamart.com/s-n-bursh-and-all-products/,pet-bottle-flake,agra
Pet Flakes Clear,"₹3,000/ Kg",https://www.indiamart.com/sarvatipolitec-limited/,pet-bottle-flake,agra
Pet Bottle Flakes,,https://www.indiamart.com/h-s-wire-products/,pet-bottle-flake,agra
Pet Bottle Flake,,https://www.indiamart.com/k-r-plastics-works/,pet-bottle-flake,agra
Plastic Pet Bottle Flacks Seller,,https://www.indiamart.com/vijaya-ent/,pet-bottle-flake,agra
Flake PET Granules,₹80/ Kilogram,https://www.indiamart.com/proddetail/flake-pet-granules-20988380888.html,pet-bottle-flake,amritsar
Recycled Hot Washed Pet Flakes,,https://www.indiamart.com/om-india-amritsar/,pet-bottle-flake,amritsar
Pet Bottle Flakes,,https://www.indiamart.com/raman-pawan-kirana-store/,pet-bottle-flake,amritsar
Pet Flakes,,,pet-bottle-flake,amritsar
Plastic Chair Flakes,₹46/ Kg,https://www.indiamart.com/msr-industries-allahabad/,pet-bottle-flake,allahabad
Pet Flakes,,https://www.indiamart.com/vinay-plastic-allahabad/,pet-bottle-flake,allahabad
Plastic Bottles Flakes,,https://www.indiamart.com/ajay-wheat-center/,pet-bottle-flake,amroha
Natural Unwashed Pet Flake Unwased,₹55/ Kg,https://www.indiamart.com/proddetail/pet-flake-unwased-25180564855.html,pet-bottle-flake,aligarh
Pet Bottle Flakes,,https://www.indiamart.com/aashirwad-amravati/,pet-bottle-flake,amravati
Clear Pet Flakes,,https://www.indiamart.com/ashar-bhangar-dukan/,pet-bottle-flake,amravati
Clear Pet Flakes,₹68/ Kilogram,https://www.indiamart.com/renew-industries-private-limited/,pet-bottle-flake,asansol
Pet Bottles Flakes,₹50/ Kilogram,https://www.indiamart.com/durga-traders-asansol/,pet-bottle-flake,asansol
"Mild Steel Railway Scrap, For Metal Industry, Loose",₹45/ Kg,https://www.indiamart.com/proddetail/mild-steel-railway-scrap-27020481712.html,ferrous-metal-scrap,ahmedabad
"Aluminium Radiator Scrap, For Metal Industry",₹110/ Kg,https://www.indiamart.com/proddetail/aluminium-radiator-scrap-23316274797.html,ferrous-metal-scrap,ahmedabad
Black Iron Scrap (HMS 1),"₹41,000/ Metric",https://www.indiamart.com/proddetail/iron-scrap-hms-1-21799843330.html,ferrous-metal-scrap,ahmedabad
"Ss 316 Shaded Foundary Scrap, For stainless steel",₹250/ Kilogram,https://www.indiamart.com/proddetail/ss-316-shaded-foundary-scrap-2849923694530.html,ferrous-metal-scrap,ahmedabad
Non Ferrous Scrap Metal,"₹2,000/ Kg",https://www.indiamart.com/proddetail/non-ferrous-scrap-metal-2869281248.html,ferrous-metal-scrap,ahmedabad
"Aluminium Radiator Scrap, For Melting",₹125/ Kg,https://www.indiamart.com/proddetail/aluminium-radiator-scrap-21464213091.html,ferrous-metal-scrap,ahmedabad
"Ms Saliya, Size: Etc",₹42.5/ Kg,https://www.indiamart.com/proddetail/ms-saliya-24062995973.html,ferrous-metal-scrap,ahmedabad
"Cast Iron Metal Scrap, For Foundry Industry","₹41,000/ Metric Ton",https://www.indiamart.com/proddetail/cast-iron-metal-scrap-22008382473.html,ferrous-metal-scrap,ahmedabad
"Iron Scrap, For Industrial",Usage/Application:  Industrial,https://www.indiamart.com/proddetail/iron-scrap-9289369055.html,ferrous-metal-scrap,ahmedabad
Iron Industrial Scrap,₹45/ Kg,https://www.indiamart.com/proddetail/iron-industrial-scrap-27130776312.html,ferrous-metal-scrap,ahmedabad
"ALUMINIUM DIRTY REDIATOR SCRAP, For Metal Industry, 25 Kg",₹135/ Kg,https://www.indiamart.com/proddetail/aluminium-dirty-rediator-scrap-26083780062.html,ferrous-metal-scrap,ahmedabad
Cast Iron Solid Scrap,"₹19,200/ Metric Ton",https://www.indiamart.com/proddetail/cast-iron-solid-scrap-12981434112.html,ferrous-metal-scrap,ahmedabad
"Cast Iron Scrap, For Foundry Industry, 50 Kg","₹42,500/ Tonne",https://www.indiamart.com/proddetail/cast-iron-scrap-2850087393888.html,ferrous-metal-scrap,ahmedabad
Metal Industry Cast Iron Scraps,₹24/ Kilogram,https://www.indiamart.com/proddetail/metal-industry-cast-iron-scraps-16836516748.html,ferrous-metal-scrap,ahmedabad
"Cast Iron Alternator Scrap, For Casting",₹168/ Kg,https://www.indiamart.com/proddetail/cast-iron-alternator-scrap-2851509899055.html,ferrous-metal-scrap,ahmedabad
Aluminium Radiator Scrap,₹120/ Kg,https://www.indiamart.com/proddetail/aluminium-radiator-scrap-2851706928862.html,ferrous-metal-scrap,ahmedabad
"Cast Iron Scraps, For Industries","₹39,000/ Tonne",https://www.indiamart.com/proddetail/cast-iron-scraps-2851011190888.html,ferrous-metal-scrap,ahmedabad
"Silver Aluminium Radiator Scrap, For Metal Industry",₹130/ Kg,https://www.indiamart.com/proddetail/silver-aluminium-radiator-scrap-2852157365612.html,ferrous-metal-scrap,ahmedabad
"Cast Iron Scraps Hms 1, For Metal Industry",₹51/ Kg,https://www.indiamart.com/proddetail/cast-iron-scraps-hms-1-26408923173.html,ferrous-metal-scrap,ahmedabad
"Recycle Iron Scrap, For Metal Industry",₹51/ Kg,https://www.indiamart.com/proddetail/recycle-iron-scrap-26518064612.html,ferrous-metal-scrap,ahmedabad
60 kg Used Rail Track,"₹30,000/ Tonne",https://www.indiamart.com/proddetail/60-kg-used-rail-track-19160430488.html,ferrous-metal-scrap,ahmedabad
Alumininum Aluminum Metal Scrap,Material:  Alumininum,https://www.indiamart.com/proddetail/aluminum-metal-scrap-24220185262.html,ferrous-metal-scrap,ahmedabad
Alloy 20 Scrap / Carpenter 20Cb3 Scrap / Alloy 20Cb3 Scrap,₹275/ Kilogram,https://www.indiamart.com/proddetail/alloy-20-scrap-carpenter-20cb3-scrap-alloy-20cb3-scrap-11643048548.html,ferrous-metal-scrap,ahmedabad
"Ferrous Metal Scrap, For Industrial",₹42/ Kg,https://www.indiamart.com/proddetail/ferrous-metal-scrap-7316822355.html,ferrous-metal-scrap,ahmedabad
Cast Iron Scrap,₹40/ Kg,https://www.indiamart.com/mharakhjisons/,ferrous-metal-scrap,ahmedabad
"Steel NEW RAIL A65, For Metal Industry",₹92/ Kg,https://www.indiamart.com/proddetail/new-rail-a65-2851745274491.html,ferrous-metal-scrap,ahmedabad
"Alloy 46 Scrap / NILO 46 Scrap / Pernifer 46 Scrap, For Casting","₹1,000/ Kg",https://www.indiamart.com/proddetail/alloy-46-scrap-nilo-46-scrap-pernifer-46-scrap-18503032462.html,ferrous-metal-scrap,ahmedabad
"Aluminium Aluminum Radiator Scrap, For Metal Industry",₹125/ Kilogram,https://www.indiamart.com/proddetail/aluminum-radiator-scrap-17449641548.html,ferrous-metal-scrap,ahmedabad
Black iron and steel Di Pipe Scrap,₹46/ Kg,https://www.indiamart.com/proddetail/di-pipe-scrap-2850267084773.html,ferrous-metal-scrap,agra
"Aluminum Radiator Scrap, For Foundry Industry",₹140/ Kg,https://www.indiamart.com/proddetail/radiator-scrap-2849757298930.html,ferrous-metal-scrap,agra
MS(IRON) Ferrous Metal Scrap,"₹35,000/ Ton",https://www.indiamart.com/proddetail/ferrous-metal-scrap-27509434048.html,ferrous-metal-scrap,agra
Iron Scrap,Usage/Application:  Any,https://www.indiamart.com/proddetail/iron-scrap-12200879312.html,ferrous-metal-scrap,agra
Cast Iron Scrap,₹50/ Kg,https://www.indiamart.com/tomarenterprises/,ferrous-metal-scrap,agra
"Heavy Metal Iron Scrap, For Foundry",₹42/ Kg,https://www.indiamart.com/proddetail/heavy-metal-iron-scrap-2849364033673.html,ferrous-metal-scrap,agra
Ferrous Metal Scrap,Ferrous Scrap,https://www.indiamart.com/m-k-g-n-traders/,ferrous-metal-scrap,agra
Iron Scrap,Iron Scrap,https://www.indiamart.com/sarthi-enterprises-agra/,ferrous-metal-scrap,agra
Radiator Scrap,,https://www.indiamart.com/company/11145419/,ferrous-metal-scrap,agra
Ms Iron,,https://www.indiamart.com/messors-bidhi-chand/,ferrous-metal-scrap,agra
Kandur Scrap,Kandur Crushed Scrap,https://www.indiamart.com/rahul-scrap-traders/,ferrous-metal-scrap,agra
Iron Scrap,Old Iron Scrap,https://www.indiamart.com/msaktraders-agra/,ferrous-metal-scrap,agra
Iron Scrap,Iron Scrapz,https://www.indiamart.com/laxmitraders-49112271/,ferrous-metal-scrap,agra
Scraps,,https://www.indiamart.com/trivedi-international-agra/,ferrous-metal-scrap,agra
Cast Iron Scrap,Iron Scrap,https://www.indiamart.com/company/142274994/,ferrous-metal-scrap,agra
Iron Scrap,लोहे की रद्दी,https://www.indiamart.com/rs-sales-agra/,ferrous-metal-scrap,agra
3 Number Scrapped,,https://www.indiamart.com/aarav-sawray-scrap-traders/,ferrous-metal-scrap,agra
"Iron Scrap, For Metal Industry, 50 Kg",₹30/ Kg,https://www.indiamart.com/proddetail/iron-scrap-26751078962.html,ferrous-metal-scrap,agra
Used Iron Scrap,₹40/ Kg,https://www.indiamart.com/ms-varsha-enterprises/,ferrous-metal-scrap,agra
Old Iron Scrap,₹17/ Kilogram,https://www.indiamart.com/payal-entp-agra/,ferrous-metal-scrap,agra
Iron Scrap,,https://www.indiamart.com/maadurgatraders-agra/,ferrous-metal-scrap,agra
Ferrous Metal Scrap,Ferrous Scrap,https://www.indiamart.com/lucky-vicky-iron-store/,ferrous-metal-scrap,agra
Iron Scrap,Iton Scrap,https://www.indiamart.com/shree-tirupati-traders-agra/,ferrous-metal-scrap,agra
Iron Scrap,Iron Sheet Scrap,https://www.indiamart.com/ms-mrsteels/,ferrous-metal-scrap,agra
Old Iron Scrap,"₹40,000/ Metric Ton",https://www.indiamart.com/ms-kamal-steel-traders/,ferrous-metal-scrap,agra
Iran Scrap,Scrap Iron,https://www.indiamart.com/m-r-sales-agra/,ferrous-metal-scrap,agra
Iron Scrap,,https://www.indiamart.com/ms-dhariya-traders/,ferrous-metal-scrap,agra
Iron Gate Scrap,Iron Scap,https://www.indiamart.com/aliya-steel-traders/,ferrous-metal-scrap,agra
"Cast Iron Rotor And Drum Scrap, For Foundry Industry, 50 Kg","₹40,500/ Tonne",https://www.indiamart.com/proddetail/cast-iron-rotor-and-drum-scrap-2851808740062.html,ferrous-metal-scrap,amritsar
Iron Scrap,,https://www.indiamart.com/mkcreations-amritsar/,ferrous-metal-scrap,amritsar
C I Scrap,₹46/ Kilogram,https://www.indiamart.com/om-prakashsons/,ferrous-metal-scrap,amritsar
Iron Sheet Scrap,,https://www.indiamart.com/jyotisteel-amritsar/,ferrous-metal-scrap,amritsar
Iron Scrap,,https://www.indiamart.com/mktrading-co-amritsar/,ferrous-metal-scrap,amritsar
Iron Scrap,Iron Scrap,https://www.indiamart.com/gupta-brothers-amritsar/,ferrous-metal-scrap,amritsar
Ferrous Metal Scrap,₹100/ Kg,https://www.indiamart.com/pardhan-steels/,ferrous-metal-scrap,amritsar
Iron Scrap,,https://www.indiamart.com/dev-raj-pawan/,ferrous-metal-scrap,amritsar
Old Iron Scrap,,https://www.indiamart.com/prs-enterprises-patti/,ferrous-metal-scrap,amritsar
Iron Scrap,लोहे की रद्दी,https://www.indiamart.com/mahadev-traders-amritsar/,ferrous-metal-scrap,amritsar
Iron Scrap,,https://www.indiamart.com/shiv-shakti-iron-steel-co/,ferrous-metal-scrap,amritsar
Iron Scrap,,https://www.indiamart.com/ss-trading-co-amritsar/,ferrous-metal-scrap,amritsar
Iron Scrap,,https://www.indiamart.com/vaishno-iron-scrap-company/,ferrous-metal-scrap,amritsar
Cast Iron Scrap,,https://www.indiamart.com/deepak-scrap-store/,ferrous-metal-scrap,amritsar
Ferrous Metal Scrap,,https://www.indiamart.com/company/125495431/,ferrous-metal-scrap,amritsar
Ferrous Metal Scrap,,https://www.indiamart.com/company/30609672/,ferrous-metal-scrap,amritsar
Iron Scrap,,https://www.indiamart.com/indra-steel-fabricators/,ferrous-metal-scrap,amritsar
FERROUS WASTE AND SCRAP,,https://www.indiamart.com/skenterprises-136799735/,ferrous-metal-scrap,amritsar
Ferrous Metal Scrap,,https://www.indiamart.com/company/26862800/,ferrous-metal-scrap,amritsar
Cast Iron Waste,,https://www.indiamart.com/rohit-enterprise-rayya/,ferrous-metal-scrap,amritsar
Iron Scrap,,https://www.indiamart.com/company/13967774/,ferrous-metal-scrap,amritsar
Iron Scrap,,https://www.indiamart.com/scrap-trader-amritsar/,ferrous-metal-scrap,amritsar
scrap,,https://www.indiamart.com/smenterprises-amritsar/,ferrous-metal-scrap,amritsar
Iron Plates Scrap,,https://www.indiamart.com/parkash-iron-store-amritsar/,ferrous-metal-scrap,amritsar
Ferrous Metal Scrap,,https://www.indiamart.com/company/160994231/,ferrous-metal-scrap,amritsar
Ferrous Metal Scrap,,https://www.indiamart.com/abhishek-trading-co-amritsar/,ferrous-metal-scrap,amritsar
Ferrous Metal Scrap,,,ferrous-metal-scrap,amritsar
Ferrous Metal Scrap,,https://www.indiamart.com/naman-enterprises-amritsar/,ferrous-metal-scrap,amritsar
Ferrous Metal Scrap,₹35/ Kg,https://www.indiamart.com/proddetail/ferrous-metal-scrap-25318250791.html,ferrous-metal-scrap,allahabad
"Pig Iron Scrap, For Foundry Industry","₹25,000/ Tonne",https://www.indiamart.com/proddetail/pig-iron-scrap-17746276655.html,ferrous-metal-scrap,allahabad
"Cast Iron Scrap, For Foundry Industry",₹45/ Kg,https://www.indiamart.com/proddetail/cast-iron-scrap-19154259530.html,ferrous-metal-scrap,allahabad
Scrap,₹450/ Kg,https://www.indiamart.com/vaishnav-electronics-and-metal-scrap/,ferrous-metal-scrap,allahabad
Radiator Scrap,Iron Scrap,https://www.indiamart.com/ms-maa-vaishnav-traders/,ferrous-metal-scrap,allahabad
Scrap,₹50 Crore/ Tonne,https://www.indiamart.com/proddetail/scrap-25402295991.html,ferrous-metal-scrap,allahabad
Iron Scrap,₹40/ Kg,https://www.indiamart.com/devansh-scarp-works/,ferrous-metal-scrap,allahabad
Cast Iron Scrap,,https://www.indiamart.com/rudra-traders-prayagraj/,ferrous-metal-scrap,allahabad
Scrap,Scrap,https://www.indiamart.com/mohitenterprises-prayagraj/,ferrous-metal-scrap,allahabad
Durmush,,https://www.indiamart.com/calcutta-hardware-stores-prayagraj/,ferrous-metal-scrap,allahabad
Ferrous Scrap,Cast Iron Waste,https://www.indiamart.com/adenterprises-prayagraj/,ferrous-metal-scrap,allahabad
Iron Scrap,,https://www.indiamart.com/om-disposal-traders/,ferrous-metal-scrap,allahabad
Iron Scrap,Iron Scrap,https://www.indiamart.com/jaiswal-tradersallahabad/,ferrous-metal-scrap,allahabad
All Type Of Scrap,,https://www.indiamart.com/rsm-medical-center/,ferrous-metal-scrap,allahabad
Cast Scrap,,https://www.indiamart.com/niteshenterprises-prayagraj/,ferrous-metal-scrap,allahabad
Iron Scrap,,https://www.indiamart.com/jai-ma-kali-traders-allahabad/,ferrous-metal-scrap,allahabad
ferrous waste 2,Ferrous Waste,https://www.indiamart.com/transfer-technique/,ferrous-metal-scrap,allahabad
Ferrous Metal Scraps,Ferrous Metal Waste And Scrap,https://www.indiamart.com/company/117225220/,ferrous-metal-scrap,allahabad
Iron Scrap,लोहे की रद्दी,https://www.indiamart.com/anantoolal/,ferrous-metal-scrap,allahabad
Scrap Iron Plate,"₹49,000/ Tonne",https://www.indiamart.com/nitin-enterprises-prayagraj/,ferrous-metal-scrap,allahabad
Scrap,,https://www.indiamart.com/hindustan-scrap/,ferrous-metal-scrap,allahabad
Iron Scrap,,https://www.indiamart.com/shree-ram-enterprises-allahabad/,ferrous-metal-scrap,allahabad
All Types Iron Scrap,,https://www.indiamart.com/ms-meena-associates/,ferrous-metal-scrap,allahabad
Iron Scrap,,https://www.indiamart.com/ferrous-and-non-ferrous-scrap/,ferrous-metal-scrap,allahabad
Iron Scrap,,https://www.indiamart.com/magool-kirana-store/,ferrous-metal-scrap,allahabad
Cast Iron Scrap,,https://www.indiamart.com/meena-associates/,ferrous-metal-scrap,allahabad
Ferrous Metal Scrap,,https://www.indiamart.com/company/89655115/,ferrous-metal-scrap,allahabad
Iron Scrap,,https://www.indiamart.com/allahabad-trading-center/,ferrous-metal-scrap,allahabad
"Aluminum Vehicle Radiator Scrap, For Automobile",₹145/ Kg,https://www.indiamart.com/proddetail/aluminum-vehicle-radiator-scrap-2850622367388.html,ferrous-metal-scrap,amroha
Iron Scrap,लोहे की रद्दी,https://www.indiamart.com/sami-and-sons-amroha/,ferrous-metal-scrap,amroha
Iron Scrap,Cast Iron Scrap,https://www.indiamart.com/nkm-infra-construction/,ferrous-metal-scrap,amroha
Iron Scrap,Loha Scrap,https://www.indiamart.com/company/47472936/,ferrous-metal-scrap,amroha
Iron Scrap,Radiator Scrap,https://www.indiamart.com/company/146135023/,ferrous-metal-scrap,amroha
Iron Scrap,Radiator Scrap,https://www.indiamart.com/lsa-enterprises/,ferrous-metal-scrap,amroha
Loha Scrap,₹47/ Tonne,https://www.indiamart.com/malik-terders/,ferrous-metal-scrap,amroha
Drum Iron Scrap,,https://www.indiamart.com/malik-traders-gajraula/,ferrous-metal-scrap,amroha
Loha Scrap,₹39/ Kg,https://www.indiamart.com/malik-traders-dhanaura/,ferrous-metal-scrap,amroha
Iron Scrap,,https://www.indiamart.com/mk-electronics-electricals/,ferrous-metal-scrap,amroha
Iron Scrap,₹19/ Kilogram,https://www.indiamart.com/bharat-scrap-traders-gajraula/,ferrous-metal-scrap,amroha
Iron Scrap,लोहे की रद्दी,https://www.indiamart.com/proddetail/iron-scrap-3806090412.html,ferrous-metal-scrap,amroha
"Galvanised Iron Scrap, For Metal Industry, 25 Kg","₹1,000/ Tonne",https://www.indiamart.com/company/180024845/,ferrous-metal-scrap,amroha
Ferrous Metal Scrap,,https://www.indiamart.com/company/24655011/,ferrous-metal-scrap,amroha
Cast Iron Waste,,https://www.indiamart.com/company/126212566/,ferrous-metal-scrap,amroha
Ferrous Metal Scrap,,https://www.indiamart.com/company/181573444/,ferrous-metal-scrap,amroha
Ferrous Metal Scrap,,https://www.indiamart.com/company/108909915/,ferrous-metal-scrap,amroha
Cast Iron Waste,,https://www.indiamart.com/amroha-scrap-traders/,ferrous-metal-scrap,amroha
Cast Iron Waste,,https://www.indiamart.com/company/78049097/,ferrous-metal-scrap,amroha
Ferrous Metal Scrap,,https://www.indiamart.com/company/122308203/,ferrous-metal-scrap,amroha
Iron Scrap,,https://www.indiamart.com/sai-baba-traders-joya/,ferrous-metal-scrap,amroha
Ferrous Metal Scrap,,https://www.indiamart.com/company/79008433/,ferrous-metal-scrap,amroha
Ferrous Metal Scrap,,https://www.indiamart.com/company/158067848/,ferrous-metal-scrap,amroha
Ferrous Metal Scrap,,https://www.indiamart.com/company/79708177/,ferrous-metal-scrap,amroha
Ferrous Metal Scrap,,https://www.indiamart.com/sarkar-building-material/,ferrous-metal-scrap,amroha
Iron Rod Scrap,,https://www.indiamart.com/jyoti-traders-hasanpur/,ferrous-metal-scrap,amroha
IRON SCRAP,,,ferrous-metal-scrap,amroha
Cast Iron Waste,,https://www.indiamart.com/company/125141712/,ferrous-metal-scrap,amroha
"Waste Iron Sheet Scrap, For Metal Industry",₹42.5/ Kg,https://www.indiamart.com/proddetail/waste-iron-sheet-scrap-2851514952962.html,ferrous-metal-scrap,aligarh
"Iron Scrap, For Metal Industry",₹42/ Kg,https://www.indiamart.com/proddetail/iron-scrap-16842188855.html,ferrous-metal-scrap,aligarh
"Aluminium Gray Radiator Scrap, For Melting, Size: Aluminum",₹125/ Kg,https://www.indiamart.com/proddetail/radiator-scrap-21770709462.html,ferrous-metal-scrap,aligarh
"Aluminum Vehicle Radiator Scrap, For Automobile",₹145/ Kg,https://www.indiamart.com/proddetail/aluminum-vehicle-radiator-scrap-2850622367388.html,ferrous-metal-scrap,aligarh
HR Off Cut Scrape,₹54/ Kg,https://www.indiamart.com/nadim-scrap-traders/,ferrous-metal-scrap,aligarh
"Iron Offcut, For Metal Industry",Usage/Application:  Metal Industry,https://www.indiamart.com/proddetail/iron-offcut-19412007612.html,ferrous-metal-scrap,aligarh
Ferrous Waste And Scrap,₹720/ Kg,https://www.indiamart.com/nisha-industries-aligarh/,ferrous-metal-scrap,aligarh
Scrap,Scrap,https://www.indiamart.com/tata-steel-center-aligarh/,ferrous-metal-scrap,aligarh
Iron Scraps 2,Iron Scraps,https://www.indiamart.com/nakul-traders-aligarh/,ferrous-metal-scrap,aligarh
Iron Scrap,,https://www.indiamart.com/himcolock-company/,ferrous-metal-scrap,aligarh
Scrap,Iron Scrap Material,https://www.indiamart.com/amit-scrap-aligarh/,ferrous-metal-scrap,aligarh
19 gauge iron scrap,₹53/ Kg,https://www.indiamart.com/gauraventerprises-70021262/,ferrous-metal-scrap,aligarh
Iron Scrap,Iron Scrap,https://www.indiamart.com/shree-shiv-shakti-steels/,ferrous-metal-scrap,aligarh
Iron Powder Scraps,,https://www.indiamart.com/jerry-garments/,ferrous-metal-scrap,aligarh
Iron Scrap,,https://www.indiamart.com/mohit-steels-aligarh/,ferrous-metal-scrap,aligarh
Scrap,,https://www.indiamart.com/ms-sir-ji-scrap-traders/,ferrous-metal-scrap,aligarh
Scrap,,https://www.indiamart.com/dayal-metal-company-aligarh/,ferrous-metal-scrap,aligarh
Cast Iron Scrap,₹200/ Kilogram,https://www.indiamart.com/new-muskan-enterprises/,ferrous-metal-scrap,aligarh
"CR iron scrap rime 14g, 15g, 16g",₹40/ Kg,https://www.indiamart.com/ms-bhagwasia-enterprises/,ferrous-metal-scrap,aligarh
"Galvanized Iron Wire Scrap, For In Making Machines and Tool",₹35/ Kg,https://www.indiamart.com/proddetail/galvanized-iron-wire-scrap-2851256331830.html,ferrous-metal-scrap,aligarh
Cast Iron Scrap,₹500/ Kg,https://www.indiamart.com/roshni-steel-traders-aligarh/,ferrous-metal-scrap,aligarh
Iron Scrap,Iron Scrap 2,https://www.indiamart.com/shriganeshenterprises-aligarh/,ferrous-metal-scrap,aligarh
Cast Iron Spillage Scrap,Cast Iron Scrap,https://www.indiamart.com/akenterprises-92446998/,ferrous-metal-scrap,aligarh
Iron Sheet Scrap,Iron Scrap,https://www.indiamart.com/shribalajienterprises-109942959/,ferrous-metal-scrap,aligarh
Iron Scrap,Iron Scrap,https://www.indiamart.com/jaharveer-scrap-traders/,ferrous-metal-scrap,aligarh
Iron Scrap Purchase,,https://www.indiamart.com/singhaltraders-aligarh/,ferrous-metal-scrap,aligarh
Scrap,,https://www.indiamart.com/ankit-scrap-traders-aligarh/,ferrous-metal-scrap,aligarh
Iron Scrap,,https://www.indiamart.com/aayat-logistics/,ferrous-metal-scrap,aligarh
Cast Iron Scraps,,https://www.indiamart.com/proddetail/cast-iron-scraps-2851559565273.html,ferrous-metal-scrap,amravati
Iron Scrap,₹60/ Tonne,https://www.sunriseequipt.com/,ferrous-metal-scrap,amravati
Iron Scrap,"₹1,500/ Tonne",https://www.indiamart.com/west-logistics/,ferrous-metal-scrap,amravati
Cast Iron Waste,₹80/ Kilogram,https://www.indiamart.com/khan-steel-amravati/,ferrous-metal-scrap,amravati
Ferrous Metal Scrap,"₹2,233/ Kg",https://www.indiamart.com/induconstruction-16442982/,ferrous-metal-scrap,amravati
Ferrous Scrap,,https://www.indiamart.com/company/158393804/,ferrous-metal-scrap,amravati
Iron Sheet Scrap,,https://www.indiamart.com/national-scrap-amravati/,ferrous-metal-scrap,amravati
Iron Scrap,,https://www.indiamart.com/company/158453700/,ferrous-metal-scrap,amravati
Ferrous Metal Scrap,,https://www.indiamart.com/company/181058575/,ferrous-metal-scrap,amravati
Ferrous Scrap,,https://www.indiamart.com/yeshvant-concrete-products/,ferrous-metal-scrap,amravati
Ferrous Metal Scrap,,https://www.indiamart.com/sunsteel-amravati/,ferrous-metal-scrap,amravati
Ferrous Metal Scrap,,https://www.indiamart.com/maharashtra-steel-achalpur/,ferrous-metal-scrap,amravati
Iron Scrap,,https://www.indiamart.com/ms-shri-govind-traders-ms-shri-govind-stone-industries/,ferrous-metal-scrap,amravati
Iron Scrap,,https://www.indiamart.com/company/53306656/,ferrous-metal-scrap,amravati
Iron Wire Scrap,,https://www.indiamart.com/kale-scrap-store/,ferrous-metal-scrap,amravati
scrap,,,ferrous-metal-scrap,amravati
Ferrous Metal Scrap,,,ferrous-metal-scrap,amravati
Cast Iron Waste,,https://www.indiamart.com/company/83250335/,ferrous-metal-scrap,amravati
Cast Iron Waste,,https://www.indiamart.com/company/158354990/,ferrous-metal-scrap,amravati
Cast Iron Scraps,,https://www.indiamart.com/company/94758552/,ferrous-metal-scrap,amravati
Ferrous Metal Scrap,,https://www.indiamart.com/company/88111472/,ferrous-metal-scrap,amravati
Cast Iron Waste,,https://www.indiamart.com/company/181036065/,ferrous-metal-scrap,amravati
Old Steel Iron Scrap,,https://www.indiamart.com/jai-bajrang-battery-house/,ferrous-metal-scrap,amravati
Cast Iron Waste,,https://www.indiamart.com/company/69613602/,ferrous-metal-scrap,amravati
Ferrous Metal Scrap,,https://www.indiamart.com/m-j-traders-amravati/,ferrous-metal-scrap,amravati
Cast Iron Scraps,,https://www.indiamart.com/company/181055276/,ferrous-metal-scrap,amravati
Ferrous Scrap,,https://www.indiamart.com/company/158450641/,ferrous-metal-scrap,amravati
Iron Scrap,,https://www.indiamart.com/company/23304223/,ferrous-metal-scrap,almora
Ferrous Metal Scrap,,,ferrous-metal-scrap,almora
OLD USED MS RAIL,Tower Gi Angle Scrap,https://www.indiamart.com/utsav-steels/,ferrous-metal-scrap,asansol
Rail line Scrap,,https://www.indiamart.com/i-r-traders-asansol/,ferrous-metal-scrap,asansol
Ferrous Metal Scrap,₹205/ Kg,https://www.indiamart.com/dasenterprise-163306538/,ferrous-metal-scrap,asansol
Iron Scrap,Old Iron Scrap,https://www.indiamart.com/shree-vishnu-associates-asansol/,ferrous-metal-scrap,asansol
Scrap Iron,Start Location:  All India,https://www.indiamart.com/proddetail/scrap-iron-19953164533.html,ferrous-metal-scrap,asansol
R60 Scrap,,https://www.indiamart.com/proddetail/r60-scrap-21928916373.html,ferrous-metal-scrap,asansol
Iron Scrap,Rail Scrap,https://www.indiamart.com/melodytonevoicecoil/,ferrous-metal-scrap,asansol
Ferrous Metal Scrap,Ferrous Scrap,https://www.indiamart.com/ms-jay-maa-baisno-devi-co/,ferrous-metal-scrap,asansol
Iron Scrap,,https://www.indiamart.com/gp-entp-asansol/,ferrous-metal-scrap,asansol
Cast Iron Foundry Scrap,"₹51,000/ Metric Ton",https://www.indiamart.com/kr-enterprises-asansol/,ferrous-metal-scrap,asansol
"Used Iron Scrap, For Metal Industry",₹24/ Kg,https://www.indiamart.com/company/89964638/,ferrous-metal-scrap,asansol
Iron Scrap Heavy Metal,₹18.5/ Kilogram,https://www.indiamart.com/saree-bazaar/,ferrous-metal-scrap,asansol
"misc Ferrous / Iron Scrap, For Industrial","₹30,000/ Ton",https://www.indiamart.com/proddetail/ferrous-iron-scrap-21618984730.html,ferrous-metal-scrap,asansol
"Iron Scrap, For Plastic Industry",Usage/Application:  Plastic Industry,https://www.indiamart.com/skraf-palastic/,ferrous-metal-scrap,asansol
Ferrous Metal Scrap,,https://www.indiamart.com/company/163285794/,ferrous-metal-scrap,asansol
Ferrous Metal Scrap,,https://www.indiamart.com/ms-kgn-enterprises-asansol/,ferrous-metal-scrap,asansol
Cast Iron Waste,,,ferrous-metal-scrap,asansol
Ferrous Scrap,,https://www.indiamart.com/company/83232624/,ferrous-metal-scrap,asansol
Ferrous Metal Scrap,,https://www.indiamart.com/company/146572270/,ferrous-metal-scrap,asansol
Ferrous Metal Scrap,,,ferrous-metal-scrap,asansol
Cast Iron Scraps,,https://www.indiamart.com/company/38729034/,ferrous-metal-scrap,asansol
Cast Iron Scraps,,https://www.indiamart.com/ab-enterprises-asansol/,ferrous-metal-scrap,asansol
Cast Iron Waste,,https://www.indiamart.com/company/163292881/,ferrous-metal-scrap,asansol
Cast Iron Waste,,https://www.indiamart.com/company/11903434/,ferrous-metal-scrap,asansol
Tower Gi Angle Scrap,,https://www.indiamart.com/maa-chandi-enterprises-parasia/,ferrous-metal-scrap,asansol
G I Iron Scrap,,https://www.indiamart.com/company/117755416/,ferrous-metal-scrap,asansol
Cast Iron Waste,,https://www.indiamart.com/company/7721565/,ferrous-metal-scrap,asansol
