name,price,url,category,city
Natural Hot Washed PET Bottle Flake,₹60/ Kg,https://www.indiamart.com/proddetail/pet-bottle-flake-23633018497.html,pet-bottle-flake,ahmedabad
Colored Pet Bottle Flakes,₹50/ Kg,https://www.indiamart.com/proddetail/unwashed-mix-pet-bottle-flakes-2850982507097.html,pet-bottle-flake,ahmedabad
"Natural Hot Washed pet flakes, Packaging Type: Plastic Bag, Packaging Size: 25 Kgs Bag",₹65/ Kg,https://www.indiamart.com/proddetail/pet-flakes-2849423130912.html,pet-bottle-flake,ahmedabad
"Dark Red Pet Flakes for Industrial, Packaging Size: 25 Kg",Packaging Type:  Plastic Bag,https://www.indiamart.com/proddetail/dark-red-pet-flakes-20414356297.html,pet-bottle-flake,ahmedabad
Natural Hot Washed Pet Bottle Flakes,₹85/ Kg,https://www.indiamart.com/proddetail/pet-bottle-flakes-26561140662.html,pet-bottle-flake,ahmedabad
"Nexgen Plasstek Blue Plant Waste PET Flakes, Pack Size: 25 Kg , for Making a pet preform","नेक्सजन प्लास्टेक का नीला प्लांट वेस्ट पीईटी फ्लेक्स पैक: 25 kg, पालतू जानवर के प्रीफॉर्म बनाने के लिए",https://www.indiamart.com/proddetail/blue-pet-flakes-20365315988.html,pet-bottle-flake,ahmedabad
Mixed Pet Bottles Flakes,₹18/ Kg,https://www.indiamart.com/proddetail/pet-bottles-flakes-15228874562.html,pet-bottle-flake,ahmedabad
Natural Hot Washed Pet Flakes,₹50/ Kg,https://www.indiamart.com/proddetail/pet-flakes-2851775610812.html,pet-bottle-flake,ahmedabad
Pet Flakes,,https://www.indiamart.com/proddetail/pet-flakes-2403610333.html,pet-bottle-flake,ahmedabad
"PET Bottle Flakes, Packaging Type: Pp Bag",₹50/ Kg,https://www.indiamart.com/proddetail/pet-bottle-flakes-22605371030.html,pet-bottle-flake,ahmedabad
Milky White Pet Flakes,₹65/ Kg,https://www.indiamart.com/proddetail/pet-flakes-2850803046512.html,pet-bottle-flake,ahmedabad
Pet Flake,,https://www.indiamart.com/mahaveer-trading-surat/,pet-bottle-flake,ahmedabad
Clear Pet Flakes,,https://www.indiamart.com/stark-sales-service/,pet-bottle-flake,ahmedabad
Bottle Flakes,Pet Bottle Flake,https://www.indiamart.com/hasti-polymer/,pet-bottle-flake,ahmedabad
Pet Flakes,,https://www.indiamart.com/yashri-tradelink/,pet-bottle-flake,ahmedabad
"Green Hot Washed Recycled PET Bottle Flakes G 2, Packaging Type: Plastic Bag, Packaging Size: 50 Kg",₹58/ Kilogram,https://www.indiamart.com/proddetail/recycled-pet-bottle-flakes-g-2-19219998412.html,pet-bottle-flake,ahmedabad
clear Hot Washed Pet Bottle Scrap,₹48/ Kg,https://www.indiamart.com/proddetail/pet-bottle-scrap-2851568495030.html,pet-bottle-flake,ahmedabad
"Airson White Pet Dana, For Industrial, Packaging Type: Bag",₹75/ Kg,https://www.indiamart.com/proddetail/white-pet-dana-24594475391.html,pet-bottle-flake,ahmedabad
Milky White PET Bottle Flakes Scrap,₹55/ Kg,https://www.indiamart.com/proddetail/pet-bottle-flakes-scrap-21100751291.html,pet-bottle-flake,ahmedabad
Natural Pet fine,₹30/ Kg,https://www.indiamart.com/proddetail/pet-fine-24253671233.html,pet-bottle-flake,ahmedabad
"PET Flakes, Pack Size: 25 Kg",पीईटी फ्लेक्स पैक: 25 kg,https://www.indiamart.com/proddetail/pet-flakes-19991381112.html,pet-bottle-flake,ahmedabad
Natural Pet Flakes,₹64/ Kg,https://www.indiamart.com/proddetail/pet-flakes-27095474830.html,pet-bottle-flake,ahmedabad
Natural Unwashed PET Bottle Flakes,₹78/ Kg,https://www.indiamart.com/proddetail/pet-bottle-flakes-27550973312.html,pet-bottle-flake,ahmedabad
"Polyester Flakes For Industrial, Packaging Type: Plastic Bag",₹17/ Kg,https://www.indiamart.com/proddetail/polyester-flakes-23221009112.html,pet-bottle-flake,ahmedabad
"White Grinded PET Flake, Packaging Type: Plastic Bag, Packaging Size: 25 Kg",₹57/ Kg,https://www.indiamart.com/proddetail/grinded-pet-flake-23301557155.html,pet-bottle-flake,ahmedabad
"Gpps Plastic Granding, Blade Size: 10mm",₹100/ Kg,https://www.indiamart.com/proddetail/gpps-plastic-granding-23387632333.html,pet-bottle-flake,ahmedabad
White Hot Washed Clear PET Flakes,₹54/ Kg,https://www.indiamart.com/proddetail/clear-pet-flakes-2851833980891.html,pet-bottle-flake,ahmedabad
Milky White Unwashed PET Bottle Flake,₹62/ Kg,https://www.indiamart.com/proddetail/unwashed-pet-bottle-flake-2851358460162.html,pet-bottle-flake,ahmedabad
Pet Bottle Flskes Buyres,,https://www.indiamart.com/s-n-bursh-and-all-products/,pet-bottle-flake,agra
Washed Neck Pet Flakes,"₹3,000/ Kg",https://www.indiamart.com/sarvatipolitec-limited/,pet-bottle-flake,agra
Pet Bottle Flakes,,https://www.indiamart.com/h-s-wire-products/,pet-bottle-flake,agra
Pet Bottle Flake,,https://www.indiamart.com/k-r-plastics-works/,pet-bottle-flake,agra
Plastic Pet Bottle Flacks Seller,,https://www.indiamart.com/vijaya-ent/,pet-bottle-flake,agra
Flake PET Granules,₹80/ Kilogram,https://www.indiamart.com/proddetail/flake-pet-granules-20988380888.html,pet-bottle-flake,amritsar
Recycled Hot Washed Pet Flakes,,https://www.indiamart.com/om-india-amritsar/,pet-bottle-flake,amritsar
Pet Bottle Flakes,,https://www.indiamart.com/raman-pawan-kirana-store/,pet-bottle-flake,amritsar
Pet Bottle Flakes,,,pet-bottle-flake,amritsar
Plastic Chair Flakes,₹46/ Kg,https://www.indiamart.com/msr-industries-allahabad/,pet-bottle-flake,allahabad
Pet Flakes,,https://www.indiamart.com/vinay-plastic-allahabad/,pet-bottle-flake,allahabad
Plastic Bottles Flakes,,https://www.indiamart.com/ajay-wheat-center/,pet-bottle-flake,amroha
Natural Unwashed Pet Flake Unwased,₹55/ Kg,https://www.indiamart.com/proddetail/pet-flake-unwased-25180564855.html,pet-bottle-flake,aligarh
Pet Bottle Flakes,,https://www.indiamart.com/aashirwad-amravati/,pet-bottle-flake,amravati
Clear Pet Flakes,,https://www.indiamart.com/ashar-bhangar-dukan/,pet-bottle-flake,amravati
Clear Pet Flakes,₹68/ Kilogram,https://www.indiamart.com/renew-industries-private-limited/,pet-bottle-flake,asansol
Pet Bottles Flakes,₹50/ Kilogram,https://www.indiamart.com/durga-traders-asansol/,pet-bottle-flake,asansol
"Silver Iron Loose Scrap, For Metal Industry",₹65/ Kg,https://www.indiamart.com/proddetail/silver-iron-loose-scrap-27020467048.html,ferrous-metal-scrap,ahmedabad
"Ci Cast Iron Scrap, For Foundry Industry",₹31/ Kg,https://www.indiamart.com/proddetail/cast-iron-scrap-22828144588.html,ferrous-metal-scrap,ahmedabad
"Aluminium Radiator Scrap, For Metal Industry",₹110/ Kg,https://www.indiamart.com/proddetail/aluminium-radiator-scrap-23316274797.html,ferrous-metal-scrap,ahmedabad
"Aluminium Radiator Scrap, For Melting",₹125/ Kg,https://www.indiamart.com/proddetail/aluminium-radiator-scrap-21464213091.html,ferrous-metal-scrap,ahmedabad
Stainless Steel Scrap 347 Grade,₹150/ Kilogram,https://www.indiamart.com/proddetail/stainless-steel-scrap-347-grade-2851895434497.html,ferrous-metal-scrap,ahmedabad
"Black Mild Steel MS Metal Scrap, For Industrial, Packaging Type: Loose","₹41,000/ Metric Ton",https://www.indiamart.com/proddetail/ms-metal-scrap-22007251688.html,ferrous-metal-scrap,ahmedabad
"Black Mild Steel MS Plates Profile Cuttings Scrap., For Industrial, Packaging Type: Not fix","₹40,000/ Metric",https://www.indiamart.com/proddetail/ms-plates-profile-cuttings-scrap-21799721448.html,ferrous-metal-scrap,ahmedabad
Non Ferrous Scrap Metal,"₹2,000/ Kg",https://www.indiamart.com/proddetail/non-ferrous-scrap-metal-2869281248.html,ferrous-metal-scrap,ahmedabad
"Iron Scrap, For Industrial",Usage/Application:  Industrial,https://www.indiamart.com/proddetail/iron-scrap-9289369055.html,ferrous-metal-scrap,ahmedabad
"Cast Iron Scraps, For Industries","₹39,000/ Tonne",https://www.indiamart.com/proddetail/cast-iron-scraps-2851011190888.html,ferrous-metal-scrap,ahmedabad
"ALUMINIUM DIRTY REDIATOR SCRAP, For Metal Industry, 25 Kg",₹135/ Kg,https://www.indiamart.com/proddetail/aluminium-dirty-rediator-scrap-26083780062.html,ferrous-metal-scrap,ahmedabad
"6 inch Mild Steel Rail Scrap, For Casting",₹48/ Kg,https://www.indiamart.com/proddetail/6-inch-mild-steel-rail-scrap-2851509765691.html,ferrous-metal-scrap,ahmedabad
"Iron Melting Scrap, For Metal Industry",₹52/ Kg,https://www.indiamart.com/proddetail/iron-melting-scrap-26518065062.html,ferrous-metal-scrap,ahmedabad
Aluminium Radiator Scrap,₹120/ Kg,https://www.indiamart.com/proddetail/aluminium-radiator-scrap-2851706928862.html,ferrous-metal-scrap,ahmedabad
Cast Iron Solid Scrap,"₹19,200/ Metric Ton",https://www.indiamart.com/proddetail/cast-iron-solid-scrap-12981434112.html,ferrous-metal-scrap,ahmedabad
"Cast Iron Scrap, For Foundry Industry, 50 Kg","₹42,500/ Tonne",https://www.indiamart.com/proddetail/cast-iron-scrap-2850087393888.html,ferrous-metal-scrap,ahmedabad
Metal Industry Cast Iron Scraps,₹24/ Kilogram,https://www.indiamart.com/proddetail/metal-industry-cast-iron-scraps-16836516748.html,ferrous-metal-scrap,ahmedabad
Cast Iron Scrap,कास्ट आयरन का स्क्रैप,https://www.indiamart.com/proddetail/cast-iron-scrap-19098244733.html,ferrous-metal-scrap,ahmedabad
"Silver Aluminium Radiator Scrap, For Metal Industry",₹130/ Kg,https://www.indiamart.com/proddetail/silver-aluminium-radiator-scrap-2852157365612.html,ferrous-metal-scrap,ahmedabad
"Cut Piece Iron Scrap, For Foundry Industry",₹44/ Kg,https://www.indiamart.com/proddetail/cut-piece-iron-scrap-27130776288.html,ferrous-metal-scrap,ahmedabad
"Cast Iron Scraps Hms 1, For Metal Industry",₹51/ Kg,https://www.indiamart.com/proddetail/cast-iron-scraps-hms-1-26408923173.html,ferrous-metal-scrap,ahmedabad
Alumininum Aluminum Metal Scrap,Material:  Alumininum,https://www.indiamart.com/proddetail/aluminum-metal-scrap-24220185262.html,ferrous-metal-scrap,ahmedabad
Ferrous Steel Scrap,₹30/ Kilogram(s),https://www.indiamart.com/proddetail/ferrous-steel-scrap-4366425897.html,ferrous-metal-scrap,ahmedabad
Cast Iron Scrap,₹40/ Kg,https://www.indiamart.com/mharakhjisons/,ferrous-metal-scrap,ahmedabad
"Hastelloy X Scrap, Hastelloy X Plates Scrap, Hastelloy X, For Chemical Handling","₹2,000/ Kg",https://www.indiamart.com/proddetail/hastelloy-x-scrap-hastelloy-x-plates-scrap-hastelloy-x-2851302329388.html,ferrous-metal-scrap,ahmedabad
"Aluminium Aluminum Radiator Scrap, For Metal Industry",₹125/ Kilogram,https://www.indiamart.com/proddetail/aluminum-radiator-scrap-17449641548.html,ferrous-metal-scrap,ahmedabad
"Steel NEW RAIL A65, For Metal Industry",₹92/ Kg,https://www.indiamart.com/proddetail/new-rail-a65-2851745274491.html,ferrous-metal-scrap,ahmedabad
"Hastelloy C276 Scrap, C276 Plates Scrap, C276 Solid Scrap, For Foundry Industry","₹1,800/ Kg",https://www.indiamart.com/proddetail/hastelloy-c276-scrap-c276-plates-scrap-c276-solid-scrap-2851551448812.html,ferrous-metal-scrap,ahmedabad
"Aluminium Radiator Scrap, For Foundry Industry",₹140/ Kg,https://www.indiamart.com/proddetail/aluminium-radiator-scrap-2850031289333.html,ferrous-metal-scrap,agra
Black iron and steel Di Pipe Scrap,₹46/ Kg,https://www.indiamart.com/proddetail/di-pipe-scrap-2850267084773.html,ferrous-metal-scrap,agra
MS(IRON) Ferrous Metal Scrap,"₹35,000/ Ton",https://www.indiamart.com/proddetail/ferrous-metal-scrap-27509434048.html,ferrous-metal-scrap,agra
Iron Scrap,Usage/Application:  Any,https://www.indiamart.com/proddetail/iron-scrap-12200879312.html,ferrous-metal-scrap,agra
Cast Iron Scrap,₹50/ Kg,https://www.indiamart.com/tomarenterprises/,ferrous-metal-scrap,agra
"Heavy Metal Iron Scrap, For Foundry",₹42/ Kg,https://www.indiamart.com/proddetail/heavy-metal-iron-scrap-2849364033673.html,ferrous-metal-scrap,agra
Radiator Scrap,,https://www.indiamart.com/company/11145419/,ferrous-metal-scrap,agra
Scraps,,https://www.indiamart.com/trivedi-international-agra/,ferrous-metal-scrap,agra
Iron Scrap,Iron Scrap,https://www.indiamart.com/sarthi-enterprises-agra/,ferrous-metal-scrap,agra
3 Number Scrapped,,https://www.indiamart.com/aarav-sawray-scrap-traders/,ferrous-metal-scrap,agra
Ferrous Metal Scrap,Ferrous Scrap,https://www.indiamart.com/m-k-g-n-traders/,ferrous-metal-scrap,agra
Old Iron Scrap,Iron Scrap,https://www.indiamart.com/rs-sales-agra/,ferrous-metal-scrap,agra
Iron Scrap,Cast Iron Scrap,https://www.indiamart.com/company/142274994/,ferrous-metal-scrap,agra
Ms Iron,,https://www.indiamart.com/messors-bidhi-chand/,ferrous-metal-scrap,agra
Iron Scrap,Iron Scrapz,https://www.indiamart.com/laxmitraders-49112271/,ferrous-metal-scrap,agra
Kandur Crushed Scrap,Kandur Scrap,https://www.indiamart.com/rahul-scrap-traders/,ferrous-metal-scrap,agra
Iron Scrap,Old Iron Scrap,https://www.indiamart.com/msaktraders-agra/,ferrous-metal-scrap,agra
"Iron Scrap, For Metal Industry, 50 Kg",₹30/ Kg,https://www.indiamart.com/proddetail/iron-scrap-26751078962.html,ferrous-metal-scrap,agra
Old Iron Scrap,₹17/ Kilogram,https://www.indiamart.com/payal-entp-agra/,ferrous-metal-scrap,agra
Used Iron Scrap,₹40/ Kg,https://www.indiamart.com/ms-varsha-enterprises/,ferrous-metal-scrap,agra
Iron Scrap,Iron Scrab,https://www.indiamart.com/mahadev-trading-company-agra/,ferrous-metal-scrap,agra
Ferrous Scrap,,https://www.indiamart.com/sohil-scrap/,ferrous-metal-scrap,agra
Iron,,https://www.indiamart.com/national-chamicals/,ferrous-metal-scrap,agra
Cast Iron Waste Scrap,Ferrous Iron Scrap,https://www.indiamart.com/builtgoods-india-private-limited/,ferrous-metal-scrap,agra
Scarp Tmt Bar,Scrao Teenshade Gate,https://www.indiamart.com/bbros-traders/,ferrous-metal-scrap,agra
Iron Scrrap,Iron Scrap,https://www.indiamart.com/s-r-metcast-india-pricvate-limited/,ferrous-metal-scrap,agra
Iron Scrap,,https://www.indiamart.com/ms-dhariya-traders/,ferrous-metal-scrap,agra
Iron Scrap,Iron Scrap,https://www.indiamart.com/shivamtradingcompany-181589179/,ferrous-metal-scrap,agra
"Cast iron scrap, For Casting","₹41,500/ Metric Ton",https://www.indiamart.com/proddetail/cast-iron-scrap-20095185248.html,ferrous-metal-scrap,amritsar
Iron Sheet Scrap,,https://www.indiamart.com/jyotisteel-amritsar/,ferrous-metal-scrap,amritsar
Iron Scrap,,https://www.indiamart.com/mkcreations-amritsar/,ferrous-metal-scrap,amritsar
C I Scrap,₹46/ Kilogram,https://www.indiamart.com/om-prakashsons/,ferrous-metal-scrap,amritsar
Iron Scrap,,https://www.indiamart.com/dev-raj-pawan/,ferrous-metal-scrap,amritsar
Iron Scrap,Iron Scrap,https://www.indiamart.com/gupta-brothers-amritsar/,ferrous-metal-scrap,amritsar
Old Iron Scrap,,https://www.indiamart.com/prs-enterprises-patti/,ferrous-metal-scrap,amritsar
Iron Scrap,,https://www.indiamart.com/shiv-shakti-iron-steel-co/,ferrous-metal-scrap,amritsar
Ferrous Metal Scrap,₹100/ Kg,https://www.indiamart.com/pardhan-steels/,ferrous-metal-scrap,amritsar
Iron Scrap,लोहे की रद्दी,https://www.indiamart.com/mahadev-traders-amritsar/,ferrous-metal-scrap,amritsar
Iron Scrap,,https://www.indiamart.com/mktrading-co-amritsar/,ferrous-metal-scrap,amritsar
Iron Scrap,,https://www.indiamart.com/ss-trading-co-amritsar/,ferrous-metal-scrap,amritsar
Pig Iron Scrap,,https://www.indiamart.com/deepak-scrap-store/,ferrous-metal-scrap,amritsar
Iron Scrap,,https://www.indiamart.com/vaishno-iron-scrap-company/,ferrous-metal-scrap,amritsar
Ferrous Metal Scrap,,https://www.indiamart.com/company/39371987/,ferrous-metal-scrap,amritsar
Cast Iron Scraps,,https://www.indiamart.com/airportsauthorityofindia-amritsar/,ferrous-metal-scrap,amritsar
Ferrous Metal Scrap,,https://www.indiamart.com/virdienterprises-amritsar/,ferrous-metal-scrap,amritsar
Ferrous Metal Scrap,,https://www.indiamart.com/company/59480696/,ferrous-metal-scrap,amritsar
Iron Scrap,,https://www.indiamart.com/scrap-trader-amritsar/,ferrous-metal-scrap,amritsar
Iron Scrap,,https://www.indiamart.com/company/3855834/,ferrous-metal-scrap,amritsar
Ferrous Metal Scrap,,https://www.indiamart.com/company/127169615/,ferrous-metal-scrap,amritsar
Cast Iron Scraps,,https://www.indiamart.com/company/147002461/,ferrous-metal-scrap,amritsar
Ferrous Scrap,,https://www.indiamart.com/company/8300074/,ferrous-metal-scrap,amritsar
Ferrous Scrap,,https://www.indiamart.com/rohit-enterprise-rayya/,ferrous-metal-scrap,amritsar
All Type Of Scrap,,https://www.indiamart.com/gupta-trander/,ferrous-metal-scrap,amritsar
FERROUS WASTE AND SCRAP,,https://www.indiamart.com/skenterprises-136799735/,ferrous-metal-scrap,amritsar
Ferrous Metal Scrap,,https://www.indiamart.com/company/182767996/,ferrous-metal-scrap,amritsar
Iron Scrap,,https://www.indiamart.com/maa-paper-product/,ferrous-metal-scrap,amritsar
Ferrous Metal Scrap,₹35/ Kg,https://www.indiamart.com/proddetail/ferrous-metal-scrap-25318250791.html,ferrous-metal-scrap,allahabad
"Pig Iron Scrap, For Foundry Industry","₹25,000/ Tonne",https://www.indiamart.com/proddetail/pig-iron-scrap-17746276655.html,ferrous-metal-scrap,allahabad
"Cast Iron Scrap, For Foundry Industry",₹45/ Kg,https://www.indiamart.com/proddetail/cast-iron-scrap-19154259530.html,ferrous-metal-scrap,allahabad
Scrap,₹450/ Kg,https://www.indiamart.com/vaishnav-electronics-and-metal-scrap/,ferrous-metal-scrap,allahabad
Iron Scrap,Iron Scrap,https://www.indiamart.com/ms-maa-vaishnav-traders/,ferrous-metal-scrap,allahabad
Scrap,₹50 Crore/ Tonne,https://www.indiamart.com/proddetail/scrap-25402295991.html,ferrous-metal-scrap,allahabad
Iron Scrap,₹40/ Kg,https://www.indiamart.com/devansh-scarp-works/,ferrous-metal-scrap,allahabad
Iron Scrap,,https://www.indiamart.com/jai-ma-kali-traders-allahabad/,ferrous-metal-scrap,allahabad
All Type Of Scrap,,https://www.indiamart.com/rsm-medical-center/,ferrous-metal-scrap,allahabad
Scrap Iron Plate,"₹49,000/ Tonne",https://www.indiamart.com/nitin-enterprises-prayagraj/,ferrous-metal-scrap,allahabad
Cast Scrap,,https://www.indiamart.com/niteshenterprises-prayagraj/,ferrous-metal-scrap,allahabad
Iron Scrap,,https://www.indiamart.com/shree-ram-enterprises-allahabad/,ferrous-metal-scrap,allahabad
Cast Iron Waste,Ferrous Scrap,https://www.indiamart.com/adenterprises-prayagraj/,ferrous-metal-scrap,allahabad
Durmush,,https://www.indiamart.com/calcutta-hardware-stores-prayagraj/,ferrous-metal-scrap,allahabad
Cast Iron Scrap,,https://www.indiamart.com/rudra-traders-prayagraj/,ferrous-metal-scrap,allahabad
Scrap,Scrap,https://www.indiamart.com/mohitenterprises-prayagraj/,ferrous-metal-scrap,allahabad
Ferrous Metal Scraps,Ferrous Metal Waste And Scrap,https://www.indiamart.com/company/117225220/,ferrous-metal-scrap,allahabad
Iron Scrap,Iron Scrap,https://www.indiamart.com/jaiswal-tradersallahabad/,ferrous-metal-scrap,allahabad
Iron Scrap,,https://www.indiamart.com/om-disposal-traders/,ferrous-metal-scrap,allahabad
Scrap,,https://www.indiamart.com/hindustan-scrap/,ferrous-metal-scrap,allahabad
Iron Scrap,लोहे की रद्दी,https://www.indiamart.com/anantoolal/,ferrous-metal-scrap,allahabad
ferrous waste 2,Ferrous Waste,https://www.indiamart.com/transfer-technique/,ferrous-metal-scrap,allahabad
All Types Iron Scrap,,https://www.indiamart.com/ms-meena-associates/,ferrous-metal-scrap,allahabad
Iron Scrap,,https://www.indiamart.com/ferrous-and-non-ferrous-scrap/,ferrous-metal-scrap,allahabad
Iron Scrap,,https://www.indiamart.com/magool-kirana-store/,ferrous-metal-scrap,allahabad
Cast Iron Scrap,,https://www.indiamart.com/meena-associates/,ferrous-metal-scrap,allahabad
Ferrous Scrap,,https://www.indiamart.com/company/146974555/,ferrous-metal-scrap,allahabad
Ferrous Metal Scrap,,https://www.indiamart.com/company/130981324/,ferrous-metal-scrap,allahabad
"Aluminum Vehicle Radiator Scrap, For Automobile",₹145/ Kg,https://www.indiamart.com/proddetail/aluminum-vehicle-radiator-scrap-2850622367388.html,ferrous-metal-scrap,amroha
Iron Scrap,लोहे की रद्दी,https://www.indiamart.com/sami-and-sons-amroha/,ferrous-metal-scrap,amroha
Iron Scrap,Loha Scrap,https://www.indiamart.com/company/47472936/,ferrous-metal-scrap,amroha
Iron Scrap,Cast Iron Scrap,https://www.indiamart.com/nkm-infra-construction/,ferrous-metal-scrap,amroha
Radiator Scrap,Iron Scrap,https://www.indiamart.com/company/146135023/,ferrous-metal-scrap,amroha
Iron Scrap,Radiator Scrap,https://www.indiamart.com/lsa-enterprises/,ferrous-metal-scrap,amroha
Drum Iron Scrap,,https://www.indiamart.com/malik-traders-gajraula/,ferrous-metal-scrap,amroha
Loha Scrap,₹39/ Kg,https://www.indiamart.com/malik-traders-dhanaura/,ferrous-metal-scrap,amroha
Loha Scrap,₹47/ Tonne,https://www.indiamart.com/malik-terders/,ferrous-metal-scrap,amroha
Iron Scrap,,https://www.indiamart.com/mk-electronics-electricals/,ferrous-metal-scrap,amroha
Iron Scrap,₹19/ Kilogram,https://www.indiamart.com/bharat-scrap-traders-gajraula/,ferrous-metal-scrap,amroha
Iron Scrap,लोहे की रद्दी,https://www.indiamart.com/proddetail/iron-scrap-3806090412.html,ferrous-metal-scrap,amroha
"Galvanised Iron Scrap, For Metal Industry, 25 Kg","₹1,000/ Tonne",https://www.indiamart.com/company/180024845/,ferrous-metal-scrap,amroha
Old Iron Scrap,,https://www.indiamart.com/sami-sons-amroha/,ferrous-metal-scrap,amroha
Ferrous Metal Scrap,,https://www.indiamart.com/company/122308203/,ferrous-metal-scrap,amroha
Cast Iron Scraps,,,ferrous-metal-scrap,amroha
Cast Iron Waste,,https://www.indiamart.com/company/126212566/,ferrous-metal-scrap,amroha
Ferrous Metal Scrap,,https://www.indiamart.com/saifi-sons-hasanpur/,ferrous-metal-scrap,amroha
Ferrous Metal Scrap,,https://www.indiamart.com/company/68357098/,ferrous-metal-scrap,amroha
Cast Iron Scraps,,https://www.indiamart.com/amroha-scrap-traders/,ferrous-metal-scrap,amroha
Cast Iron Scraps,,https://www.indiamart.com/company/156124482/,ferrous-metal-scrap,amroha
Ferrous Metal Scrap,,https://www.indiamart.com/company/158067848/,ferrous-metal-scrap,amroha
Ferrous Metal Scrap,,https://www.indiamart.com/company/22159090/,ferrous-metal-scrap,amroha
Ferrous Metal Scrap,,https://www.indiamart.com/sarkar-building-material/,ferrous-metal-scrap,amroha
Iron Scraps Proudcts,,https://www.indiamart.com/indian-scrap/,ferrous-metal-scrap,amroha
Iron Scrap,,https://www.indiamart.com/yk-traders-hasanpur/,ferrous-metal-scrap,amroha
Ferrous Metal Scrap,,https://www.indiamart.com/company/157997158/,ferrous-metal-scrap,amroha
Cast Iron Scraps,,https://www.indiamart.com/company/4749906/,ferrous-metal-scrap,amroha
"Heavy Metal Iron Scrap, For Foundry",₹42/ Kg,https://www.indiamart.com/proddetail/heavy-metal-iron-scrap-2849364033673.html,ferrous-metal-scrap,aligarh
"Aluminium Gray Radiator Scrap, For Melting, Size: Aluminum",₹125/ Kg,https://www.indiamart.com/proddetail/radiator-scrap-21770709462.html,ferrous-metal-scrap,aligarh
"Iron Scrap, For Metal Industry",₹42/ Kg,https://www.indiamart.com/proddetail/iron-scrap-16842188855.html,ferrous-metal-scrap,aligarh
"Aluminum Vehicle Radiator Scrap, For Automobile",₹145/ Kg,https://www.indiamart.com/proddetail/aluminum-vehicle-radiator-scrap-2850622367388.html,ferrous-metal-scrap,aligarh
HR Off Cut Scrape,₹54/ Kg,https://www.indiamart.com/nadim-scrap-traders/,ferrous-metal-scrap,aligarh
"Iron Offcut, For Metal Industry",Usage/Application:  Metal Industry,https://www.indiamart.com/proddetail/iron-offcut-19412007612.html,ferrous-metal-scrap,aligarh
Scrap,,https://www.indiamart.com/dayal-metal-company-aligarh/,ferrous-metal-scrap,aligarh
Scrap,Scrap,https://www.indiamart.com/tata-steel-center-aligarh/,ferrous-metal-scrap,aligarh
19 gauge iron scrap,₹53/ Kg,https://www.indiamart.com/gauraventerprises-70021262/,ferrous-metal-scrap,aligarh
Scrap,,https://www.indiamart.com/ms-sir-ji-scrap-traders/,ferrous-metal-scrap,aligarh
Iron Scraps 5,Iron Scraps 7,https://www.indiamart.com/nakul-traders-aligarh/,ferrous-metal-scrap,aligarh
Iron Scrap,,https://www.indiamart.com/himcolock-company/,ferrous-metal-scrap,aligarh
Iron Scrap,,https://www.indiamart.com/mohit-steels-aligarh/,ferrous-metal-scrap,aligarh
Iron Scrap,Iron Scrap,https://www.indiamart.com/shree-shiv-shakti-steels/,ferrous-metal-scrap,aligarh
Iron Powder Scraps,,https://www.indiamart.com/jerry-garments/,ferrous-metal-scrap,aligarh
Scrap,Iron Scrap,https://www.indiamart.com/amit-scrap-aligarh/,ferrous-metal-scrap,aligarh
Ferrous Waste,₹320/ Kg,https://www.indiamart.com/nisha-industries-aligarh/,ferrous-metal-scrap,aligarh
Cast Iron Scrap,₹200/ Kilogram,https://www.indiamart.com/new-muskan-enterprises/,ferrous-metal-scrap,aligarh
Cast Iron Scrap,₹500/ Kg,https://www.indiamart.com/roshni-steel-traders-aligarh/,ferrous-metal-scrap,aligarh
"Iron Sheet Cutting Scrap, For Foundry Industry",₹45/ Kg,https://www.indiamart.com/proddetail/iron-sheet-cutting-scrap-2851252399655.html,ferrous-metal-scrap,aligarh
GI Iron Scrap,₹51/ Kg,https://www.indiamart.com/ms-bhagwasia-enterprises/,ferrous-metal-scrap,aligarh
Iron Scrap,,https://www.indiamart.com/ms-kushal-trading-company/,ferrous-metal-scrap,aligarh
Iron Scrap,Iron Scrap,https://www.indiamart.com/ms-ns-india/,ferrous-metal-scrap,aligarh
Cast Iron Scraps,Iron Scrap,https://www.indiamart.com/ms-kcenterprises/,ferrous-metal-scrap,aligarh
Iron Scrap 2,Iron Scrap,https://www.indiamart.com/shriganeshenterprises-aligarh/,ferrous-metal-scrap,aligarh
Scrap,Scrap,https://www.indiamart.com/vijay-laxami-enterprises/,ferrous-metal-scrap,aligarh
Iron Scrap,Iron Scrap,https://www.indiamart.com/ms-arvind-brothers/,ferrous-metal-scrap,aligarh
Iron Crap,Iron Scrap,https://www.indiamart.com/ms-rktvk-scrap/,ferrous-metal-scrap,aligarh
Cast Iron Scraps,,https://www.indiamart.com/proddetail/cast-iron-scraps-2851559565273.html,ferrous-metal-scrap,amravati
Iron Scrap,₹60/ Tonne,https://www.sunriseequipt.com/,ferrous-metal-scrap,amravati
Iron Scrap,"₹1,500/ Tonne",https://www.indiamart.com/west-logistics/,ferrous-metal-scrap,amravati
Cast Iron Waste,₹80/ Kilogram,https://www.indiamart.com/khan-steel-amravati/,ferrous-metal-scrap,amravati
Ferrous Metal Scrap,"₹2,233/ Kg",https://www.indiamart.com/induconstruction-16442982/,ferrous-metal-scrap,amravati
Cast Iron Scraps,,https://www.indiamart.com/rizwaqn-traders/,ferrous-metal-scrap,amravati
scrap,,,ferrous-metal-scrap,amravati
Ferrous Metal Scrap,,https://www.indiamart.com/company/181030177/,ferrous-metal-scrap,amravati
Ferrous Scrap,,https://www.indiamart.com/company/158453700/,ferrous-metal-scrap,amravati
Ferrous Metal Scrap,,https://www.indiamart.com/company/181058575/,ferrous-metal-scrap,amravati
Iron Scrap,,https://www.indiamart.com/company/53306656/,ferrous-metal-scrap,amravati
Cast Iron Waste,,https://www.indiamart.com/company/69613602/,ferrous-metal-scrap,amravati
Cast Iron Scraps,,https://www.indiamart.com/company/158450641/,ferrous-metal-scrap,amravati
Cast Iron Waste,,https://www.indiamart.com/company/94758552/,ferrous-metal-scrap,amravati
Industrial Cast Iron Scraps,,https://www.indiamart.com/jai-bajrang-battery-house/,ferrous-metal-scrap,amravati
Ferrous Metal Scrap,,,ferrous-metal-scrap,amravati
Cast Iron Waste,,https://www.indiamart.com/company/20600544/,ferrous-metal-scrap,amravati
Cast Iron Waste,,https://www.indiamart.com/company/181036065/,ferrous-metal-scrap,amravati
Ferrous Scrap,,https://www.indiamart.com/company/181055276/,ferrous-metal-scrap,amravati
Iron Sheet Scrap,,https://www.indiamart.com/national-scrap-amravati/,ferrous-metal-scrap,amravati
Ferrous Metal Scrap,,https://www.indiamart.com/maharashtra-steel-achalpur/,ferrous-metal-scrap,amravati
Iron Scrap,,https://www.indiamart.com/ms-shri-govind-traders-ms-shri-govind-stone-industries/,ferrous-metal-scrap,amravati
Cast Iron Waste,,https://www.indiamart.com/company/83250335/,ferrous-metal-scrap,amravati
Cast Iron Scraps,,https://www.indiamart.com/company/158393804/,ferrous-metal-scrap,amravati
Ferrous Metal Scrap,,https://www.indiamart.com/hanzala-trading-company/,ferrous-metal-scrap,amravati
Ferrous Metal Scrap,,https://www.indiamart.com/sunsteel-amravati/,ferrous-metal-scrap,amravati
Iron Rod Scrap,,https://www.indiamart.com/kale-scrap-store/,ferrous-metal-scrap,amravati
Iron Scrap,,https://www.indiamart.com/yeshvant-concrete-products/,ferrous-metal-scrap,amravati
Iron Scrap,,https://www.indiamart.com/company/23304223/,ferrous-metal-scrap,almora
Ferrous Metal Scrap,,,ferrous-metal-scrap,almora
OLD USED MS RAIL,Tower Gi Angle Scrap,https://www.indiamart.com/utsav-steels/,ferrous-metal-scrap,asansol
Iron Scrap,Old Iron Scrap,https://www.indiamart.com/shree-vishnu-associates-asansol/,ferrous-metal-scrap,asansol
Ferrous Metal Scrap,₹205/ Kg,https://www.indiamart.com/dasenterprise-163306538/,ferrous-metal-scrap,asansol
Rail line Scrap,,https://www.indiamart.com/i-r-traders-asansol/,ferrous-metal-scrap,asansol
R60 Scrap,,https://www.indiamart.com/proddetail/r60-scrap-21928916373.html,ferrous-metal-scrap,asansol
Scrap Iron,Start Location:  All India,https://www.indiamart.com/proddetail/scrap-iron-19953164533.html,ferrous-metal-scrap,asansol
Iron Scrap,,https://www.indiamart.com/gp-entp-asansol/,ferrous-metal-scrap,asansol
Rail Scrap,Iron Scrap,https://www.indiamart.com/melodytonevoicecoil/,ferrous-metal-scrap,asansol
Ferrous Metal Scrap,Ferrous Scrap,https://www.indiamart.com/ms-jay-maa-baisno-devi-co/,ferrous-metal-scrap,asansol
Cast Iron Foundry Scrap,"₹51,000/ Metric Ton",https://www.indiamart.com/kr-enterprises-asansol/,ferrous-metal-scrap,asansol
"misc Ferrous / Iron Scrap, For Industrial","₹30,000/ Ton",https://www.indiamart.com/proddetail/ferrous-iron-scrap-21618984730.html,ferrous-metal-scrap,asansol
Iron Scrap Heavy Metal,₹18.5/ Kilogram,https://www.indiamart.com/saree-bazaar/,ferrous-metal-scrap,asansol
"Used Iron Scrap, For Metal Industry",₹24/ Kg,https://www.indiamart.com/company/89964638/,ferrous-metal-scrap,asansol
"Iron Scrap, For Plastic Industry",Usage/Application:  Plastic Industry,https://www.indiamart.com/skraf-palastic/,ferrous-metal-scrap,asansol
Cast Iron Scraps,,https://www.indiamart.com/company/38729034/,ferrous-metal-scrap,asansol
Ferrous Scrap,,https://www.indiamart.com/company/180779679/,ferrous-metal-scrap,asansol
Ferrous Metal Scrap,,https://www.indiamart.com/jai-maa-tara-enterprise-kulti/,ferrous-metal-scrap,asansol
Cast Iron Waste,,https://www.indiamart.com/company/11903434/,ferrous-metal-scrap,asansol
Ferrous Metal Scrap,,,ferrous-metal-scrap,asansol
Iron Scrap,,,ferrous-metal-scrap,asansol
Ferrous Metal Scrap,,https://www.indiamart.com/company/181206805/,ferrous-metal-scrap,asansol
Ferrous Metal Scrap,,https://www.indiamart.com/company/107818697/,ferrous-metal-scrap,asansol
Cast Iron Scraps,,https://www.indiamart.com/payel-enterprises-asansol/,ferrous-metal-scrap,asansol
Ferrous Metal Scrap,,https://www.indiamart.com/ms-kgn-enterprises-asansol/,ferrous-metal-scrap,asansol
Iron Scrap,,https://www.indiamart.com/company/118897977/,ferrous-metal-scrap,asansol
Scrap Iron Metal All Type Scrap,,https://www.indiamart.com/dk-interprise/,ferrous-metal-scrap,asansol
Ferrous Metal Scrap,,https://www.indiamart.com/company/54727786/,ferrous-metal-scrap,asansol
Scrap Iron,,https://www.indiamart.com/iron-screp-asansol/,ferrous-metal-scrap,asansol
