name,price,url,category,city
Natural Hot Washed PET Bottle Flake,₹60/ Kg,https://www.indiamart.com/proddetail/pet-bottle-flake-23633018497.html,pet-bottle-flake,ahmedabad
Loosely Packed Green PET Patti Waste,₹43/ Kg,https://www.indiamart.com/proddetail/green-pet-patti-waste-2850982655012.html,pet-bottle-flake,ahmedabad
"Natural Hot Washed pet flakes, Packaging Type: Plastic Bag, Packaging Size: 25 Kgs Bag",₹65/ Kg,https://www.indiamart.com/proddetail/pet-flakes-2849423130912.html,pet-bottle-flake,ahmedabad
"Pet Bottle Flakes, Packaging Type: Plastic Bag, Packaging Size: 25 Kg",Packaging Type:  Plastic Bag,https://www.indiamart.com/proddetail/pet-bottle-flakes-13815055055.html,pet-bottle-flake,ahmedabad
Natural Hot Washed Pet Flakes,₹50/ Kg,https://www.indiamart.com/proddetail/pet-flakes-2851775610812.html,pet-bottle-flake,ahmedabad
"Nexgen Plasstek Pet Preform PET Flakes, Pack Size: 25 Kg , for Making a pet preform","नेक्सजेन प्लास्टेक पेट प्रीफॉर्म पीईटी फ्लेक्स पैक: 25 kg, एक पालतू प्रीफॉर्म बनाने के लिए",https://www.indiamart.com/proddetail/pet-preform-flakes-20365315433.html,pet-bottle-flake,ahmedabad
Mixed Pet Bottles Flakes,₹18/ Kg,https://www.indiamart.com/proddetail/pet-bottles-flakes-15228874562.html,pet-bottle-flake,ahmedabad
Natural Hot Washed Pet Bottle Flakes,₹85/ Kg,https://www.indiamart.com/proddetail/pet-bottle-flakes-26561140662.html,pet-bottle-flake,ahmedabad
Pet Flakes,,https://www.indiamart.com/proddetail/pet-flakes-2403610333.html,pet-bottle-flake,ahmedabad
"PET Bottle Flakes, Packaging Type: Pp Bag",₹50/ Kg,https://www.indiamart.com/proddetail/pet-bottle-flakes-22605371030.html,pet-bottle-flake,ahmedabad
Milky White Pet Flakes,₹65/ Kg,https://www.indiamart.com/proddetail/pet-flakes-2850803046512.html,pet-bottle-flake,ahmedabad
Pet Flake,,https://www.indiamart.com/mahaveer-trading-surat/,pet-bottle-flake,ahmedabad
Clear Pet Flakes,,https://www.indiamart.com/stark-sales-service/,pet-bottle-flake,ahmedabad
LD Bottle Flakes,Blue Bottle Flakes,https://www.indiamart.com/hasti-polymer/,pet-bottle-flake,ahmedabad
Pet Flakes,,https://www.indiamart.com/yashri-tradelink/,pet-bottle-flake,ahmedabad
"Green Hot Washed Recycled PET Bottle Flakes G 2, Packaging Type: Plastic Bag, Packaging Size: 50 Kg",₹58/ Kilogram,https://www.indiamart.com/proddetail/recycled-pet-bottle-flakes-g-2-19219998412.html,pet-bottle-flake,ahmedabad
Milky White PET Bottle Flakes Scrap,₹55/ Kg,https://www.indiamart.com/proddetail/pet-bottle-flakes-scrap-21100751291.html,pet-bottle-flake,ahmedabad
Natural Pet Flakes,₹64/ Kg,https://www.indiamart.com/proddetail/pet-flakes-27095474830.html,pet-bottle-flake,ahmedabad
clear Hot Washed Pet Bottle Scrap,₹48/ Kg,https://www.indiamart.com/proddetail/pet-bottle-scrap-2851568495030.html,pet-bottle-flake,ahmedabad
"PET Bottle Flakes, For Bottles and Strapping",बोतल और स्ट्रैपिंग के लिए पीईटी बोतल फ्लेक्स,https://www.indiamart.com/proddetail/pet-bottle-flakes-19991270062.html,pet-bottle-flake,ahmedabad
"Airson White Pet Dana, For Industrial, Packaging Type: Bag",₹75/ Kg,https://www.indiamart.com/proddetail/white-pet-dana-24594475391.html,pet-bottle-flake,ahmedabad
Natural Pet fine,₹30/ Kg,https://www.indiamart.com/proddetail/pet-fine-24253671233.html,pet-bottle-flake,ahmedabad
"Pet Bottle Flake, Packaging Type: Plastic Bag, Packaging Size: 30-500 Kg",₹65/ Kilogram,https://www.indiamart.com/proddetail/pet-bottle-flake-20727930991.html,pet-bottle-flake,ahmedabad
Pet Bottle Powder,₹55/ Kg,https://www.indiamart.com/proddetail/pet-bottle-powder-2851091023630.html,pet-bottle-flake,ahmedabad
Milky White Unwashed PET Bottle Flake,₹62/ Kg,https://www.indiamart.com/proddetail/unwashed-pet-bottle-flake-2851358460162.html,pet-bottle-flake,ahmedabad
White Hot Washed Clear PET Flakes,₹54/ Kg,https://www.indiamart.com/proddetail/clear-pet-flakes-2851833980891.html,pet-bottle-flake,ahmedabad
Unwashed Green PET Bottle Flakes,₹56/ Kg,https://www.indiamart.com/proddetail/green-pet-bottle-flakes-2850424150955.html,pet-bottle-flake,ahmedabad
"Green PET Flake, Packaging Type: Plastic Bag, Packaging Size: 25 Kg",₹55/ Kg,https://www.indiamart.com/proddetail/green-pet-flake-23301605388.html,pet-bottle-flake,ahmedabad
Clear Pet Bottles Flakes,"₹3,000/ Kg",https://www.indiamart.com/sarvatipolitec-limited/,pet-bottle-flake,agra
Pet Bottle Flskes Buyres,,https://www.indiamart.com/s-n-bursh-and-all-products/,pet-bottle-flake,agra
Pet Bottle Flakes,,https://www.indiamart.com/h-s-wire-products/,pet-bottle-flake,agra
Pet Bottle Flake,,https://www.indiamart.com/k-r-plastics-works/,pet-bottle-flake,agra
Plastic Pet Bottle Flacks Seller,,https://www.indiamart.com/vijaya-ent/,pet-bottle-flake,agra
Flake PET Granules,₹80/ Kilogram,https://www.indiamart.com/proddetail/flake-pet-granules-20988380888.html,pet-bottle-flake,amritsar
Hot Washed Pet Flakes,,https://www.indiamart.com/om-india-amritsar/,pet-bottle-flake,amritsar
Pet Bottle Flakes,,https://www.indiamart.com/raman-pawan-kirana-store/,pet-bottle-flake,amritsar
Pet Flakes,,,pet-bottle-flake,amritsar
Plastic Chair Flakes,₹46/ Kg,https://www.indiamart.com/msr-industries-allahabad/,pet-bottle-flake,allahabad
Pet Flakes,,https://www.indiamart.com/vinay-plastic-allahabad/,pet-bottle-flake,allahabad
Plastic Bottles Flakes,,https://www.indiamart.com/ajay-wheat-center/,pet-bottle-flake,amroha
"Silver Cast Iron Scrap, For Metal Industry",₹48/ Kg,https://www.indiamart.com/proddetail/silver-cast-iron-scrap-27016372962.html,ferrous-metal-scrap,ahmedabad
"Ss 316 Shaded Foundary Scrap, For stainless steel",₹250/ Kilogram,https://www.indiamart.com/proddetail/ss-316-shaded-foundary-scrap-2849923694530.html,ferrous-metal-scrap,ahmedabad
"Cast Iron Turning Scrap, For Industrial","₹41,000/ Metric",https://www.indiamart.com/proddetail/cast-iron-turning-scrap-22005354091.html,ferrous-metal-scrap,ahmedabad
"Ms Saliya, Size: Etc",₹42.5/ Kg,https://www.indiamart.com/proddetail/ms-saliya-24062995973.html,ferrous-metal-scrap,ahmedabad
"Aluminium Radiator Scrap, For Melting",₹125/ Kg,https://www.indiamart.com/proddetail/aluminium-radiator-scrap-21464213091.html,ferrous-metal-scrap,ahmedabad
Non Ferrous Scrap Metal,"₹2,000/ Kg",https://www.indiamart.com/proddetail/non-ferrous-scrap-metal-2869281248.html,ferrous-metal-scrap,ahmedabad
Black LMS and HMS Loose Iron Scrap for Metal Industry,"₹42,000/ Metric",https://www.indiamart.com/proddetail/lms-and-hms-loose-iron-scrap-21799833188.html,ferrous-metal-scrap,ahmedabad
"Aluminium Radiator Scrap, For Metal Industry",₹110/ Kg,https://www.indiamart.com/proddetail/aluminium-radiator-scrap-23316274797.html,ferrous-metal-scrap,ahmedabad
"Iron Scrap, For Industrial",Usage/Application:  Industrial,https://www.indiamart.com/proddetail/iron-scrap-9289369055.html,ferrous-metal-scrap,ahmedabad
"Cast Iron Scraps, For Industries","₹39,000/ Tonne",https://www.indiamart.com/proddetail/cast-iron-scraps-2851011190888.html,ferrous-metal-scrap,ahmedabad
Metal Industry Cast Iron Scraps,₹24/ Kilogram,https://www.indiamart.com/proddetail/metal-industry-cast-iron-scraps-16836516748.html,ferrous-metal-scrap,ahmedabad
"Silver Aluminium Radiator Scrap, For Metal Industry",₹130/ Kg,https://www.indiamart.com/proddetail/silver-aluminium-radiator-scrap-2852157365612.html,ferrous-metal-scrap,ahmedabad
60 kg Used Rail Track,"₹30,000/ Tonne",https://www.indiamart.com/proddetail/60-kg-used-rail-track-19160430488.html,ferrous-metal-scrap,ahmedabad
"ALUMINIUM DIRTY REDIATOR SCRAP, For Metal Industry, 25 Kg",₹135/ Kg,https://www.indiamart.com/proddetail/aluminium-dirty-rediator-scrap-26083780062.html,ferrous-metal-scrap,ahmedabad
"Cast Iron Scrap, For Foundry Industry, 50 Kg","₹42,500/ Tonne",https://www.indiamart.com/proddetail/cast-iron-scrap-2850087393888.html,ferrous-metal-scrap,ahmedabad
"Cast Iron Scraps Hms 1, For Metal Industry",₹51/ Kg,https://www.indiamart.com/proddetail/cast-iron-scraps-hms-1-26408923173.html,ferrous-metal-scrap,ahmedabad
Iron Industrial Scrap,₹45/ Kg,https://www.indiamart.com/proddetail/iron-industrial-scrap-27130776312.html,ferrous-metal-scrap,ahmedabad
"Cast Iron Scrap, For Metal Industry",₹55/ Kg,https://www.indiamart.com/proddetail/cast-iron-scrap-26518090133.html,ferrous-metal-scrap,ahmedabad
"6 inch Iron Rail Scrap, For Casting",₹48/ Kg,https://www.indiamart.com/proddetail/6-inch-iron-rail-scrap-2851509902348.html,ferrous-metal-scrap,ahmedabad
Cast Iron Solid Scrap,"₹19,200/ Metric Ton",https://www.indiamart.com/proddetail/cast-iron-solid-scrap-12981434112.html,ferrous-metal-scrap,ahmedabad
"Hastelloy C276 Scrap, C276 Plates Scrap, C276 Solid Scrap, For Foundry Industry","₹1,800/ Kg",https://www.indiamart.com/proddetail/hastelloy-c276-scrap-c276-plates-scrap-c276-solid-scrap-2851551448812.html,ferrous-metal-scrap,ahmedabad
"Alloy 46 Scrap / NILO 46 Scrap / Pernifer 46 Scrap, For Casting","₹1,000/ Kg",https://www.indiamart.com/proddetail/alloy-46-scrap-nilo-46-scrap-pernifer-46-scrap-18503032462.html,ferrous-metal-scrap,ahmedabad
"Steel NEW RAIL A65, For Metal Industry",₹92/ Kg,https://www.indiamart.com/proddetail/new-rail-a65-2851745274491.html,ferrous-metal-scrap,ahmedabad
Industrial Iron Scrap,₹22/ Kg,https://www.indiamart.com/proddetail/industrial-iron-scrap-7331181912.html,ferrous-metal-scrap,ahmedabad
"Aluminium Clean Radiator Scrap, For Metal Industry",₹100/ Kg,https://www.indiamart.com/proddetail/aluminium-clean-radiator-scrap-27573267091.html,ferrous-metal-scrap,ahmedabad
Cast Iron Scrap,₹40/ Kg,https://www.indiamart.com/mharakhjisons/,ferrous-metal-scrap,ahmedabad
Super Invar 32 5 Scrap / Super Invar Scrap / Invar Scrap,₹340/ Kilogram,https://www.indiamart.com/proddetail/super-invar-32-5-scrap-super-invar-scrap-invar-scrap-11643046312.html,ferrous-metal-scrap,ahmedabad
Ferrous Steel Scrap,₹30/ Kilogram(s),https://www.indiamart.com/proddetail/ferrous-steel-scrap-4366425897.html,ferrous-metal-scrap,ahmedabad
"Aluminium Radiator Scrap, For Foundry Industry",₹140/ Kg,https://www.indiamart.com/proddetail/aluminium-radiator-scrap-2850031289333.html,ferrous-metal-scrap,agra
Black iron and steel Di Pipe Scrap,₹46/ Kg,https://www.indiamart.com/proddetail/di-pipe-scrap-2850267084773.html,ferrous-metal-scrap,agra
MS(IRON) Ferrous Metal Scrap,"₹35,000/ Ton",https://www.indiamart.com/proddetail/ferrous-metal-scrap-27509434048.html,ferrous-metal-scrap,agra
Iron Scrap,Usage/Application:  Any,https://www.indiamart.com/proddetail/iron-scrap-12200879312.html,ferrous-metal-scrap,agra
Cast Iron Scrap,₹50/ Kg,https://www.indiamart.com/tomarenterprises/,ferrous-metal-scrap,agra
Iron Scrap,Iron Scrap,https://www.indiamart.com/sarthi-enterprises-agra/,ferrous-metal-scrap,agra
Old Iron Scrap,Iron Scrap,https://www.indiamart.com/msaktraders-agra/,ferrous-metal-scrap,agra
Ferrous Metal Scrap,Ferrous Scrap,https://www.indiamart.com/m-k-g-n-traders/,ferrous-metal-scrap,agra
Old Iron Scrap,Iron Scrap,https://www.indiamart.com/rs-sales-agra/,ferrous-metal-scrap,agra
Radiator Scrap,,https://www.indiamart.com/company/11145419/,ferrous-metal-scrap,agra
Kandur Scrap,Kandur Crushed Scrap,https://www.indiamart.com/rahul-scrap-traders/,ferrous-metal-scrap,agra
Iron Scrap,Cast Iron Scrap,https://www.indiamart.com/company/142274994/,ferrous-metal-scrap,agra
Ms Iron,,https://www.indiamart.com/messors-bidhi-chand/,ferrous-metal-scrap,agra
Scraps,,https://www.indiamart.com/trivedi-international-agra/,ferrous-metal-scrap,agra
3 Number Scrapped,,https://www.indiamart.com/aarav-sawray-scrap-traders/,ferrous-metal-scrap,agra
Iron Scrap,Iron Scrapz,https://www.indiamart.com/laxmitraders-49112271/,ferrous-metal-scrap,agra
Old Iron Scrap,₹17/ Kilogram,https://www.indiamart.com/payal-entp-agra/,ferrous-metal-scrap,agra
"Iron Scrap, For Metal Industry, 50 Kg",₹30/ Kg,https://www.indiamart.com/proddetail/iron-scrap-26751078962.html,ferrous-metal-scrap,agra
Used Iron Scrap,₹40/ Kg,https://www.indiamart.com/ms-varsha-enterprises/,ferrous-metal-scrap,agra
Old Iron Scrap,"₹40,000/ Metric Ton",https://www.indiamart.com/ms-kamal-steel-traders/,ferrous-metal-scrap,agra
Ferrous Metal Scrap,Ferrous Scrap,https://www.indiamart.com/lucky-vicky-iron-store/,ferrous-metal-scrap,agra
Scrap,Scrap,https://www.indiamart.com/daksh-metal-traders/,ferrous-metal-scrap,agra
Ferrous Scrap,,https://www.indiamart.com/sohil-scrap/,ferrous-metal-scrap,agra
Radiator Jali,,https://www.indiamart.com/arjun-radiator/,ferrous-metal-scrap,agra
Iron Scrap,,https://www.indiamart.com/amar-transport-company-agra/,ferrous-metal-scrap,agra
Iron,,https://www.indiamart.com/national-chamicals/,ferrous-metal-scrap,agra
Ferrous Scrap,Cast Iron Scraps,https://www.indiamart.com/kothari-enterprises-agra/,ferrous-metal-scrap,agra
Iron Scrap,Iron Scrab,https://www.indiamart.com/mahadev-trading-company-agra/,ferrous-metal-scrap,agra
CI Scrap,"₹40,500/ Tonne",https://www.indiamart.com/proddetail/ci-scrap-19006300755.html,ferrous-metal-scrap,amritsar
Iron Sheet Scrap,,https://www.indiamart.com/jyotisteel-amritsar/,ferrous-metal-scrap,amritsar
Iron Scrap,,https://www.indiamart.com/mkcreations-amritsar/,ferrous-metal-scrap,amritsar
C I Scrap,₹46/ Kilogram,https://www.indiamart.com/om-prakashsons/,ferrous-metal-scrap,amritsar
Iron Scrap,,https://www.indiamart.com/mktrading-co-amritsar/,ferrous-metal-scrap,amritsar
Iron Scrap,,https://www.indiamart.com/shiv-shakti-iron-steel-co/,ferrous-metal-scrap,amritsar
Iron Scrap,,https://www.indiamart.com/ss-trading-co-amritsar/,ferrous-metal-scrap,amritsar
Iron Scrap,,https://www.indiamart.com/dev-raj-pawan/,ferrous-metal-scrap,amritsar
Iron Scrap,लोहे की रद्दी,https://www.indiamart.com/mahadev-traders-amritsar/,ferrous-metal-scrap,amritsar
Iron Scrap,Iron Scrap,https://www.indiamart.com/gupta-brothers-amritsar/,ferrous-metal-scrap,amritsar
Ferrous Metal Scrap,₹100/ Kg,https://www.indiamart.com/pardhan-steels/,ferrous-metal-scrap,amritsar
Old Iron Scrap,,https://www.indiamart.com/prs-enterprises-patti/,ferrous-metal-scrap,amritsar
Cast Iron Scrap,,https://www.indiamart.com/deepak-scrap-store/,ferrous-metal-scrap,amritsar
Iron Scrap,,https://www.indiamart.com/vaishno-iron-scrap-company/,ferrous-metal-scrap,amritsar
Iron Scrap,,https://www.indiamart.com/sohang-metals-amritsar/,ferrous-metal-scrap,amritsar
Ferrous Metal Scrap,,https://www.indiamart.com/company/127169615/,ferrous-metal-scrap,amritsar
Iron Scrap,,https://www.indiamart.com/diwakar-trading-co/,ferrous-metal-scrap,amritsar
Iron Scrap,,https://www.indiamart.com/cherry-ching-international/,ferrous-metal-scrap,amritsar
Ferrous Metal Scrap,,https://www.indiamart.com/naman-enterprises-amritsar/,ferrous-metal-scrap,amritsar
Cast Iron Scraps,,https://www.indiamart.com/company/146890429/,ferrous-metal-scrap,amritsar
Cast Iron Scraps,,https://www.indiamart.com/company/146917287/,ferrous-metal-scrap,amritsar
Old Waste Iron Scrap,,https://www.indiamart.com/karan-traders-amritsar/,ferrous-metal-scrap,amritsar
Cast Iron Waste,,https://www.indiamart.com/company/146888701/,ferrous-metal-scrap,amritsar
Steel Iron Scrap,,https://www.indiamart.com/skenterprises-41546960/,ferrous-metal-scrap,amritsar
Scrap,,https://www.indiamart.com/kamboj-builders/,ferrous-metal-scrap,amritsar
Ferrous Metal Scrap,,https://www.indiamart.com/company/59480696/,ferrous-metal-scrap,amritsar
Cast Iron Waste,,https://www.indiamart.com/company/8300074/,ferrous-metal-scrap,amritsar
Iron Scrap,,https://www.indiamart.com/company/18275366/,ferrous-metal-scrap,amritsar
Ferrous Metal Scrap,₹35/ Kg,https://www.indiamart.com/proddetail/ferrous-metal-scrap-25318250791.html,ferrous-metal-scrap,allahabad
"Pig Iron Scrap, For Foundry Industry","₹25,000/ Tonne",https://www.indiamart.com/proddetail/pig-iron-scrap-17746276655.html,ferrous-metal-scrap,allahabad
"Cast Iron Scrap, For Foundry Industry",₹45/ Kg,https://www.indiamart.com/proddetail/cast-iron-scrap-19154259530.html,ferrous-metal-scrap,allahabad
Scrap,₹450/ Kg,https://www.indiamart.com/vaishnav-electronics-and-metal-scrap/,ferrous-metal-scrap,allahabad
Iron Scrap,Iron Scrap,https://www.indiamart.com/ms-maa-vaishnav-traders/,ferrous-metal-scrap,allahabad
Iron Scrap,₹40/ Kg,https://www.indiamart.com/devansh-scarp-works/,ferrous-metal-scrap,allahabad
Scrap,₹50 Crore/ Tonne,https://www.indiamart.com/proddetail/scrap-25402295991.html,ferrous-metal-scrap,allahabad
Scrap,,https://www.indiamart.com/hindustan-scrap/,ferrous-metal-scrap,allahabad
All Type Of Scrap,,https://www.indiamart.com/rsm-medical-center/,ferrous-metal-scrap,allahabad
Ferrous Metal Scraps,Ferrous Metal Waste And Scrap,https://www.indiamart.com/company/117225220/,ferrous-metal-scrap,allahabad
Cast Scrap,,https://www.indiamart.com/niteshenterprises-prayagraj/,ferrous-metal-scrap,allahabad
Iron Scrap,,https://www.indiamart.com/shree-ram-enterprises-allahabad/,ferrous-metal-scrap,allahabad
Durmush,,https://www.indiamart.com/calcutta-hardware-stores-prayagraj/,ferrous-metal-scrap,allahabad
ferrous waste 2,Ferrous Waste,https://www.indiamart.com/transfer-technique/,ferrous-metal-scrap,allahabad
Scrap,Scrap,https://www.indiamart.com/mohitenterprises-prayagraj/,ferrous-metal-scrap,allahabad
Cast Iron Scrap,,https://www.indiamart.com/rudra-traders-prayagraj/,ferrous-metal-scrap,allahabad
Scrap Iron Plate,"₹49,000/ Tonne",https://www.indiamart.com/nitin-enterprises-prayagraj/,ferrous-metal-scrap,allahabad
Cast Iron Waste,Ferrous Scrap,https://www.indiamart.com/adenterprises-prayagraj/,ferrous-metal-scrap,allahabad
Iron Scrap,,https://www.indiamart.com/om-disposal-traders/,ferrous-metal-scrap,allahabad
Iron Scrap,,https://www.indiamart.com/jai-ma-kali-traders-allahabad/,ferrous-metal-scrap,allahabad
Iron Scrap,लोहे की रद्दी,https://www.indiamart.com/anantoolal/,ferrous-metal-scrap,allahabad
Iron Scrap,Iron Scrap,https://www.indiamart.com/jaiswal-tradersallahabad/,ferrous-metal-scrap,allahabad
All Types Iron Scrap,,https://www.indiamart.com/ms-meena-associates/,ferrous-metal-scrap,allahabad
Iron Scrap,,https://www.indiamart.com/ferrous-and-non-ferrous-scrap/,ferrous-metal-scrap,allahabad
Iron Scrap,,https://www.indiamart.com/magool-kirana-store/,ferrous-metal-scrap,allahabad
Cast Iron Scrap,,https://www.indiamart.com/meena-associates/,ferrous-metal-scrap,allahabad
Cast Iron Waste,,https://www.indiamart.com/vaishnavienterprises-24286093/,ferrous-metal-scrap,allahabad
Cast Iron Waste,,https://www.indiamart.com/company/146922246/,ferrous-metal-scrap,allahabad
"Aluminum Vehicle Radiator Scrap, For Automobile",₹145/ Kg,https://www.indiamart.com/proddetail/aluminum-vehicle-radiator-scrap-2850622367388.html,ferrous-metal-scrap,amroha
Iron Scrap,लोहे की रद्दी,https://www.indiamart.com/sami-and-sons-amroha/,ferrous-metal-scrap,amroha
scrap,Loha Scrap,https://www.indiamart.com/company/47472936/,ferrous-metal-scrap,amroha
Iron Scrap,Cast Iron Scrap,https://www.indiamart.com/nkm-infra-construction/,ferrous-metal-scrap,amroha
Iron Scrap,Radiator Scrap,https://www.indiamart.com/lsa-enterprises/,ferrous-metal-scrap,amroha
Iron Scrap,Radiator Scrap,https://www.indiamart.com/company/146135023/,ferrous-metal-scrap,amroha
Loha Scrap,₹39/ Kg,https://www.indiamart.com/malik-traders-dhanaura/,ferrous-metal-scrap,amroha
Loha Scrap,₹47/ Tonne,https://www.indiamart.com/malik-terders/,ferrous-metal-scrap,amroha
Iron Scrap,,https://www.indiamart.com/malik-traders-gajraula/,ferrous-metal-scrap,amroha
Iron Scrap,,https://www.indiamart.com/mk-electronics-electricals/,ferrous-metal-scrap,amroha
Iron Scrap,₹19/ Kilogram,https://www.indiamart.com/bharat-scrap-traders-gajraula/,ferrous-metal-scrap,amroha
Iron Scrap,लोहे की रद्दी,https://www.indiamart.com/proddetail/iron-scrap-3806090412.html,ferrous-metal-scrap,amroha
"Galvanised Iron Scrap, For Metal Industry, 25 Kg","₹1,000/ Tonne",https://www.indiamart.com/company/180024845/,ferrous-metal-scrap,amroha
Ferrous Metal Scrap,,https://www.indiamart.com/company/181582106/,ferrous-metal-scrap,amroha
Iron Scraps Materials,,https://www.indiamart.com/indian-scrap/,ferrous-metal-scrap,amroha
Ferrous Metal Scrap,,https://www.indiamart.com/company/49071730/,ferrous-metal-scrap,amroha
Ferrous Metal Scrap,,https://www.indiamart.com/veer-trading-company-gajraula/,ferrous-metal-scrap,amroha
Ferrous Waste,,https://www.indiamart.com/kanha-scrap/,ferrous-metal-scrap,amroha
Ferrous Metal Scrap,,https://www.indiamart.com/company/96928375/,ferrous-metal-scrap,amroha
MS Iron Scrap,,https://www.indiamart.com/mehdi-scrap-traders/,ferrous-metal-scrap,amroha
Ferrous Metal Scrap,,https://www.indiamart.com/saifi-sons-hasanpur/,ferrous-metal-scrap,amroha
Ferrous Metal Scrap,,https://www.indiamart.com/company/79708177/,ferrous-metal-scrap,amroha
Ferrous Metal Scrap,,https://www.indiamart.com/company/22159090/,ferrous-metal-scrap,amroha
Ferrous Metal Scrap,,https://www.indiamart.com/m-h-refrigeration-and-air-conditioning/,ferrous-metal-scrap,amroha
Ferrous Metal Scrap,,https://www.indiamart.com/company/181552276/,ferrous-metal-scrap,amroha
Ferrous Scrap,,https://www.indiamart.com/company/19133072/,ferrous-metal-scrap,amroha
Ferrous Metal Scrap,,https://www.indiamart.com/company/89165055/,ferrous-metal-scrap,amroha
Ferrous Metal Scrap,,https://www.indiamart.com/company/68357098/,ferrous-metal-scrap,amroha
