name,link,price,category
VARIOUS SIZES AND  GSM ROLLS OF MIX PLAS,https://www.plastic4trade.com/supplier/various-sizes-and--gsm-rolls-of-mix-plas/pp-rolls-mix-scrap-madrid-spain,₹ 300,pp
BLACK PP&GARYY PP DANA,https://www.plastic4trade.com/supplier/black-ppgaryy-pp-dana-1/pp-off-grade-injection-molding-gujarat-india,₹ 101,pp
PP BLACK GRANULES,https://www.plastic4trade.com/supplier/pp-black-granules-3/pp-off-grade-raffia-gujarat-india,₹ 70,pp
CANE CAPE,https://www.plastic4trade.com/supplier/cane-cape-2/pp-prime-virgin-injection-molding-punjab-india,₹ 8,pp
PP RAFFIA GRANULES,https://www.plastic4trade.com/supplier/pp-raffia-granules-2/pp-lumps-raffia-uttarakhand-india,₹ 35,pp
ALL TYPES PP DANA,https://www.plastic4trade.com/supplier/all-types-pp-dana-24/pp-reprocess-granule-injection-molding-rajasthan-india,₹ 65,pp
PP RAFFIA,https://www.plastic4trade.com/supplier/pp-raffia-11/pp-reprocess-granule-injection-molding-west-bengal-india,₹ 0,pp
COLOUR PP AND BLACK ABS,https://www.plastic4trade.com/supplier/colour-pp-and-black-abs/pp-scrap-mix-scrap-odisha-india,₹ 31,pp
ALL TYPES PP DANA,https://www.plastic4trade.com/supplier/all-types-pp-dana-22/pp-reprocess-granule-injection-molding-gujarat-india,₹ 53,pp
PP BLACK GRANULES,https://www.plastic4trade.com/supplier/pp-black-granules-2/pp-reprocess-granule-injection-molding-delhi-india,₹ 47,pp
PP BLACK GRANULES,https://www.plastic4trade.com/supplier/pp-black-granules-1/pp-reprocess-granule-injection-molding-delhi-india,₹ 47,pp
FILLER MASTERBATCH,https://www.plastic4trade.com/supplier/filler-masterbatch/pp-filler-raffia-gujarat-india,₹ 30,pp
PP RAFFIA BAG CEMENT,https://www.plastic4trade.com/supplier/pp-raffia-bag-cement/pp-rolls-raffia-karnataka-india,₹ 20,pp
COLOR SORTER,https://www.plastic4trade.com/supplier/color-sorter/pp-reprocess-granule-mix-scrap-tamil-nadu-india,$ 12500,pp
PP RAFIYA SCRAP,https://www.plastic4trade.com/supplier/pp-rafiya-scrap-1/pp-grinding-raffia-gujarat-india,₹ 30,pp
2000,https://www.plastic4trade.com/supplier/2000-2/pp-grinding-thermoforming-gondal-gujarat-india,$ 25,pp
PP JUMBO BAG GRANULES,https://www.plastic4trade.com/supplier/pp-jumbo-bag-granules-2/pp-reprocess-granule-pipe-haryana-india,₹ 50,pp
P P  DANA/GRANUALS,https://www.plastic4trade.com/supplier/p-p--danagranuals-1/pp-resin-injection-molding-thane-maharashtra-india,₹ 95,pp
PP POWDER MAMARI MIX,https://www.plastic4trade.com/supplier/pp-powder-mamari-mix/pp-powder-injection-molding-gujarat-india,₹ 77,pp
BLACK PP 100% TAIRAN FULL STRENGTH,https://www.plastic4trade.com/supplier/black-pp-100-tairan-full-strength-3/pp-rolls-mix-scrap-e,$ 250,pp
BLACK PP 100% TAIRAN FULL STRENGTH,https://www.plastic4trade.com/supplier/black-pp-100-tairan-full-strength-2/pp-reprocess-granule-injection-molding-uttar-pradesh-india,₹ 72,pp
BLACK PP 100% TAIRAN FULL STRENGTH,https://www.plastic4trade.com/supplier/black-pp-100-tairan-full-strength-1/pp-reprocess-granule-injection-molding-gujarat-india,₹ 51,pp
PP BLACK GRANULES,https://www.plastic4trade.com/supplier/pp-black-granules/pp-off-grade-film-grade-kamrej-gujarat-india,₹ 42,pp
PP FILLER LUMS,https://www.plastic4trade.com/supplier/pp-filler-lums/pp-lumps-raffia-gujarat-india,₹ 32,pp
PP NONWOVEN,https://www.plastic4trade.com/supplier/pp-nonwoven/pp-reprocess-granule-raffia-gujarat-india,₹ 38,pp
PP RAFFIYA,https://www.plastic4trade.com/supplier/pp-raffiya-1/pp-stock-lots-raffia-maharashtra-india,₹ 20,pp
BLACK PP,https://www.plastic4trade.com/supplier/black-pp-21/pp-reprocess-granule-blow-tamil-nadu-india,₹ 49,pp
PP DANA,https://www.plastic4trade.com/supplier/pp-dana-23/pp-reprocess-granule-blow-gujarat-india,₹ 52,pp
PP GRANULES,https://www.plastic4trade.com/supplier/pp-granules-53/pp-reprocess-granule-injection-molding-gujarat-india,₹ 50,pp
BLACK PP GRANULES,https://www.plastic4trade.com/supplier/black-pp-granules-1/pp-reprocess-granule-injection-molding-gujarat-india,₹ 50,pp
ALL  SCRAP,https://www.plastic4trade.com/supplier/all--scrap-11/pp-prime-virgin-injection-molding-tamil-nadu-india,₹ 120,pp
CURTAIN RING,https://www.plastic4trade.com/supplier/curtain-ring/pp-prime-virgin-injection-molding-gujarat-india,₹ 50,pp
N PP,https://www.plastic4trade.com/supplier/n-pp/pp-reprocess-granule-injection-molding-gujarat-india,₹ 76,pp
ALL TYPE PP/LDPE/HDPE SCRAP GRINDING,https://www.plastic4trade.com/supplier/all-type-ppldpehdpe-scrap-grinding-12/pp-grinding-injection-molding-gujarat-india,₹ 44,pp
GRANUELS  AND SCRAP,https://www.plastic4trade.com/supplier/granuels--and-scrap-2/pp-reprocess-granule-raffia-karnataka-india,₹ 58,pp
PP RAFFIA LUMPS,https://www.plastic4trade.com/supplier/pp-raffia-lumps-11/pp-lumps-roto-molding-maharashtra-india,₹ 123,pp
PP RAFFIA GRANULES,https://www.plastic4trade.com/supplier/pp-raffia-granules-1/pp-reprocess-granule-raffia-gujarat-india,₹ 48,pp
PLASTIC DANA PP,https://www.plastic4trade.com/supplier/plastic-dana-pp/pp-reprocess-granule-injection-molding-haryana-india,₹ 60,pp
PP DUBBAN MOLDING GREAD DANA AVAILABLE,https://www.plastic4trade.com/supplier/pp-dubban-molding-gread-dana-available/pp-reprocess-granule-injection-molding-maharashtra-india,₹ 30,pp
ALL TYPE PP SCRAP GRINDING,https://www.plastic4trade.com/supplier/all-type-pp-scrap-grinding-42/pp-grinding-mix-scrap-madhya-pradesh-india,₹ 35,pp
MIX PLASTIC SCRAP,https://www.plastic4trade.com/supplier/mix-plastic-scrap-10/pp-scrap-mix-scrap-madhya-pradesh-india,₹ 35,pp
ALL GRINDING,https://www.plastic4trade.com/supplier/all-grinding-3/pp-grinding-mix-scrap-maharashtra-india,₹ 35,pp
JAMBO,https://www.plastic4trade.com/supplier/jambo/pp-floor-sweeping-raffia-madhya-pradesh-india,₹ 27,pp
PP / PPCP,https://www.plastic4trade.com/supplier/pp--ppcp-1/pp-grinding-mix-scrap-chennai-tamil-nadu-india,₹ 50,pp
ALL TYPE PP/LDPE/HDPE SCRAP GRINDING,https://www.plastic4trade.com/supplier/all-type-ppldpehdpe-scrap-grinding-11/pp-reprocess-granule-injection-molding-uttar-pradesh-india,₹ 1,pp
PP SABUDANA,https://www.plastic4trade.com/supplier/pp-sabudana/pp-off-grade-injection-molding-gujarat-india,₹ 87,pp
PP RECYCLED GRANUELS DANA,https://www.plastic4trade.com/supplier/pp-recycled-granuels-dana-1/pp-reprocess-granule-blow-odisha-india,₹ 0,pp
COLOR PP,https://www.plastic4trade.com/supplier/color-pp-5/pp-reprocess-granule-injection-molding-madhya-pradesh-india,₹ 55,pp
COLOR PP,https://www.plastic4trade.com/supplier/color-pp-4/pp-reprocess-granule-injection-molding-madhya-pradesh-india,₹ 46,pp
PP GRANULES,https://www.plastic4trade.com/supplier/pp-granules-51/pp-reprocess-granule-injection-molding-gujarat-india,₹ 70,pp
PP GULLA,https://www.plastic4trade.com/supplier/pp-gulla-2/pp-scrap-raffia-daman-and-diu,₹ 30,pp
PP SCRAP IN TAPE ROLL FORM,https://www.plastic4trade.com/supplier/pp-scrap-in-tape-roll-form/pp-stock-lots-raffia-rajasthan-india,₹ 70,pp
PP VIRGIN,https://www.plastic4trade.com/supplier/pp-virgin-3/pp-prime-virgin-injection-molding-gujarat-india,₹ 89,pp
ALL TYPE PP SCRAP GRINDING,https://www.plastic4trade.com/supplier/all-type-pp-scrap-grinding-39/pp-grinding-injection-molding-odisha-india,₹ 28,pp
PP GRANULES,https://www.plastic4trade.com/supplier/pp-granules-50/pp-reprocess-granule-injection-molding-dadra-and-nagar-haveli-and-daman-and-diu-india,₹ 72,pp
POLYCARBONATE GRINDINGS INJECTION AND EXTRUSION GRADE,https://www.plastic4trade.com/supplier/polycarbonate-grindings-injection-and-extrusion-grade/pp-grinding-blow-madhya-pradesh-india,₹ 52,pp
ALL TYPE PP SCRAP GRINDING,https://www.plastic4trade.com/supplier/all-type-pp-scrap-grinding-38/pp-reprocess-granule-mix-scrap-maharashtra-india,₹ 46,pp
PP NON-WOVEN,https://www.plastic4trade.com/supplier/pp-non-woven-3/pp-prime-virgin-blow-madhya-pradesh-india,₹ 50,pp
PP RAFFIA,https://www.plastic4trade.com/supplier/pp-raffia-10/pp-reprocess-granule-raffia-bihar-india,₹ 45,pp
ALL TYPE PP/LDPE/HDPE SCRAP GRINDING,https://www.plastic4trade.com/supplier/all-type-ppldpehdpe-scrap-grinding-10/pp-mix-material-blow-rajasthan-india,₹ 85,pp
P P RAFFIA GULLA,https://www.plastic4trade.com/supplier/p-p-raffia-gulla-2/pp-grinding-raffia-tamil-nadu-india,₹ 35,pp
POLYPROPYLENE GRANULES,https://www.plastic4trade.com/supplier/polypropylene-granules-1/pp-prime-virgin-raffia-maharashtra-india,₹ 86,pp
NATURAL PP GRANULES,https://www.plastic4trade.com/supplier/natural-pp-granules-2/pp-reprocess-granule-injection-molding-punjab-india,₹ 72,pp
PP BROWN CHAIR GRANUALS,https://www.plastic4trade.com/supplier/pp-brown-chair-granuals/pp-reprocess-granule-injection-molding-punjab-india,₹ 33,pp
PP,https://www.plastic4trade.com/supplier/pp-39/pp-scrap-injection-molding-delhi-india,₹ 50,pp
PP BLACK,https://www.plastic4trade.com/supplier/pp-black-2/pp-scrap-mix-scrap-maharashtra-india,₹ 40,pp
PET LUMPS,https://www.plastic4trade.com/supplier/pet-lumps-5/pp-lumps-mix-scrap-gandhinagar-gujarat-india,₹ 150,pp
ALL TYPE PP SCRAP GRINDING,https://www.plastic4trade.com/supplier/all-type-pp-scrap-grinding-37/pp-scrap-injection-molding-delhi-india,₹ 85,pp
CP,https://www.plastic4trade.com/supplier/cp/pp-scrap-injection-molding-delhi-india,₹ 85,pp
PP NEXT TO VIRGIN GRANULES,https://www.plastic4trade.com/supplier/pp-next-to-virgin-granules-4/pp-reprocess-granule-injection-molding-gujarat-india,₹ 77,pp
PP RAFFIA GULLA,https://www.plastic4trade.com/supplier/pp-raffia-gulla/pp-lumps-raffia-dadra-and-nagar-haveli-and-daman-and-diu-india,₹ 30,pp
NPP,https://www.plastic4trade.com/supplier/npp/pp-scrap-injection-molding-delhi-india,₹ 85,pp
PP,https://www.plastic4trade.com/supplier/pp-38/pp-grinding-mix-scrap-bangladesh,$ 061,pp
ALL TYPES PP DANA,https://www.plastic4trade.com/supplier/all-types-pp-dana-17/pp-reprocess-granule-raffia-maharashtra-india,₹ 45,pp
PP MIX COLOR SCRAP,https://www.plastic4trade.com/supplier/pp-mix-color-scrap-1/pp-grinding-mix-scrap-gujarat-india,₹ 28,pp
PP ROLLS AND PP BAGS,https://www.plastic4trade.com/supplier/pp-rolls-and-pp-bags-1/pp-finish-goods-raffia-gujarat-india,₹ 100,pp
ALL TYPE PP SCRAP GRINDING,https://www.plastic4trade.com/supplier/all-type-pp-scrap-grinding-36/pp-scrap-mix-scrap-maharashtra-india,₹ 42,pp
ALL TYPE PP SCRAP GRINDING,https://www.plastic4trade.com/supplier/all-type-pp-scrap-grinding-34/pp-grinding-injection-molding-uttar-pradesh-india,₹ 35,pp
PP BLACK,https://www.plastic4trade.com/supplier/pp-black-1/pp-grinding-injection-molding-tamil-nadu-india,₹ 25,pp
SYRINGE GREY DANDI CUTTING RABBER MI,https://www.plastic4trade.com/supplier/syringe-grey-dandi-cutting-rabber-mi/pp-mix-material-mix-scrap-haryana-india,₹ 45,pp
PP DANA,https://www.plastic4trade.com/supplier/pp-dana-21/pp-filler-blow-gujarat-india,₹ 69,pp
BLACK PP,https://www.plastic4trade.com/supplier/black-pp-20/pp-filler-film-grade-gujarat-india,₹ 55,pp
PP BOROUGE RJ768MO,https://www.plastic4trade.com/supplier/pp-borouge-rj768mo/pp-prime-virgin-injection-molding-maharashtra-india,₹ 92,pp
WHITE PP NATURAL PP,https://www.plastic4trade.com/supplier/white-pp-natural-pp-1/pp-grinding-blow-haryana-india,₹ 22,pp
GRANUELS  AND SCRAP,https://www.plastic4trade.com/supplier/granuels--and-scrap-1/pp-grinding-injection-molding-karnataka-india,₹ 59,pp
DUNNAGE AIR BAG,https://www.plastic4trade.com/supplier/dunnage-air-bag/pp-stock-lots-raffia-gujarat-india,₹ 130,pp
PPHP BLACK,https://www.plastic4trade.com/supplier/pphp-black/pp-finish-goods-raffia-maharashtra-india,₹ 72,pp
PPCP BLACK,https://www.plastic4trade.com/supplier/ppcp-black-2/pp-finish-goods-mix-scrap-maharashtra-india,₹ 70,pp
WATER TANKS,https://www.plastic4trade.com/supplier/water-tanks-5/pp-off-grade-blow-rajasthan-india,₹ 2150,pp
PP OPAL MH13,https://www.plastic4trade.com/supplier/pp-opal-mh13/pp-prime-virgin-injection-molding-dadra-and-nagar-haveli-and-daman-and-diu-india,₹ 83,pp
PP RANDOM SRX100,https://www.plastic4trade.com/supplier/pp-random-srx100/pp-prime-virgin-injection-molding-dadra-and-nagar-haveli-and-daman-and-diu-india,₹ 96,pp
PP JUMBO GRINDING,https://www.plastic4trade.com/supplier/pp-jumbo-grinding/pp-grinding-mix-scrap-sihor-gujarat-india,₹ 2,pp
LUMPS (GULLA),https://www.plastic4trade.com/supplier/lumps-gulla-2/pp-lumps-raffia-haryana-india,₹ 28,pp
PP BLACK,https://www.plastic4trade.com/supplier/pp-black/pp-reprocess-granule-cable-,₹ 2,pp
PP / PPCP,https://www.plastic4trade.com/supplier/pp--ppcp/pp-grinding-mix-scrap-gujarat-india,₹ 00000,pp
POLYPROPYLENE GRANULES,https://www.plastic4trade.com/supplier/polypropylene-granules/pp-reprocess-granule-injection-molding-maharashtra-india,₹ 9,pp
PP LUMPS,https://www.plastic4trade.com/supplier/pp-lumps-17/pp-mix-material-mix-scrap-gujarat-india,₹ 1000,pp
MILKY PP,https://www.plastic4trade.com/supplier/milky-pp-2/pp-reprocess-granule-injection-molding-uttar-pradesh-india,₹ 80,pp
PP RECYCLED GRANUELS DANA,https://www.plastic4trade.com/supplier/pp-recycled-granuels-dana/pp-reprocess-granule-raffia-gujarat-india,₹ 45,pp
HD BLOW,https://www.plastic4trade.com/supplier/hd-blow-35/pp-scrap-blow-gujarat-india,₹ 62,pp
WATER TANKS,https://www.plastic4trade.com/supplier/water-tanks-3/pp-off-grade-injection-molding-haryana-india,₹ 2200,pp
PP JUMBO BAG GRANULES,https://www.plastic4trade.com/supplier/pp-jumbo-bag-granules-1/pp-reprocess-granule-mix-scrap-bhavnagar-gujarat-india,₹ 2,pp
PP BLACK JUMBO GRANULES,https://www.plastic4trade.com/supplier/pp-black-jumbo-granules/pp-reprocess-granule-raffia-dubai--united-arab-emirates,$ 615,pp
ALL PLASTIC,https://www.plastic4trade.com/supplier/all-plastic-39/pp-scrap-blow-rajasthan-india,₹ 65,pp
RECYCLED PP GRANULES,https://www.plastic4trade.com/supplier/recycled-pp-granules/pp-reprocess-granule-extrusion-pinehouse-canada,$ 800,pp
COLOUR PP,https://www.plastic4trade.com/supplier/colour-pp-8/pp-grinding-injection-molding-madhya-pradesh-india,₹ 1,pp
BLACK PP,https://www.plastic4trade.com/supplier/black-pp-19/pp-mix-material-mix-scrap-gujarat-india,₹ 38,pp
NATURAL PP GRANULES,https://www.plastic4trade.com/supplier/natural-pp-granules-1/pp-grinding-injection-molding-maharashtra-india,₹ 80,pp
PP AND LUMPS,https://www.plastic4trade.com/supplier/pp-and-lumps-3/pp-lumps-raffia-haryana-india,₹ 29,pp
ALL TYPE PP SCRAP GRINDING,https://www.plastic4trade.com/supplier/all-type-pp-scrap-grinding-29/pp-grinding-injection-molding-gujarat-india,₹ 48,pp
RAFYA SCARP,https://www.plastic4trade.com/supplier/rafya-scarp/pp-baled-raffia-andhra-pradesh-india,₹ 1,pp
PP AND LUMPS,https://www.plastic4trade.com/supplier/pp-and-lumps-2/pp-lumps-raffia-uttar-pradesh-india,₹ 31,pp
LUMPS (GULLA),https://www.plastic4trade.com/supplier/lumps-gulla-1/pp-lumps-raffia-uttar-pradesh-india,₹ 30,pp
COLOR PP REPROCESSED GRANULES,https://www.plastic4trade.com/supplier/color-pp-reprocessed-granules-10/pp-reprocess-granule-injection-molding-maharashtra-india,₹ 62,pp
BLACK PP&GARYY PP DANA,https://www.plastic4trade.com/supplier/black-ppgaryy-pp-dana/pp-reprocess-granule-injection-molding-maharashtra-india,₹ 32,pp
PP THANA,https://www.plastic4trade.com/supplier/pp-thana/pp-scrap-injection-molding-tamil-nadu-india,₹ 76,pp
ALL PLASTIC,https://www.plastic4trade.com/supplier/all-plastic-36/pp-mix-material-mix-scrap-uttar-pradesh-india,₹ 45,pp
RP PLASTIC SUTLI,https://www.plastic4trade.com/supplier/rp-plastic-sutli/pp-off-grade-raffia-gujarat-india,₹ 1,pp
COLOR PP,https://www.plastic4trade.com/supplier/color-pp-3/pp-grinding-injection-molding-rajasthan-india,₹ 31,pp
MIX PLASTIC SCRAP,https://www.plastic4trade.com/supplier/mix-plastic-scrap-7/pp-scrap-mix-scrap-gujarat-india,₹ 25,pp
HD. HM. LLDP,https://www.plastic4trade.com/supplier/hd-hm-lldp-8/pp-rolls-film-grade-dadra-and-nagar-haveli-and-daman-and-diu-india,₹ 110,pp
PP NEXT TO VIRGIN GRANULES,https://www.plastic4trade.com/supplier/pp-next-to-virgin-granules-3/pp-prime-virgin-injection-molding-daman-dadra-and-nagar-haveli-and-daman-and-diu-india,₹ 78,pp
LUMPS (GULLA),https://www.plastic4trade.com/supplier/lumps-gulla/pp-lumps-raffia-madhya-pradesh-india,₹ 26,pp
SEPERATE COLOUR P.P FLAKES,https://www.plastic4trade.com/supplier/seperate-colour-pp-flakes/pp-flacks-mix-scrap-gujarat-india,₹ 50,pp
ALL TYPE PP SCRAP GRINDING,https://www.plastic4trade.com/supplier/all-type-pp-scrap-grinding-27/pp-grinding-injection-molding-uttar-pradesh-india,₹ 56,pp
FRESH PP WASHING  BLUE,https://www.plastic4trade.com/supplier/fresh-pp-washing--blue/pp-mix-material-mix-scrap-uttar-pradesh-india,₹ 56,pp
SHORT BODY,https://www.plastic4trade.com/supplier/short-body/pp-prime-virgin-injection-molding-gujarat-india,₹ 13,pp
ALL TYPES PP DANA,https://www.plastic4trade.com/supplier/all-types-pp-dana-14/pp-reprocess-granule-raffia-uttar-pradesh-india,₹ 35,pp
SCRAP RAFIYA PP,https://www.plastic4trade.com/supplier/scrap-rafiya-pp-8/pp-scrap-injection-molding-maharashtra-india,₹ 19,pp
PP MOLDING,https://www.plastic4trade.com/supplier/pp-molding/pp-prime-virgin-injection-molding-bhavnagar-gujarat-india,₹ 1,pp
TFO ROLL,https://www.plastic4trade.com/supplier/tfo-roll/pp-prime-virgin-raffia-surat-gujarat-india,₹ 50,pp
PPCP GRANULES,https://www.plastic4trade.com/supplier/ppcp-granules-11/pp-off-grade-injection-molding-gujarat-india,₹ 94,pp
PP RAFFIA LUMPS,https://www.plastic4trade.com/supplier/pp-raffia-lumps-9/pp-lumps-raffia-maharashtra-india,₹ 25,pp
BLACK PP,https://www.plastic4trade.com/supplier/black-pp-18/pp-prime-virgin-injection-molding-maharashtra-india,₹ 51,pp
PP LUMPS,https://www.plastic4trade.com/supplier/pp-lumps-16/pp-lumps-raffia-gujarat-india,₹ 32,pp
SCRAP RAFIYA PP,https://www.plastic4trade.com/supplier/scrap-rafiya-pp-7/pp-scrap-raffia-uttar-pradesh-india,₹ 22,pp
PP RAFFIA PROCESS,https://www.plastic4trade.com/supplier/pp-raffia-process/pp-reprocess-granule-raffia-bhavnagar-gujarat-india,₹ 1,pp
ALL TYPE PP SCRAP GRINDING,https://www.plastic4trade.com/supplier/all-type-pp-scrap-grinding-26/pp-scrap-injection-molding-maharashtra-india,₹ 45,pp
PP BLCK,https://www.plastic4trade.com/supplier/pp-blck-3/pp-grinding-injection-molding-rajasthan-india,₹ 33,pp
PP,https://www.plastic4trade.com/supplier/pp-35/pp-reprocess-granule-raffia-gujarat-india,₹ 1,pp
ALL PLASTIC DANA,https://www.plastic4trade.com/supplier/all-plastic-dana-10/pp-prime-virgin-injection-molding-karnataka-india,₹ 60,pp
ALL TYPE PP SCRAP GRINDING,https://www.plastic4trade.com/supplier/all-type-pp-scrap-grinding-25/pp-grinding-mix-scrap-uttar-pradesh-india,₹ 35,pp
RAFFIA LUMPS,https://www.plastic4trade.com/supplier/raffia-lumps-3/pp-lumps-raffia-madhya-pradesh-india,₹ 30,pp
BLACK PP,https://www.plastic4trade.com/supplier/black-pp-17/pp-grinding-pipe-dubai-dubai--united-arab-emirates,$ 840,pp
"NYLON 6 NATURAL,MILKY, BLACK.",https://www.plastic4trade.com/supplier/nylon-6-naturalmilky-black/pp-prime-virgin-injection-molding-gujarat-india,₹ 104,pp
AYUSH JAIN,https://www.plastic4trade.com/supplier/ayush-jain/pp-mix-material-mix-scrap-maharashtra-india,₹ 82,pp
PP RAFFIA LUMPS & GRANULES,https://www.plastic4trade.com/supplier/pp-raffia-lumps--granules/pp-lumps-raffia-maharashtra-india,₹ 42,pp
NATURAL PP GRANULES,https://www.plastic4trade.com/supplier/natural-pp-granules/pp-reprocess-granule-injection-molding-karnataka-india,₹ 85,pp
COLOR PP REPROCESSED GRANULES,https://www.plastic4trade.com/supplier/color-pp-reprocessed-granules-9/pp-reprocess-granule-injection-molding-karnataka-india,₹ 53,pp
COLOR PP REPROCESSED GRANULES,https://www.plastic4trade.com/supplier/color-pp-reprocessed-granules-8/pp-reprocess-granule-injection-molding-karnataka-india,₹ 53,pp
COLOR PP REPROCESSED GRANULES,https://www.plastic4trade.com/supplier/color-pp-reprocessed-granules-7/pp-reprocess-granule-injection-molding-karnataka-india,₹ 53,pp
COLOR PP REPROCESSED GRANULES,https://www.plastic4trade.com/supplier/color-pp-reprocessed-granules-5/pp-reprocess-granule-injection-molding-karnataka-india,₹ 53,pp
PP RAFFIA GRADE GRANULES,https://www.plastic4trade.com/supplier/pp-raffia-grade-granules/pp-reprocess-granule-injection-molding-gujarat-india,₹ 50,pp
PP BLCK,https://www.plastic4trade.com/supplier/pp-blck-2/pp-grinding-injection-molding-gujarat-india,₹ 28,pp
BLACK PP,https://www.plastic4trade.com/supplier/black-pp-16/pp-reprocess-granule-injection-molding-telangana-india,₹ 38,pp
ALL TYPES PP DANA,https://www.plastic4trade.com/supplier/all-types-pp-dana-13/pp-prime-virgin-film-grade-gujarat-india,₹ 96,pp
ALL TYPE PP/HDPE SCRAP GRINDING,https://www.plastic4trade.com/supplier/all-type-pphdpe-scrap-grinding-12/pp-grinding-injection-molding--india,₹ 99,pp
PP GRAY,https://www.plastic4trade.com/supplier/pp-gray/pp-reprocess-granule-injection-molding-maharashtra-india,₹ 22,pp
CHAI CHHANNI & 1 LTR.MUG,https://www.plastic4trade.com/supplier/chai-chhanni--1-ltrmug/pp-prime-virgin-injection-molding-maharashtra-india,₹ 7,pp
PP SUTLI (DORI),https://www.plastic4trade.com/supplier/pp-sutli-dori/pp-off-grade-blow-gujarat-india,₹ 60,pp
BLACK PP CP GRANULES,https://www.plastic4trade.com/supplier/black-pp-cp-granules-5/pp-reprocess-granule-injection-molding-maharashtra-india,₹ 40,pp
PP RAFFIA GRANULES,https://www.plastic4trade.com/supplier/pp-raffia-granules/pp-reprocess-granule-raffia-shapar-gujarat-india,₹ 62,pp
BOPP WHITE GRANULES,https://www.plastic4trade.com/supplier/bopp-white-granules/pp-reprocess-granule-injection-molding-shapar-gujarat-india,₹ 95,pp
BOPP SUPER NATURAL,https://www.plastic4trade.com/supplier/bopp-super-natural/pp-reprocess-granule-injection-molding-shapar-gujarat-india,₹ 95,pp
ALL TYPES PP DANA,https://www.plastic4trade.com/supplier/all-types-pp-dana-12/pp-reprocess-granule-roto-molding-maharashtra-india,₹ 68,pp
BLACK PP,https://www.plastic4trade.com/supplier/black-pp-15/pp-reprocess-granule-injection-molding-maharashtra-india,₹ 55,pp
ALL TYPE PP SCRAP GRINDING,https://www.plastic4trade.com/supplier/all-type-pp-scrap-grinding-24/pp-grinding-roto-molding-kerala-india,₹ 50,pp
PP JUMBO DANA,https://www.plastic4trade.com/supplier/pp-jumbo-dana/pp-reprocess-granule-raffia-telangana-india,₹ 58,pp
PP AND LUMPS,https://www.plastic4trade.com/supplier/pp-and-lumps-1/pp-lumps-injection-molding-uttar-pradesh-india,₹ 32,pp
PP GRANULES,https://www.plastic4trade.com/supplier/pp-granules-44/pp-reprocess-granule-raffia-telangana-india,₹ 50,pp
RECYCLE PP POLYPROPYLENE,https://www.plastic4trade.com/supplier/recycle-pp-polypropylene/pp-scrap-injection-molding-jakarta-indonesia,$ 830,pp
BLACK PP,https://www.plastic4trade.com/supplier/black-pp-14/pp-reprocess-granule-injection-molding-maharashtra-india,₹ 22,pp
ALL TYPE PP SCRAP GRINDING,https://www.plastic4trade.com/supplier/all-type-pp-scrap-grinding-22/pp-scrap-raffia-rajasthan-india,₹ 100,pp
PP GRANULES,https://www.plastic4trade.com/supplier/pp-granules-43/pp-reprocess-granule-film-grade-maharashtra-india,₹ 60,pp
BLACK PP GRANULES,https://www.plastic4trade.com/supplier/black-pp-granules/pp-reprocess-granule-injection-molding-west-bengal-india,₹ 70,pp
PP LUMPS POST,https://www.plastic4trade.com/supplier/pp-lumps-post-4/pp-lumps-raffia-gujarat-india,₹ 31,pp
PP GREY GRANULES,https://www.plastic4trade.com/supplier/pp-grey-granules-1/pp-reprocess-granule-injection-molding-maharashtra-india,₹ 65,pp
PP GRANULES,https://www.plastic4trade.com/supplier/pp-granules-42/pp-reprocess-granule-injection-molding-telangana-india,₹ 41,pp
PPCP BLACK GRANULES,https://www.plastic4trade.com/supplier/ppcp-black-granules/pp-reprocess-granule-extrusion-gujarat-india,₹ 59,pp
MILKY PP GRANULES,https://www.plastic4trade.com/supplier/milky-pp-granules/pp-reprocess-granule-extrusion-gujarat-india,₹ 68,pp
ALL TYPES PP DANA,https://www.plastic4trade.com/supplier/all-types-pp-dana-10/pp-reprocess-granule-extrusion-gujarat-india,₹ 50,pp
WHITE PP SCRAP,https://www.plastic4trade.com/supplier/all-type-pp-scrap-grinding-5/pp-grinding-injection-molding-madhya-pradesh-india,₹ 33,pp
ALL TYPES PP DANA,https://www.plastic4trade.com/supplier/pp-natural-18/pp-grinding-injection-molding-maharashtra-india,₹ 91,pp
PP LUMPS,https://www.plastic4trade.com/supplier/pp-lumps-13/pp-lumps-raffia-gujarat-india,₹ 31,pp
NYLON 6 GLASS BLACK,https://www.plastic4trade.com/supplier/black-pp-6/pp-scrap-injection-molding-delhi-india,₹ 652,pp
DATA CABLE,https://www.plastic4trade.com/supplier/data-cable/pp-mix-material-cable-pakistan,$ 1,pp
PP GRANULES,https://www.plastic4trade.com/supplier/pp-granules-41/pp-reprocess-granule-injection-molding-gujarat-india,₹ 70,pp
CHAIR GRINDING,https://www.plastic4trade.com/supplier/chair-grinding-1/pp-grinding-extrusion-karnataka-india,₹ 38,pp
"BLACK PP , HDPE BLOW MOULDING",https://www.plastic4trade.com/supplier/black-pp--hdpe-blow-moulding-1/pp-grinding-injection-molding-uttar-pradesh-india,₹ 26,pp
COLOR PP,https://www.plastic4trade.com/supplier/color-pp-2/pp-reprocess-granule-injection-molding-telangana-india,₹ 58,pp
PP GRANULES,https://www.plastic4trade.com/supplier/pp-granules-40/pp-reprocess-granule-injection-molding-gujarat-india,₹ 35,pp
PP LUMPS GRINDING,https://www.plastic4trade.com/supplier/pp-lumps-grinding/pp-grinding-mix-scrap-gujarat-india,₹ 88,pp
ALL TYPE PP SCRAP GRINDING,https://www.plastic4trade.com/supplier/all-type-pp-scrap-grinding-21/pp-resin-injection-molding-cundinamarca-colombia,₹ 1,pp
PP MIILKY GRANULES,https://www.plastic4trade.com/supplier/pp-miilky-granules-1/pp-reprocess-granule-raffia-gujarat-india,₹ 69,pp
WHITE POLY,https://www.plastic4trade.com/supplier/white-poly/pp-reprocess-granule-extrusion-punjab-pakistan,₹ 88,pp
POLY,https://www.plastic4trade.com/supplier/poly/pp-reprocess-granule-extrusion-punjab-pakistan,₹ 73,pp
PP VIRGIN,https://www.plastic4trade.com/supplier/pp-virgin-2/pp-off-grade-blow-gujarat-india,₹ 97,pp
ALL TYPE PP SCRAP GRINDING,https://www.plastic4trade.com/supplier/all-type-pp-scrap-grinding-20/pp-reprocess-granule-injection-molding-dhaka-bangladesh,$ 950,pp
SAFTY CORNER AND ALL TYPE PLASTIC PRODUC,https://www.plastic4trade.com/supplier/safty-corner-and-all-type-plastic-produc/pp-reprocess-granule-raffia-gujarat-india,₹ 0045,pp
ANGURI GRANULES LDPE,https://www.plastic4trade.com/supplier/cement-bags-reprocessed-granuals/pp-reprocess-granule-raffia-karnataka-india,₹ 60,pp
PP GRINDING,https://www.plastic4trade.com/supplier/pp-grinding-14/pp-grinding-injection-molding-gujarat-india,₹ 46,pp
PP,https://www.plastic4trade.com/supplier/pp-33/pp-prime-virgin-injection-molding-gujarat-india,₹ 96,pp
ALL PLASTIC DANA,https://www.plastic4trade.com/supplier/all-plastic-dana-8/pp-mix-material-pipe-maharashtra-india,₹ 54,pp
MIX PLASTIC SCRAP,https://www.plastic4trade.com/supplier/mix-plastic-scrap-2/pp-grinding-mix-scrap-andhra-pradesh-india,₹ 30,pp
BROOMS HANDLE,https://www.plastic4trade.com/supplier/brooms-handle-3/pp-rolls-film-grade-telangana-india,$ 2004,pp
PLASTIC GRANULES,https://www.plastic4trade.com/supplier/plastic-granules-2/pp-reprocess-granule-injection-molding-madhya-pradesh-india,₹ 60,pp
PP GRINDING,https://www.plastic4trade.com/supplier/pp-grinding-13/pp-grinding-injection-molding-gujarat-india,₹ 29,pp
PP DANA,https://www.plastic4trade.com/supplier/pp-dana-20/pp-reprocess-granule-injection-molding-gujarat-india,₹ 88,pp
PP VIRGIN,https://www.plastic4trade.com/supplier/pp-virgin-1/pp-prime-virgin-injection-molding-maharashtra-india,₹ 108,pp
PP WHITE,https://www.plastic4trade.com/supplier/pp-white-1/pp-finish-goods-injection-molding-banten-indonesia,$ 1,pp
BLACK PP CP GRANULES,https://www.plastic4trade.com/supplier/black-pp-cp-granules-4/pp-reprocess-granule-injection-molding-telangana-india,₹ 45,pp
ABS GRANULES,https://www.plastic4trade.com/supplier/all-type-pp-scrap-grinding-4/pp-scrap-raffia-gujarat-india,₹ 40,pp
ALL PLASTIC DANA,https://www.plastic4trade.com/supplier/all-plastic-dana-7/pp-reprocess-granule-injection-molding-maharashtra-india,₹ 85,pp
RECYCLED PP,https://www.plastic4trade.com/supplier/recycled-pp/pp-resin-film-grade-bogura-bangladesh,£ 2900,pp
PP JUMBO BAGS SCRAP,https://www.plastic4trade.com/supplier/pp-jumbo-bags-scrap-6/pp-scrap-blow-gujarat-india,₹ 52,pp
REPROCESSED  GRANULES PP,https://www.plastic4trade.com/supplier/reprocessed--granules-pp/pp-reprocess-granule-injection-molding-odisha-india,₹ 43,pp
PP MONO FILAMENT YARN,https://www.plastic4trade.com/supplier/pp-mono-filament-yarn/pp-stock-lots-monofilament-gujarat-india,₹ 90,pp
MILKY PP LUMPS (GATHA),https://www.plastic4trade.com/supplier/milky-pp-lumps-gatha/pp-lumps-extrusion-gujarat-india,₹ 28,pp
PP AND LUMPS,https://www.plastic4trade.com/supplier/pp-and-lumps/pp-lumps-raffia-rajasthan-india,₹ 40,pp
BLACK ABS,https://www.plastic4trade.com/supplier/black-abs-4/pp-mix-material-mix-scrap-kerala-india,₹ 20,pp
PP LUMPS,https://www.plastic4trade.com/supplier/pp-lumps-12/pp-lumps-raffia-gujarat-india,₹ 36,pp
PP LUMPS,https://www.plastic4trade.com/supplier/pp-lumps-11/pp-lumps-raffia-gujarat-india,₹ 50,pp
PP GREY GRANULES,https://www.plastic4trade.com/supplier/pp-grey-granules/pp-reprocess-granule-injection-molding-maharashtra-india,₹ 9,pp
PP SILVER GRANULES,https://www.plastic4trade.com/supplier/pp-silver-granules/pp-reprocess-granule-injection-molding-maharashtra-india,₹ 9,pp
WALL PLUG,https://www.plastic4trade.com/supplier/wall-plug/pp-prime-virgin-injection-molding-chhattisgarh-india,₹ 25,pp
PP PROCESS GRANULES,https://www.plastic4trade.com/supplier/pp-process-granules-2/pp-reprocess-granule-injection-molding-maharashtra-india,₹ 90,pp
ALL TYPES PP DANA,https://www.plastic4trade.com/supplier/all-types-pp-dana-8/pp-grinding-raffia-maharashtra-india,₹ 45,pp
ALL PLASTIC,https://www.plastic4trade.com/supplier/all-plastic-24/pp-reprocess-granule-injection-molding-madhya-pradesh-india,₹ 80,pp
PP MIILKY GRANULES,https://www.plastic4trade.com/supplier/pp-miilky-granules/pp-reprocess-granule-injection-molding-maharashtra-india,₹ 9,pp
PP BAG,https://www.plastic4trade.com/supplier/pp-bag-10/pp-scrap-raffia-gujarat-india,₹ 25,pp
PP DANA,https://www.plastic4trade.com/supplier/pp-dana-19/pp-reprocess-granule-raffia-gujarat-india,₹ 50,pp
PP RAFFIA WASHING,https://www.plastic4trade.com/supplier/pp-raffia-washing/pp-grinding-raffia-andhra-pradesh-india,₹ 28,pp
BROWN PAPER PRINT,https://www.plastic4trade.com/supplier/brown-paper-print/pp-reprocess-granule-injection-molding-delhi-india,₹ 55,pp
PAPER PP DANA,https://www.plastic4trade.com/supplier/paper-pp-dana/pp-reprocess-granule-injection-molding-delhi-india,₹ 68,pp
COLOR PP,https://www.plastic4trade.com/supplier/color-pp/pp-reprocess-granule-injection-molding-delhi-india,₹ 90,pp
CEP,https://www.plastic4trade.com/supplier/cep-2/pp-grinding-film-grade-gujarat-india,₹ 55,pp
MILKY PP,https://www.plastic4trade.com/supplier/milky-pp-1/pp-reprocess-granule-blow-pinehouse-canada,$ 800,pp
PP NON-WOVEN,https://www.plastic4trade.com/supplier/pp-non-woven-2/pp-reprocess-granule-injection-molding-gujarat-india,₹ 1,pp
PP GRANULES,https://www.plastic4trade.com/supplier/pp-granules-36/pp-reprocess-granule-injection-molding-shirpur-maharashtra-india,₹ 55,pp
RAFFIA SCRAP,https://www.plastic4trade.com/supplier/raffia-scrap/pp-baled-raffia-karnataka-india,₹ 25,pp
PP BLCK,https://www.plastic4trade.com/supplier/pp-blck-1/pp-reprocess-granule-injection-molding-gujarat-india,₹ 38,pp
CHAIR GRINDING,https://www.plastic4trade.com/supplier/chair-grinding/pp-grinding-injection-molding-gujarat-india,₹ 46,pp
PP RAFFIA LUMPS,https://www.plastic4trade.com/supplier/pp-raffia-lumps-10/pp-lumps-raffia-tamil-nadu-india,₹ 40,pp
PP RAFFIA LUMPS,https://www.plastic4trade.com/supplier/pp-raffia-lumps-10/pp-lumps-raffia-maharashtra-india,₹ 30,pp
PP GRANULES,https://www.plastic4trade.com/supplier/pp-granules-35/pp-reprocess-granule-extrusion-gujarat-india,$ 80,pp
AGARBATHI COVERS,https://www.plastic4trade.com/supplier/agarbathi-covers/pp-finish-goods-film-grade-karnataka-india,₹ 149,pp
ALL TYPE PP/HDPE SCRAP GRINDING,https://www.plastic4trade.com/supplier/all-type-pphdpe-scrap-grinding-11/pp-scrap-injection-molding-west-bengal-india,₹ 28,pp
ALL TYPE PP/LDPE/HDPE SCRAP GRINDING,https://www.plastic4trade.com/supplier/all-type-ppldpehdpe-scrap-grinding-5/pp-scrap-injection-molding-west-bengal-india,₹ 30,pp
SANITARY COMPONENTS,https://www.plastic4trade.com/supplier/sanitary-components/pp-prime-virgin-injection-molding-gujarat-india,₹ 1,pp
GRANULES LD,https://www.plastic4trade.com/supplier/granules-ld-1/pp-prime-virgin-injection-molding-haryana-india,₹ 500,pp
PP GRANULES,https://www.plastic4trade.com/supplier/pp-granules-33/pp-reprocess-granule-injection-molding-telangana-india,₹ 43,pp
PP GRINDING,https://www.plastic4trade.com/supplier/pp-grinding-12/pp-flacks-mix-scrap-maharashtra-india,₹ 36,pp
PPCP BLACK,https://www.plastic4trade.com/supplier/ppcp-black/pp-reprocess-granule-mix-scrap-tamil-nadu-india,₹ 55,pp
MASTERBATCH,https://www.plastic4trade.com/supplier/masterbatch-1/pp-prime-virgin-injection-molding-maharashtra-india,₹ 300,pp
PP BAG,https://www.plastic4trade.com/supplier/pp-bag-9/pp-prime-virgin-film-grade-uttar-pradesh-india,₹ 1,pp
PP WOVEN BAG,https://www.plastic4trade.com/supplier/pp-woven-bag-2/pp-prime-virgin-raffia-gujarat-india,₹ 12,pp
PP WOVEN BAG,https://www.plastic4trade.com/supplier/pp-25/pp-stock-lots-roto-molding-tamil-nadu-india,₹ 58,pp
BLACK PP CP GRANULES,https://www.plastic4trade.com/supplier/black-pp-cp-granules-2/pp-reprocess-granule-injection-molding-maharashtra-india,₹ 75,pp
WOVEN BAG,https://www.plastic4trade.com/supplier/woven-bag/pp-finish-goods-raffia-gujarat-india,₹ 10,pp
PLASTIC,https://www.plastic4trade.com/supplier/plastic-6/pp-grinding-injection-molding-madhya-pradesh-india,₹ 70,pp
PP FILTER,https://www.plastic4trade.com/supplier/pp-filter/pp-scrap-extrusion-tamil-nadu-india,₹ 25,pp
PP RAFIYA LUMPS,https://www.plastic4trade.com/supplier/pp-rafiya-lumps/pp-lumps-injection-molding-gujarat-india,₹ 32,pp
PP GRANULES,https://www.plastic4trade.com/supplier/pp-granules-32/pp-reprocess-granule-injection-molding-undefined-undefined-oman,$ 640,pp
PP GRANULES,https://www.plastic4trade.com/supplier/pp-granules-31/pp-reprocess-granule-injection-molding--india,₹ 100,pp
M12RR,https://www.plastic4trade.com/supplier/m12rr/pp-prime-virgin-injection-molding-karnataka-india,₹ 105,pp
PLASTIC CLEANING PRODUCTS,https://www.plastic4trade.com/supplier/plastic-cleaning-products/pp-floor-sweeping-injection-molding-delhi-india,₹ 15,pp
SCRAP PP JUMBO BAG,https://www.plastic4trade.com/supplier/scrap-pp-jumbo-bag/pp-baled-blow-gujarat-india,₹ 63,pp
PP GRANULES,https://www.plastic4trade.com/supplier/pp-granules-30/pp-reprocess-granule-film-grade-gujarat-india,₹ 95,pp
JUMBO,https://www.plastic4trade.com/supplier/jumbo/pp-finish-goods-raffia-gujarat-india,₹ 500,pp
PP LUMPS,https://www.plastic4trade.com/supplier/pp-lumps-9/pp-lumps-raffia-maharashtra-india,₹ 35,pp
HD PP POWDER,https://www.plastic4trade.com/supplier/hd-pp-powder-1/pp-powder-monofilament-gujarat-india,₹ 74,pp
MILKY PP,https://www.plastic4trade.com/supplier/milky-pp/pp-scrap-blow-gujarat-india,₹ 50,pp
PP RAFFIA LUMPS,https://www.plastic4trade.com/supplier/pp-raffia-lumps-8/pp-lumps-raffia-karnataka-india,₹ 29,pp
PP DANA,https://www.plastic4trade.com/supplier/pp-dana-16/pp-prime-virgin-injection-molding-sindh-pakistan,$ 100,pp
ALL TYPE PP SCRAP GRINDING,https://www.plastic4trade.com/supplier/all-type-pp-scrap-grinding-13/pp-prime-virgin-film-grade-haryana-india,₹ 95,pp
BLACK PP DUBBAN DANA,https://www.plastic4trade.com/supplier/black-pp-dubban-dana-1/pp-grinding-mix-scrap-gujarat-india,₹ 40,pp
PP,https://www.plastic4trade.com/supplier/pp-28/pp-reprocess-granule-extrusion-gujarat-india,₹ 78,pp
PP TERAN DANA,https://www.plastic4trade.com/supplier/pp-teran-dana/pp-reprocess-granule-injection-molding-maharashtra-india,₹ 52,pp
PP SCREP,https://www.plastic4trade.com/supplier/pp-screp-2/pp-grinding-mix-scrap-tamil-nadu-india,₹ 55,pp
ALL PLASTIC SCRAP,https://www.plastic4trade.com/supplier/all-plastic-scrap-3/pp-scrap-raffia-karnataka-india,₹ 58,pp
PP DANA,https://www.plastic4trade.com/supplier/pp-dana-15/pp-reprocess-granule-injection-molding-gujarat-india,₹ 66,pp
BLACK PP,https://www.plastic4trade.com/supplier/black-pp-9/pp-reprocess-granule-roto-molding-uttar-pradesh-india,₹ 60,pp
ALL PLASTIC,https://www.plastic4trade.com/supplier/all-plastic-20/pp-scrap-mix-scrap-kerala-india,₹ 5,pp
PS GRANULES,https://www.plastic4trade.com/supplier/all-type-ppldpehdpe-scrap-grinding-4/pp-reprocess-granule-raffia-gujarat-india,₹ 85,pp
PP LUMPS,https://www.plastic4trade.com/supplier/pp-lumps-6/pp-lumps-injection-molding-gujarat-india,₹ 28,pp
PP GULLA,https://www.plastic4trade.com/supplier/pp-gulla/pp-lumps-raffia-haryana-india,₹ 32,pp
ALL PLASTIC,https://www.plastic4trade.com/supplier/all-plastic-32/pp-grinding-blow-delhi-india,₹ 40,pp
RAFIYA PP GRAY LUMPS,https://www.plastic4trade.com/supplier/rafiya-pp-gray-lumps/pp-lumps-injection-molding-gujarat-india,₹ 35,pp
FREIGHT FORWARDING COMPANY,https://www.plastic4trade.com/supplier/freight-forwarding-company/pp-mix-material-blow-maharashtra-india,₹ 1,pp
PP LUMPS,https://www.plastic4trade.com/supplier/pp-lumps-7/pp-lumps-raffia-punjab-india,₹ 26,pp
HD PP POWDER,https://www.plastic4trade.com/supplier/hd-pp-powder/pp-off-grade-monofilament-gujarat-india,₹ 1,pp
PP LUMPS,https://www.plastic4trade.com/supplier/pp-lumps-4/pp-lumps-raffia-haryana-india,₹ 26,pp
PP RAFFIYA DANA,https://www.plastic4trade.com/supplier/pp-raffiya-dana-5/pp-reprocess-granule-raffia-west-bengal-india,₹ 35,pp
PP + CHAIR MIX GRANULES,https://www.plastic4trade.com/supplier/pp-+-chair-mix-granules/pp-reprocess-granule-injection-molding-maharashtra-india,₹ 35,pp
PP GULLA,https://www.plastic4trade.com/supplier/pp-gulla-1/pp-lumps-injection-molding-maharashtra-india,₹ 30,pp
ALL TYPE PP SCRAP GRINDING,https://www.plastic4trade.com/supplier/all-type-pp-scrap-grinding-10/pp-grinding-injection-molding-tamil-nadu-india,₹ 44,pp
BLACK PP,https://www.plastic4trade.com/supplier/black-pp-8/pp-grinding-mix-scrap--india,₹ 25,pp
PP BAG,https://www.plastic4trade.com/supplier/pp-bag-8/pp-scrap-raffia-tamil-nadu-india,₹ 25,pp
PP PROCESS GRANULES,https://www.plastic4trade.com/supplier/pp-process-granules-1/pp-reprocess-granule-raffia-dadra-and-nagar-haveli,₹ 65,pp
PP GRANULES,https://www.plastic4trade.com/supplier/pp-granules-7/pp-reprocess-granule-raffia-gujarat-india,₹ 65,pp
P.P RAFFIA SCRAP,https://www.plastic4trade.com/supplier/pp-raffia-scrap/pp-baled-raffia-rajasthan-india,₹ 20,pp
ALL TYPES PP DANA,https://www.plastic4trade.com/supplier/all-types-pp-dana-4/pp-reprocess-granule-injection-molding-gujarat-india,₹ 98,pp
PP HDPE BAGS,https://www.plastic4trade.com/supplier/pp-hdpe-bags/pp-finish-goods-film-grade-odisha-india,₹ 138,pp
ALL SCRAP PALSTIC,https://www.plastic4trade.com/supplier/all-scrap-palstic-3/pp-grinding-roto-molding-gujarat-india,₹ 40,pp
PP DANA,https://www.plastic4trade.com/supplier/pp-dana-14/pp-prime-virgin-injection-molding-maharashtra-india,₹ 49,pp
PP,https://www.plastic4trade.com/supplier/pp-27/pp-grinding-blow-haryana-india,₹ 60,pp
PLASTIC BOBIN CONE DISC,https://www.plastic4trade.com/supplier/plastic-bobin-cone-disc/pp-reprocess-granule-injection-molding-maharashtra-india,₹ 2,pp
BLACK PP,https://www.plastic4trade.com/supplier/black-pp-7/pp-mix-material-mix-scrap-tamil-nadu-india,₹ 30,pp
ALL TYPE PP SCRAP GRINDING,https://www.plastic4trade.com/supplier/all-type-pp-scrap-grinding-12/pp-scrap-mix-scrap-telangana-india,₹ 50000,pp
PP RAFFIA LUMPS,https://www.plastic4trade.com/supplier/pp-raffia-lumps-7/pp-lumps-raffia-punjab-india,₹ 35,pp
PP GRINDING,https://www.plastic4trade.com/supplier/pp-grinding-11/pp-grinding-injection-molding-gujarat-india,₹ 76,pp
P.P RAFFIA SCRAP,https://www.plastic4trade.com/supplier/pp-raffia-scrap-1/pp-lumps-raffia-punjab-india,₹ 30,pp
WHITE PP RAFFIA LUMPS,https://www.plastic4trade.com/supplier/white-pp-raffia-lumps/pp-lumps-injection-molding-gujarat-india,₹ 30,pp
PP RAFFIA LUMPS,https://www.plastic4trade.com/supplier/pp-raffia-lumps-6/pp-lumps-injection-molding-gujarat-india,₹ 32,pp
PP,https://www.plastic4trade.com/supplier/pp-26/pp-grinding-mix-scrap-uttar-pradesh-india,₹ 89,pp
PP BAG,https://www.plastic4trade.com/supplier/pp-bag-5/pp-finish-goods-film-grade-west-bengal-india,₹ 19,pp
ALL TYPE PP SCRAP GRINDING,https://www.plastic4trade.com/supplier/all-type-pp-scrap-grinding-8/pp-grinding-mix-scrap-rajasthan-india,₹ 50,pp
BLACK PPCP,https://www.plastic4trade.com/supplier/black-ppcp-1/pp-prime-virgin-injection-molding-maharashtra-india,₹ 85,pp
PP PROCESS GRANULES,https://www.plastic4trade.com/supplier/pp-process-granules/pp-reprocess-granule-injection-molding-maharashtra-india,₹ 87,pp
PP GRANULES,https://www.plastic4trade.com/supplier/pp-granules-28/pp-reprocess-granule-injection-molding-karnataka-india,₹ 55,pp
BLACK PP DANA,https://www.plastic4trade.com/supplier/black-pp-dana-4/pp-reprocess-granule-injection-molding-maharashtra-india,₹ 65,pp
PP MILKY WHITE GRANULES,https://www.plastic4trade.com/supplier/pp-milky-white-granules-7/pp-grinding-pipe-chandigarh-india,₹ 75,pp
PP AND LUMPS & GRANULES,https://www.plastic4trade.com/supplier/pp-and-lumps--granules/pp-reprocess-granule-injection-molding-gujarat-india,₹ 45,pp
PP RAFFIA LUMPS,https://www.plastic4trade.com/supplier/pp-raffia-lumps-3/pp-lumps-injection-molding-gujarat-india,₹ 30,pp
PP RAFFIYA DANA,https://www.plastic4trade.com/supplier/pp-raffiya-dana-3/pp-prime-virgin-raffia-gujarat-india,₹ 95,pp
PP RAFFIA,https://www.plastic4trade.com/supplier/pp-raffia-4/pp-prime-virgin-raffia-chhattisgarh-india,₹ 25,pp
PET MATKA DISPENSER 10 LITRE,https://www.plastic4trade.com/supplier/hd-reprocess-granul-2/pp-rolls-blow-jharkhand-india,₹ 100,pp
HDPE TARPAULINE,https://www.plastic4trade.com/supplier/scrap-rafiya-pp/pp-baled-mix-scrap-karnataka-india,₹ 13,pp
PLASTIC SUTLI,https://www.plastic4trade.com/supplier/all-type-pp-scrap-grinding-3/pp-grinding-injection-molding-gujarat-india,₹ 28,pp
PVC STABILIZER,https://www.plastic4trade.com/supplier/pp-granules-27/pp-prime-virgin-injection-molding-gujarat-india,₹ 101,pp
HDPE PALLET REGRIND,https://www.plastic4trade.com/supplier/anti-moisture-powder/pp-additives-extrusion-gujarat-india,₹ 14,pp
PP RAFFIYA DANA,https://www.plastic4trade.com/supplier/pp-raffiya-dana-1/pp-prime-virgin-raffia-maharashtra-india,₹ 90,pp
HOT WASHED PET FLAKES,https://www.plastic4trade.com/supplier/pp-woven-fabric/pp-rolls-film-grade-india,₹ 90,pp
PP WOVEN FABRIC,https://www.plastic4trade.com/supplier/pp-woven-fabric/pp-rolls-raffia-rajasthan-india,₹ 70,pp
COLOUR PP,https://www.plastic4trade.com/supplier/colour-pp-2/pp-reprocess-granule-injection-molding-maharashtra-india,₹ 1,pp
PLASTC SUTLI,https://www.plastic4trade.com/supplier/next-to-virgin-granules-2/pp-finish-goods-blow-maharashtra-india,₹ 74,pp
PP,https://www.plastic4trade.com/supplier/pp-22/pp-reprocess-granule-injection-molding-gujarat-india,₹ 75,pp
ALL PLASTIC DANA,https://www.plastic4trade.com/supplier/all-plastic-dana-9/pp-grinding-raffia-rajasthan-india,₹ 10,pp
ALL PLASTIC DANA,https://www.plastic4trade.com/supplier/all-plastic-dana-9/pp-grinding-raffia-rajasthan-india,₹ 80,pp
ACRYLIC SCRAP,https://www.plastic4trade.com/supplier/all-palstick-dana-2/pp-grinding-injection-molding-gujarat-india,₹ 80,pp
PP,https://www.plastic4trade.com/supplier/pp-19/pp-reprocess-granule-injection-molding-west-bengal-india,₹ 75,pp
PP WOVEN BAG,https://www.plastic4trade.com/supplier/pp-raffia-lumps-2/pp-lumps-injection-molding-haryana-india,₹ 20,pp
PLASTIC RAW MATERIALS,https://www.plastic4trade.com/supplier/agriculture-fittings/pp-off-grade-injection-molding-gujarat-india,₹ 20,pp
HALDIA 6401,https://www.plastic4trade.com/supplier/all-types-pp-dana-1/pp-finish-goods-injection-molding--india,₹ 70,pp
BLACK PP DANA,https://www.plastic4trade.com/supplier/pp-dana-12/pp-rolls-raffia-bihar-india,₹ 55,pp
BLACK PP DANA,https://www.plastic4trade.com/supplier/pp-and-pe-lumps--granules-1/pp-grinding-injection-molding-tamil-nadu-india,₹ 75,pp
"L.D ,P.P, H.D LLDP",https://www.plastic4trade.com/supplier/pp-next-to-virgin-granules-1/pp-reprocess-granule-injection-molding-gujarat-india,₹ 95,pp
"L.D ,P.P, H.D LLDP",https://www.plastic4trade.com/supplier/all-plastic-14/pp-prime-virgin-injection-molding-gujarat-india,₹ 2,pp
PVC SOFT CABLE REGRIND,https://www.plastic4trade.com/supplier/pp-milky-white-granules-6/pp-reprocess-granule-raffia-gujarat-india,₹ 62,pp
BLACK ABS,https://www.plastic4trade.com/supplier/granules-2/pp-reprocess-granule-raffia-karnataka-india,₹ 00,pp
PP MILKY WHITE GRANULES AND RED GRANULES,https://www.plastic4trade.com/supplier/pp-milky-white-granules-and-red-granules/pp-reprocess-granule-blow-karnataka-india,₹ 0,pp
DRUM BLUE GRINDING,https://www.plastic4trade.com/supplier/battery-tray/pp-finish-goods-injection-molding-delhi-india,₹ 300,pp
BLACK PP DANA,https://www.plastic4trade.com/supplier/pp-and-pe-lumps--granules/pp-lumps-extrusion-gandhidham-gujarat-india,₹ 45,pp
ALL PLASTIC,https://www.plastic4trade.com/supplier/all-types-pp-dana/pp-reprocess-granule-injection-molding-karnataka-india,₹ 0,pp
HDPE,https://www.plastic4trade.com/supplier/plastic-lumps/pp-lumps-raffia-gujarat-india,₹ 41,pp
HD GRINDING,https://www.plastic4trade.com/supplier/pp-granules-26/pp-reprocess-granule-blow-gujarat-india,₹ 55,pp
PVC PIPE GRINDING,https://www.plastic4trade.com/supplier/all-type-pphdpe-scrap-grinding-7/pp-lumps-raffia-rajasthan-india,₹ 36,pp
RCE 333,https://www.plastic4trade.com/supplier/rce-333/pp-off-grade-injection-molding-gujarat-india,₹ 98,pp
BEE FEEDER,https://www.plastic4trade.com/supplier/next-to-virgin-granules-3/pp-reprocess-granule-raffia-gujarat-india,₹ 72,pp
HDPE GRANULES,https://www.plastic4trade.com/supplier/black-pp-3/pp-grinding-injection-molding-gujarat-india,₹ 32,pp
P FORM,https://www.plastic4trade.com/supplier/pp-screp-1/pp-scrap-injection-molding-gujarat-india,₹ 00,pp
HDPE BLOWING GRADE REPROCESS GRANULES,https://www.plastic4trade.com/supplier/plastc-sutli-1/pp-finish-goods-monofilament-gujarat-india,₹ 50,pp
ABS SCRAP,https://www.plastic4trade.com/supplier/abs-scrap-6/pp-reprocess-granule-raffia-gujarat-india,₹ 60,pp
DRIP PIPE,https://www.plastic4trade.com/supplier/pp-milky-white-granules-5/pp-reprocess-granule-raffia-gujarat-india,₹ 63,pp
HDPE BLUE DRUM GRINDING,https://www.plastic4trade.com/supplier/natural-abs-granules-2/pp-prime-virgin-pipe-gujarat-india,₹ 120,pp
GPPS,https://www.plastic4trade.com/supplier/google/pp-prime-virgin-pipe-gujarat-india,₹ 135,pp
SABIC LDPE 118,https://www.plastic4trade.com/supplier/pp-granules-23/pp-reprocess-granule-injection-molding-gujarat-india,₹ 50,pp
PVC RESIN SUSPENSION,https://www.plastic4trade.com/supplier/pp-granules-22/pp-reprocess-granule-raffia-gujarat-india,₹ 45,pp
PET BOTTLES BALES,https://www.plastic4trade.com/supplier/mug-1/pp-prime-virgin-injection-molding-gujarat-india,₹ 500,pp
PLASTIC HOUSEHOLD PRODUCT,https://www.plastic4trade.com/supplier/all-granules/pp-reprocess-granule-raffia-gujarat-india,₹ 65,pp
LLDPE,https://www.plastic4trade.com/supplier/pp-yellow-1/pp-prime-virgin-film-grade-kaliganj-upazila-bangladesh,₹ 90,pp
PP DANA AND PVC SWR PIPE,https://www.plastic4trade.com/supplier/pp-dana-7/pp-filler-raffia-gujarat-india,₹ 60,pp
"L.D ,P.P, H.D LLDP",https://www.plastic4trade.com/supplier/plastic-lunch-box/pp-finish-goods-injection-molding-india,₹ 80,pp
PLASTIC LUNCH BOX,https://www.plastic4trade.com/supplier/plastic-lunch-box/pp-prime-virgin-blow-gujarat-india,₹ 60,pp
PP WOVEN BAG,https://www.plastic4trade.com/supplier/pp-woven-bag-1/pp-rolls-raffia-west-bengal-india,₹ 130,pp
PP,https://www.plastic4trade.com/supplier/pp-granules-21/pp-reprocess-granule-injection-molding-andhra-pradesh-india,₹ 49,pp
BOPP ROLLS,https://www.plastic4trade.com/supplier/black-pp-1/pp-reprocess-granule-injection-molding-gujarat-india,₹ 55,pp
HDPE CRATE SCRAP,https://www.plastic4trade.com/supplier/pp-granules-20/pp-reprocess-granule-injection-molding-gujarat-india,₹ 80,pp
HDPE BLOWING GRADE REPROCESS GRANULES,https://www.plastic4trade.com/supplier/hdpe-rope/pp-prime-virgin-raffia-gujarat-india,₹ 140,pp
PET BOTTLE CRUSH,https://www.plastic4trade.com/supplier/pp-next-to-virgin-granules-2/pp-reprocess-granule-raffia-gujarat-india,₹ 62,pp
PET BOTTLES BALES,https://www.plastic4trade.com/supplier/pp-dana-3/pp-lumps-raffia-gujarat-india,₹ 40,pp
PLASTIC,https://www.plastic4trade.com/supplier/pp-grea--black-marun-dana/pp-reprocess-granule-injection-molding-maharashtra-india,₹ 45,pp
RASSA,https://www.plastic4trade.com/supplier/rassa/pp-rolls-raffia-rajasthan-india,₹ 65,pp
PLASTIC MACHINE AND BEVERAGES PLANT,https://www.plastic4trade.com/supplier/knife/pp-prime-virgin-injection-molding-gujarat-india,₹ 10,pp
ACRYLIC,https://www.plastic4trade.com/supplier/plastic-lums/pp-lumps-raffia-gujarat-india,₹ 41,pp
PP LUMPS,https://www.plastic4trade.com/supplier/pp-lumps-2/pp-lumps-injection-molding-madhya-pradesh-india,₹ 1,pp
PP GRINDING,https://www.plastic4trade.com/supplier/pp-grinding-6/pp-grinding-injection-molding-maharashtra-india,₹ 39,pp
PLASTIC GRANUALS,https://www.plastic4trade.com/supplier/red-natural/pp-finish-goods-injection-molding-delhi-india,₹ 95,pp
PLASTIC GRANUALS,https://www.plastic4trade.com/supplier/pp-yellow/pp-reprocess-granule-injection-molding--india,₹ 85,pp
HD BLOW,https://www.plastic4trade.com/supplier/all-type-ppldpehdpe-scrap-grinding-2/pp-prime-virgin-injection-molding-rajasthan-india,₹ 85,pp
HD GRINDING,https://www.plastic4trade.com/supplier/pp-natural-15/pp-reprocess-granule-injection-molding-gujarat-india,₹ 80,pp
"L.D ,P.P, H.D LLDP",https://www.plastic4trade.com/supplier/plastc-sutli/pp-lumps-raffia-tamil-nadu-india,₹ 56,pp
PP WHITE CHAIR CRUSH REGRIND,https://www.plastic4trade.com/supplier/pp-raffia/pp-baled-raffia-maharashtra-india,₹ 15,pp
LDPE FILM GRADE,https://www.plastic4trade.com/supplier/ldpe-film-grade-4/pp-reprocess-granule-injection-molding-madhya-pradesh-india,₹ 65,pp
PP WOVEN BAG,https://www.plastic4trade.com/supplier/pp-woven-bag/pp-finish-goods-raffia-gujarat-india,₹ 100,pp
PPCP,https://www.plastic4trade.com/supplier/plastic-grinding-5/pp-grinding-roto-molding-uttar-pradesh-india,₹ 28,pp
HD PIPES,https://www.plastic4trade.com/supplier/pp-welding-rods/pp-prime-virgin-extrusion-gujarat-india,₹ 170,pp
NATURAL ABS GRANULES,https://www.plastic4trade.com/supplier/plastic-grinding-4/pp-grinding-injection-molding-gujarat-india,₹ 38,pp
PP DANA,https://www.plastic4trade.com/supplier/pp-dana/pp-reprocess-granule-injection-molding-gujarat-india,₹ 45,pp
TEXTILES AND ZARI JARI BOBBINS AND ACCES,https://www.plastic4trade.com/supplier/textiles-and-zari-jari-bobbins-and-acces/pp-prime-virgin-injection-molding-gujarat-india,₹ 10,pp
PP ROLLS AND PP BAGS,https://www.plastic4trade.com/supplier/4*4-virgin-junction-box/pp-prime-virgin-injection-molding-gujarat-india,₹ 15,pp
ABS GRANULES,https://www.plastic4trade.com/supplier/pp-dhana-and--pp-powder/pp-prime-virgin-injection-molding-maharashtra-india,₹ 66,pp
VISION,https://www.plastic4trade.com/supplier/pp-random/pp-prime-virgin-injection-molding-maharashtra-india,₹ 85,pp
ABS SCRAP,https://www.plastic4trade.com/supplier/abs-scrap-3/pp-lumps-raffia-gujarat-india,₹ 42,pp
GUNNY BAGS,https://www.plastic4trade.com/supplier/rafiya-pp/pp-scrap-raffia-maharashtra-india,₹ 21,pp
SPECIALITY ENHANCER,https://www.plastic4trade.com/supplier/pp-raffia-lumps-1/pp-grinding-raffia-maharashtra-india,₹ 24,pp
NYLON 66 BLACK UNFILLED,https://www.plastic4trade.com/supplier/all-type-pphdpe-scrap-grinding-5/pp-grinding-injection-molding-gujarat-india,₹ 50,pp
LD REPROCESS GREUNALS,https://www.plastic4trade.com/supplier/hdpe-and-pp-dana/pp-reprocess-granule-injection-molding--india,₹ 52,pp
SCRAP PP JUMBO BAG,https://www.plastic4trade.com/supplier/all-type-pphdpe-scrap-grinding-4/pp-grinding-injection-molding-maharashtra-india,₹ 55,pp
PP GRANULES,https://www.plastic4trade.com/supplier/colour-pp-1/pp-reprocess-granule-raffia-gujarat-india,₹ 1,pp
TARPAULIN,https://www.plastic4trade.com/supplier/colour-pp/pp-reprocess-granule-injection-molding-uttar-pradesh-india,₹ 70,pp
PP,https://www.plastic4trade.com/supplier/black-ppcp/pp-reprocess-granule-injection-molding-uttar-pradesh-india,₹ 50,pp
PP DANA AND PVC SWR PIPE,https://www.plastic4trade.com/supplier/black-pp/pp-grinding-injection-molding-gujarat-india,₹ 42,pp
COURIER BAGS,https://www.plastic4trade.com/supplier/all-type-pphdpe-scrap-grinding-3/pp-scrap-raffia-uttarakhand-india,₹ 55,pp
PLASTIC GRANULES,https://www.plastic4trade.com/supplier/patti-grinding/pp-grinding-film-grade-maharashtra-india,₹ 34,pp
BLUE DRUM DANA,https://www.plastic4trade.com/supplier/pp-granules-17/pp-reprocess-granule-injection-molding-gujarat-india,₹ 59,pp
SABIC,https://www.plastic4trade.com/supplier/pp-roll-2/pp-finish-goods-raffia-gujarat-india,₹ 68,pp
PLASTIC SCRAP,https://www.plastic4trade.com/supplier/plastic-scrap-3/pp-reprocess-granule-injection-molding-uttar-pradesh-india,₹ 200,pp
PLASTIC HOUSEHOLD PRODUCT,https://www.plastic4trade.com/supplier/plastic-household-product/pp-resin-injection-molding-rajasthan-india,₹ 40,pp
WAIPAR,https://www.plastic4trade.com/supplier/pp-granules-15/pp-reprocess-granule-roto-molding-gujarat-india,₹ 80,pp
"CARBON, MASTERBATCH, PIGMENT, TITANIUM, MOISTURE POWDER, WAX, OB,OB1",https://www.plastic4trade.com/supplier/pp-20/pp-prime-virgin-film-grade-satkhira-bangladesh,₹ 63,pp
PET FLAKES RECYCLING COLD WACHED,https://www.plastic4trade.com/supplier/natural-polystyrene-1/pp-off-grade-injection-molding-uttar-pradesh-india,₹ 95,pp
PLASTIC GRANULES,https://www.plastic4trade.com/supplier/pp-grinding-8/pp-grinding-injection-molding-gujarat-india,₹ 67,pp
PP GRANULES,https://www.plastic4trade.com/supplier/pp-granules-10/pp-prime-virgin-injection-molding-gujarat-india,₹ 115,pp
PP GRANULES,https://www.plastic4trade.com/supplier/pp-granules-9/pp-prime-virgin-injection-molding-gujarat-india,₹ 104,pp
LDPE NATURAL,https://www.plastic4trade.com/supplier/ldpe-natural-3/pp-reprocess-granule-raffia-gujarat-india,₹ 65,pp
PP GRANULES,https://www.plastic4trade.com/supplier/pp-milky-white-granules-3/pp-reprocess-granule-injection-molding-karnataka-india,₹ 68,pp
PET BOTTLES BALES,https://www.plastic4trade.com/supplier/polypropylene-copolymer/pp-grinding-injection-molding-sindh-pakistan,$ 30,pp
BOPP ROLLS,https://www.plastic4trade.com/supplier/pp-granules-14/pp-off-grade-film-grade-delhi-india,₹ 100,pp
ALL PLASTIC,https://www.plastic4trade.com/supplier/ld-filler-2/pp-scrap-pipe-gujarat-india,₹ 90,pp
PP,https://www.plastic4trade.com/supplier/black-pp-dana-2/pp-grinding-blow-maharashtra-india,₹ 55,pp
RAFFIA LUMPS,https://www.plastic4trade.com/supplier/raffia-lumps/pp-prime-virgin-injection-molding-gujarat-india,₹ 25,pp
REPROCESS PET GRANULES,https://www.plastic4trade.com/supplier/pp-bucket-scrap/pp-baled-blow-barcelona-catalonia-spain,€ 500,pp
PVC,https://www.plastic4trade.com/supplier/pp-granules-13/pp-prime-virgin-raffia-karnataka-india,₹ 100,pp
PVC,https://www.plastic4trade.com/supplier/plastic-bee-feeder/pp-prime-virgin-injection-molding-haryana-india,₹ 45,pp
RIGID PVC PIPES,https://www.plastic4trade.com/supplier/plastic-pp-dori-1/pp-mix-material-extrusion-loralai-pakistan,$ 30,pp
FLEXO PRINTED BAGS,https://www.plastic4trade.com/supplier/flexo-printed-bags/pp-finish-goods-film-grade-rajasthan-india,₹ 150,pp
PP LUMPS,https://www.plastic4trade.com/supplier/pp-lumps-1/pp-lumps-raffia-maharashtra-india,₹ 35,pp
PP GRANULES,https://www.plastic4trade.com/supplier/pp-granules-4/pp-reprocess-granule-film-grade-bihar-india,₹ 75,pp
BLACK PP DANA,https://www.plastic4trade.com/supplier/black-pp-dana/pp-reprocess-granule-injection-molding--india,₹ 36,pp
HDPE BLOWING GRADE REPROCESS GRANULES,https://www.plastic4trade.com/supplier/pp-bag/pp-stock-lots-injection-molding-madhya-pradesh-india,₹ 28,pp
LD AMUL DAIRY MATERIAL PRINTING,https://www.plastic4trade.com/supplier/pp-raffiya-dana/pp-reprocess-granule-raffia-rajasthan-india,₹ 50,pp
UPVC (WHITE PLUMBING),https://www.plastic4trade.com/supplier/brouge-hoe444np/pp-off-grade-injection-molding-gujarat-india,₹ 98,pp
HDPE BLOWING GRADE REPROCESS GRANULES,https://www.plastic4trade.com/supplier/bottle-1/pp-mix-material-extrusion-punjab-pakistan,$ 1,pp
PET FLAKES,https://www.plastic4trade.com/supplier/pp-grinding-5/pp-grinding-injection-molding-gujarat-india,₹ 93,pp
PVC RESIN SUSPENSION,https://www.plastic4trade.com/supplier/black-pp-dubban-dana/pp-reprocess-granule-injection-molding-maharashtra-india,₹ 38,pp
PVC RESIN SUSPENSION,https://www.plastic4trade.com/supplier/black-pp-dana-1/pp-reprocess-granule-raffia-maharashtra-india,₹ 50,pp
TEST PRODUCT,https://www.plastic4trade.com/supplier/plastic-rolls/pp-rolls-injection-molding-gujarat-india,₹ 35,pp
PLASTIC JAR,https://www.plastic4trade.com/supplier/bobbin/pp-rolls-injection-molding-gujarat-india,₹ 100,pp
PP GRINDING,https://www.plastic4trade.com/supplier/pp-granules-12/pp-reprocess-granule-raffia-tamil-nadu-india,₹ 65,pp
LLDPE,https://www.plastic4trade.com/supplier/raffiya-lumps/pp-lumps-raffia-maharashtra-india,₹ 31,pp
AQEEL SYED,https://www.plastic4trade.com/supplier/pp-12/pp-rolls-blow-gujarat-india,₹ 22,pp
LDPE REPROCESS GRANULES,https://www.plastic4trade.com/supplier/pp-non-woven-1/pp-filler-injection-molding-gujarat-india,₹ 35,pp
PP ROLL,https://www.plastic4trade.com/supplier/pp-roll-1/pp-rolls-film-grade-maharashtra-india,₹ 96,pp
PVC CABLE REGRIND,https://www.plastic4trade.com/supplier/pp-granules-5/pp-prime-virgin-injection-molding-dhaka-bangladesh,$ 8063,pp
PP GRANULES,https://www.plastic4trade.com/supplier/pp-granules-46/pp-off-grade-raffia-gujarat-india,₹ 93,pp
MASTERBATCH,https://www.plastic4trade.com/supplier/masterbatch-2/pp-masterbatch-injection-molding-rajasthan-india,₹ 90,pp
MASTERBATCH,https://www.plastic4trade.com/supplier/masterbatch-2/pp-masterbatch-injection-molding-maharashtra-india,₹ 300,pp
HD REPROCESS GRANULS,https://www.plastic4trade.com/supplier/demo/pp-rolls-extrusion-gujarat-india,₹ 000,pp
LDPE REPROCESS GRANULES,https://www.plastic4trade.com/supplier/pp-grinding-3/pp-grinding-injection-molding-tamil-nadu-india,₹ 42,pp
DANA,https://www.plastic4trade.com/supplier/dana-1/pp-off-grade-blow-maharashtra-india,₹ 100,pp
HDPE GRANULES,https://www.plastic4trade.com/supplier/pp-grinding-2/pp-grinding-roto-molding-dombivli-maharashtra,₹ 65,pp
PP LOOSE,https://www.plastic4trade.com/supplier/pp-granules-3/pp-reprocess-granule-injection-molding-delhi-india,₹ 93,pp
PVC RESIN SUSPENSION,https://www.plastic4trade.com/supplier/pp-granules-2/pp-reprocess-granule-injection-molding-gujarat-india,₹ 96,pp
PP MILKY WHITE GRANULES,https://www.plastic4trade.com/supplier/pp-granules-1/pp-reprocess-granule-injection-molding-gujarat-india,₹ 34,pp
LLDPE,https://www.plastic4trade.com/supplier/pp-granules/pp-prime-virgin-injection-molding-gujarat-india,₹ 99,pp
BOTTLE,https://www.plastic4trade.com/supplier/cpp-granuals/pp-off-grade-injection-molding-karnataka-india,₹ 56,pp
PLASTIC,https://www.plastic4trade.com/supplier/pp-grinding/pp-grinding-injection-molding-maharashtra-india,₹ 45,pp
PP RAFFIA,https://www.plastic4trade.com/supplier/pp-raffia-9/pp-baled-raffia-maharashtra-india,₹ 20,pp
PP RAFFIA,https://www.plastic4trade.com/supplier/pp-raffia-9/pp-baled-raffia-maharashtra-india,₹ 50,pp
PP RAFFIA,https://www.plastic4trade.com/supplier/pp-raffia-9/pp-rolls-extrusion-punjab-pakistan,₹ 210,pp
PP RAFFIA,https://www.plastic4trade.com/supplier/pp-raffia-9/pp-scrap-raffia-maharashtra-india,₹ 5,pp
",25TON",https://www.plastic4trade.com/supplier/pp-jumbo-bags-scrap-1/pp-reprocess-granule-roto-molding-gujarat-india,₹ 56,pp
LDPE FILM GRADE,https://www.plastic4trade.com/supplier/ldpe-film-grade-3/pp-scrap-raffia-perak-malaysia,$ 270,pp
PLASTIC,https://www.plastic4trade.com/supplier/plastic-granules/pp-reprocess-granule-blow-punjab-india,₹ 57,pp
LDPE,https://www.plastic4trade.com/supplier/plastic-granuals-4/pp-reprocess-granule-injection-molding-gujarat-india,₹ 65,pp
HDPE GRANULES,https://www.plastic4trade.com/supplier/pp-natural-11/pp-reprocess-granule-injection-molding-maharashtra-india,₹ 86,pp
NYLON 66,https://www.plastic4trade.com/supplier/pp-non-woven/pp-rolls-film-grade-delhi-india,₹ 65,pp
HDPE,https://www.plastic4trade.com/supplier/pp-natural-10/pp-prime-virgin-injection-molding-maharashtra-india,₹ 96,pp
HDPE,https://www.plastic4trade.com/supplier/syringes-cutting/pp-grinding-injection-molding-delhi-india,₹ 100,pp
PVC RESIN SUSPENSION,https://www.plastic4trade.com/supplier/pp-7/pp-reprocess-granule-injection-molding-maharashtra-india,₹ 55,pp
GPPS,https://www.plastic4trade.com/supplier/pp-natural-9/pp-reprocess-granule-injection-molding-gujarat-india,₹ 90,pp
BLACK PP 100% TAIRAN FULL STRENGTH,https://www.plastic4trade.com/supplier/pp-raffya-1/pp-baled-raffia-maharashtra-india,₹ 21,pp
PLASTIC,https://www.plastic4trade.com/supplier/pp-lumps/pp-scrap-injection-molding-rajasthan-india,₹ 40,pp
HD GRINDING,https://www.plastic4trade.com/supplier/ppcp-4/pp-prime-virgin-injection-molding-gujarat-india,₹ 99,pp
"MILKY, NATURAL GRANULES, ROLL, SCRAP",https://www.plastic4trade.com/supplier/plastic-2/pp-grinding-blow-punjab-india,₹ 58,pp
POLYSTER SHEET,https://www.plastic4trade.com/supplier/pp-milky-white-granules/pp-reprocess-granule-raffia-gujarat-india,₹ 62,pp
P.P.,https://www.plastic4trade.com/supplier/pp-3/pp-grinding-injection-molding-gujarat-india,₹ 00,pp
PP NATURAL,https://www.plastic4trade.com/supplier/pp-natural-2/pp-reprocess-granule-injection-molding-gujarat-india,₹ 73,pp
PP NATURAL,https://www.plastic4trade.com/supplier/pp-2/pp-reprocess-granule-blow-maharashtra-india,₹ 55,pp
P.P.,https://www.plastic4trade.com/supplier/pp-2/pp-grinding-injection-molding-gujarat-india,₹ 00,pp
PVC RESIN SUSPENSION,https://www.plastic4trade.com/supplier/sutali/pp-reprocess-granule-film-grade-gujarat-india,₹ 50,pp
HARD PVC,https://www.plastic4trade.com/supplier/pp-natural-6/pp-grinding-injection-molding-delhi-india,₹ 50,pp
PP REGRIND,https://www.plastic4trade.com/supplier/pp-natural-5/pp-prime-virgin-injection-molding-gujarat-india,₹ 99,pp
PP ROLL,https://www.plastic4trade.com/supplier/pp-roll/pp-rolls-raffia-gujarat-india,₹ 80,pp
PP ROLL,https://www.plastic4trade.com/supplier/pp-natural-1/pp-prime-virgin-injection-molding-gujarat-india,₹ 102,pp
PP NATURAL,https://www.plastic4trade.com/supplier/pp-natural-1/pp-grinding-injection-molding-uttar-pradesh-india,₹ 54,pp
PP ROLL,https://www.plastic4trade.com/supplier/pp-natural/pp-reprocess-granule-injection-molding-maharashtra-india,₹ 1,pp
HDPE,https://www.plastic4trade.com/supplier/hdpe-49/pp-reprocess-granule-injection-molding-uttar-pradesh-india,₹ 70,pp
HDPE,https://www.plastic4trade.com/supplier/hdpe-49/pp-reprocess-granule-injection-molding-gujarat-india,₹ 86,pp
PLASTIC,https://www.plastic4trade.com/supplier/pp-powder--pp-powder-with-granules/pp-off-grade-injection-molding-gujarat-india,₹ 76,pp
PLASTIC WATER BOTTLES,https://www.plastic4trade.com/supplier/pp-lumps-post-1/pp-grinding-injection-molding-delhi-india,₹ 100,pp
NYLON 66 NATURAL,https://www.plastic4trade.com/supplier/all-plastic-33/pp-mix-material-injection-molding-uttar-pradesh-india,₹ 50,pp
ALL PLASTIC,https://www.plastic4trade.com/supplier/all-plastic-33/pp-lumps-raffia-uttar-pradesh-india,₹ 43,pp
ALL PLASTIC,https://www.plastic4trade.com/supplier/all-plastic-33/pp-reprocess-granule-extrusion-gujarat-india,₹ 100,pp
COLOR PP,https://www.plastic4trade.com/buyer/color-pp-6/pp-grinding-injection-molding-punjab-india,₹ 35,pp
MIX PP DUBBAN,https://www.plastic4trade.com/buyer/mix-pp-dubban-1/pp-grinding-blow-telangana-india,₹ 6,pp
ALL SCRAP PALSTIC,https://www.plastic4trade.com/buyer/all-scrap-palstic-5/pp-scrap-mix-scrap-tamil-nadu-india,₹ 25,pp
PP RAFFIA SCRAP,https://www.plastic4trade.com/buyer/pp-raffia-scrap-3/pp-scrap-mix-scrap-karnataka-india,₹ 12,pp
ALL TYPE PP SCRAP GRINDING,https://www.plastic4trade.com/buyer/all-type-pp-scrap-grinding-48/pp-grinding-raffia-delhi-india,₹ 18,pp
ALL TYPES PP DANA,https://www.plastic4trade.com/buyer/all-types-pp-dana-23/pp-prime-virgin-film-grade-madhya-pradesh-india,₹ 80,pp
POLYTHYN,https://www.plastic4trade.com/buyer/polythyn-3/pp-prime-virgin-film-grade-tamil-nadu-india,₹ 95,pp
PP NATURAL,https://www.plastic4trade.com/buyer/pp-natural-3/pp-reprocess-granule-injection-molding-gujarat-india,₹ 78,pp
PP JAMBO BAGS,https://www.plastic4trade.com/buyer/pp-jambo-bags/pp-scrap-raffia-india,₹ 30,pp
LENO BEG,https://www.plastic4trade.com/buyer/leno-beg/pp-scrap-raffia-uttar-pradesh-india,₹ 25,pp
PP GRINDING,https://www.plastic4trade.com/buyer/pp-grinding-15/pp-grinding-injection-molding-gujarat-india,₹ 50,pp
ALL TYPES PP DANA,https://www.plastic4trade.com/buyer/all-types-pp-dana-21/pp-floor-sweeping-injection-molding-assam-india,₹ 1,pp
BLACK PP 100% TAIRAN FULL STRENGTH,https://www.plastic4trade.com/buyer/black-pp-100-tairan-full-strength-4/pp-grinding-pipe-rajasthan-india,₹ 65,pp
ALL TYPE PP SCRAP GRINDING,https://www.plastic4trade.com/buyer/all-type-pp-scrap-grinding-46/pp-scrap-injection-molding--india,$ 35,pp
REPOL H100EY,https://www.plastic4trade.com/buyer/repol-h100ey/pp-prime-virgin-film-grade-yangon-myanmar-burma,₹ 80,pp
"PP, LD, HD, PVC",https://www.plastic4trade.com/buyer/pp-ld-hd-pvc/pp-reprocess-granule-injection-molding-maharashtra-india,₹ 00,pp
PP GRANULES,https://www.plastic4trade.com/buyer/pp-granules-54/pp-rolls-blow-tamil-nadu-india,₹ 50,pp
NATURAL PP SCRAP,https://www.plastic4trade.com/buyer/natural-pp-scrap-1/pp-grinding-injection-molding-delhi-india,₹ 50,pp
ALL TYPE PP SCRAP GRINDING,https://www.plastic4trade.com/buyer/all-type-pp-scrap-grinding-45/pp-scrap-mix-scrap-m--,₹ 20,pp
ALL TYPE PP SCRAP GRINDING,https://www.plastic4trade.com/buyer/all-type-pp-scrap-grinding-44/pp-lumps-mix-scrap-uttar-pradesh-india,₹ 25,pp
ALL TYPE PP SCRAP GRINDING,https://www.plastic4trade.com/buyer/all-type-pp-scrap-grinding-43/pp-reprocess-granule-injection-molding-tamil-nadu-india,₹ 20,pp
SCRAP PP JUMBO BAG,https://www.plastic4trade.com/buyer/scrap-pp-jumbo-bag-2/pp-scrap-raffia-karnataka-india,₹ 20,pp
PP GRANULES,https://www.plastic4trade.com/buyer/pp-granules-52/pp-prime-virgin-thermoforming-madhya-pradesh-india,₹ 92,pp
RAFFIA SCRAP,https://www.plastic4trade.com/buyer/raffia-scrap-1/pp-grinding-raffia-tamil-nadu-india,₹ 15,pp
ALL TYPE PP SCRAP GRINDING,https://www.plastic4trade.com/buyer/all-type-pp-scrap-grinding-41/pp-scrap-injection-molding--india,₹ 43,pp
ALL PLASTIC,https://www.plastic4trade.com/buyer/all-plastic-45/pp-prime-virgin-blow-tamil-nadu-india,₹ 10000,pp
ALL TYPE PP SCRAP GRINDING,https://www.plastic4trade.com/buyer/all-type-pp-scrap-grinding-40/pp-scrap-raffia-m-mg--,₹ 8,pp
P P RAFFIA GULLA,https://www.plastic4trade.com/buyer/p-p-raffia-gulla-3/pp-baled-raffia-uttarakhand-india,₹ 11,pp
WHITE PP NATURAL PP,https://www.plastic4trade.com/buyer/white-pp-natural-pp-2/pp-scrap-injection-molding-tamil-nadu-india,₹ 50,pp
ALL TYPES PP DANA,https://www.plastic4trade.com/buyer/all-types-pp-dana-19/pp-prime-virgin-raffia-west-bengal-india,₹ 90,pp
MILKY PP GRINDING,https://www.plastic4trade.com/buyer/milky-pp-grinding-2/pp-grinding-injection-molding-uttarakhand-india,₹ 47,pp
ALL TYPES PP DANA,https://www.plastic4trade.com/buyer/all-types-pp-dana-18/pp-finish-goods-injection-molding-gujarat-india,₹ 0000,pp
P P RAFFIA GULLA,https://www.plastic4trade.com/buyer/p-p-raffia-gulla-1/pp-lumps-injection-molding-uttarakhand-india,₹ 28,pp
REQUIRED PP VIRGIN,https://www.plastic4trade.com/buyer/required-pp-virgin/pp-prime-virgin-injection-molding-gujarat-india,₹ 85,pp
MILKY PP GRINDING,https://www.plastic4trade.com/buyer/milky-pp-grinding-1/pp-prime-virgin-injection-molding-gujarat-india,₹ 85,pp
ALL PLASTIC DANA,https://www.plastic4trade.com/buyer/all-plastic-dana-15/pp-prime-virgin-injection-molding-gujarat-india,₹ 88,pp
PP DANA,https://www.plastic4trade.com/buyer/pp-dana-22/pp-mix-material-mix-scrap-gujarat-india,₹ 72,pp
NATURAL PP SCRAP,https://www.plastic4trade.com/buyer/natural-pp-scrap/pp-grinding-injection-molding-tamil-nadu-india,₹ 50,pp
PP GRANULES,https://www.plastic4trade.com/buyer/pp-granules-49/pp-prime-virgin-injection-molding-delhi-india,₹ 90,pp
COLOR PP REPROCESSED GRANULES,https://www.plastic4trade.com/buyer/color-pp-reprocessed-granules-11/pp-reprocess-granule-injection-molding-tamil-nadu-india,₹ 40,pp
PP WHITE,https://www.plastic4trade.com/buyer/pp-white-4/pp-rolls-blow-andhra-pradesh-india,₹ 51822,pp
ALL PLASTIC,https://www.plastic4trade.com/buyer/all-plastic-41/pp-prime-virgin-injection-molding-maharashtra-india,₹ 85,pp
ALL PLASTIC DANA,https://www.plastic4trade.com/buyer/all-plastic-dana-13/pp-grinding-raffia-maharashtra-india,₹ 70,pp
ALL TYPE PP SCRAP GRINDING,https://www.plastic4trade.com/buyer/all-type-pp-scrap-grinding-35/pp-mix-material-mix-scrap-gujarat-india,₹ 35,pp
MULTIFILAMENT YARN,https://www.plastic4trade.com/buyer/multifilament-yarn-1/pp-mix-material-monofilament--india,₹ 130,pp
POLYPROPYLENE,https://www.plastic4trade.com/buyer/polypropylene-1/pp-prime-virgin-injection-molding-haryana-india,₹ 85,pp
PP WHITE,https://www.plastic4trade.com/buyer/pp-white-3/pp-off-grade-film-grade-gujarat-india,₹ 75,pp
PP GRANULES,https://www.plastic4trade.com/buyer/pp-granules-47/pp-prime-virgin-raffia-gujarat-india,₹ 80,pp
ALL TYPE PP SCRAP GRINDING,https://www.plastic4trade.com/buyer/all-type-pp-scrap-grinding-31/pp-rolls-mix-scrap-e,$ 250,pp
PP RAFIYA SCRAP,https://www.plastic4trade.com/buyer/pp-rafiya-scrap/pp-scrap-raffia-uttar-pradesh-india,₹ 7,pp
ALL TYPE PP SCRAP GRINDING,https://www.plastic4trade.com/buyer/all-type-pp-scrap-grinding-33/pp-grinding-injection-molding-delhi-india,₹ 18,pp
HDPE,https://www.plastic4trade.com/buyer/hdpe-57/pp-off-grade-raffia-,€ 100,pp
PP,https://www.plastic4trade.com/buyer/pp-37/pp-prime-virgin-extrusion-panaji-goa-india,₹ 99,pp
PUPR,https://www.plastic4trade.com/buyer/pupr/pp-rolls-film-grade-maharashtra-india,€ 1,pp
PP RAFFIA SCRAP,https://www.plastic4trade.com/buyer/pp-raffia-scrap-2/pp-scrap-raffia-telangana-india,₹ 8,pp
PP,https://www.plastic4trade.com/buyer/pp-36/pp-stock-lots-blow-delhi-india,₹ 30,pp
FOOD CONTAINER,https://www.plastic4trade.com/buyer/food-container-9/pp-off-grade-injection-molding-gujarat-india,₹ 80,pp
PET BOTTEL SCARP,https://www.plastic4trade.com/buyer/pet-bottel-scarp-4/pp-baled-injection-molding-rajasthan-india,₹ 32,pp
ALL  SCRAP,https://www.plastic4trade.com/buyer/all--scrap-9/pp-mix-material-pipe-bihar-india,₹ 100,pp
ALL TYPES PP DANA,https://www.plastic4trade.com/buyer/all-types-pp-dana-16/pp-reprocess-granule-injection-molding-maharashtra-india,₹ 65,pp
ALL TYPES PP DANA,https://www.plastic4trade.com/buyer/all-types-pp-dana-15/pp-prime-virgin-injection-molding-maharashtra-india,₹ 70,pp
HSNX,https://www.plastic4trade.com/buyer/hsnx/pp-reprocess-granule-injection-molding-gujarat-india,₹ 100,pp
SCRAP RAFIYA PP,https://www.plastic4trade.com/buyer/scrap-rafiya-pp-9/pp-scrap-raffia-haydarabad-ramoni-kumar-pait-high-school-rd-bangladesh,₹ 15,pp
PP WHITE,https://www.plastic4trade.com/buyer/pp-white-2/pp-scrap-injection-molding-gujarat-india,₹ 43,pp
BLACK HDPE PP,https://www.plastic4trade.com/buyer/black-hdpe-pp/pp-grinding-blow-m--,₹ 150,pp
PP WASTE & PP GRANUALES,https://www.plastic4trade.com/buyer/pp-waste--pp-granuales/pp-grinding-film-grade-gujarat-india,₹ 20000,pp
ALL PLASTIC,https://www.plastic4trade.com/buyer/all-plastic-38/pp-mix-material-injection-molding-tamil-nadu-india,₹ 32,pp
SCRAP PP JUMBO BAG,https://www.plastic4trade.com/buyer/scrap-pp-jumbo-bag-1/pp-scrap-raffia-karnataka-india,₹ 25,pp
PP WOVEN BAG,https://www.plastic4trade.com/buyer/pp-woven-bag-3/pp-mix-material-raffia-gujarat-india,₹ 120,pp
PP JUMBO BAG SCRAP,https://www.plastic4trade.com/buyer/pp-jumbo-bag-scrap-3/pp-scrap-raffia-gujarat-india,₹ 25,pp
PP RAFFIYA,https://www.plastic4trade.com/buyer/pp-raffiya/pp-mix-material-raffia-madhya-pradesh-india,₹ 10,pp
ALL TYPE PP SCRAP GRINDING,https://www.plastic4trade.com/buyer/all-type-pp-scrap-grinding-28/pp-grinding-injection-molding-maharashtra-india,₹ 40,pp
PP LUMPS POST,https://www.plastic4trade.com/buyer/pp-lumps-post-3/pp-lumps-injection-molding-maharashtra-india,₹ 90,pp
PP LUMPS POST,https://www.plastic4trade.com/buyer/pp-lumps-post-3/pp-lumps-raffia-gujarat-india,₹ 55,pp
PP LUMPS,https://www.plastic4trade.com/buyer/pp-lumps-15/pp-lumps-raffia-madhya-pradesh-india,₹ 30,pp
HDPE AND PP DANA,https://www.plastic4trade.com/buyer/hdpe-and-pp-dana-6/pp-lumps-injection-molding-gujarat-india,₹ 0,pp
PP GRANULES,https://www.plastic4trade.com/buyer/pp-granules-45/pp-masterbatch-raffia-gujarat-india,₹ 80,pp
ALL PLASTIC,https://www.plastic4trade.com/buyer/all-plastic-31/pp-lumps-raffia-gujarat-india,₹ 25,pp
ALL TYPE PP/LDPE/HDPE SCRAP GRINDING,https://www.plastic4trade.com/buyer/all-type-ppldpehdpe-scrap-grinding-8/pp-scrap-injection-molding-gujarat-india,₹ 35,pp
PP LUMPS,https://www.plastic4trade.com/buyer/pp-lumps-14/pp-lumps-raffia-maharashtra-india,₹ 20,pp
PP NAMAK WASHED GRINDING,https://www.plastic4trade.com/buyer/pp-namak-washed-grinding/pp-lumps-injection-molding-gujarat-india,₹ 75,pp
ALL TYPE OF PLASTIC SCRAP,https://www.plastic4trade.com/buyer/all-type-of-plastic-scrap/pp-scrap-mix-scrap-maharashtra-india,₹ 10,pp
BLACK PP WHITE PP NATURAL PP,https://www.plastic4trade.com/buyer/black-pp-white-pp-natural-pp-2/pp-scrap-mix-scrap-uttar-pradesh-india,₹ 45,pp
ALL PLASTIC SCRAP GRINDING MACHINE,https://www.plastic4trade.com/buyer/all-plastic-scrap-grinding-machine-4/pp-scrap-injection-molding-gujarat-india,₹ 15,pp
ALL TYPES OF PLASTIC BUY AND SALE,https://www.plastic4trade.com/buyer/all-types-of-plastic-buy-and-sale-1/pp-prime-virgin-raffia-odisha-india,₹ 40,pp
ALL TYPES PP DANA,https://www.plastic4trade.com/buyer/all-types-pp-dana-11/pp-reprocess-granule-injection-molding-delhi-india,₹ 50,pp
ALL TYPE PP SCRAP GRINDING,https://www.plastic4trade.com/buyer/all-type-pp-scrap-grinding-23/pp-reprocess-granule-roto-molding-telangana-india,₹ 88,pp
PP RAFFIA,https://www.plastic4trade.com/buyer/pp-raffia-8/pp-baled-raffia-gujarat-india,₹ 15,pp
PP,https://www.plastic4trade.com/buyer/pp-34/pp-prime-virgin-injection-molding-gujarat-india,₹ 48,pp
BLACK PP CP GRANULES,https://www.plastic4trade.com/buyer/mug-2/pp-resin-injection-molding-gujarat-india,₹ 70,pp
PP MILKY WHITE GRANULES,https://www.plastic4trade.com/buyer/pp-hdpe-raffia/pp-grinding-injection-molding-tamil-nadu-india,₹ 35,pp
ALL  SCRAP,https://www.plastic4trade.com/buyer/all--scrap-4/pp-grinding-mix-scrap-gujarat-india,₹ 10,pp
PP RAFIYA LUMPS,https://www.plastic4trade.com/buyer/pp-rafiya-lumps-1/pp-lumps-injection-molding-haryana-india,₹ 23,pp
ALL SCRAP PALSTIC,https://www.plastic4trade.com/buyer/black-pp-5/pp-scrap-injection-molding-delhi-india,₹ 60,pp
ALL  SCRAP,https://www.plastic4trade.com/buyer/all--scrap-3/pp-scrap-film-grade-maharashtra-india,₹ 10,pp
ALL  SCRAP,https://www.plastic4trade.com/buyer/all--scrap-2/pp-mix-material-mix-scrap-uttar-pradesh-india,₹ 10,pp
PP MIX COLOR SCRAP,https://www.plastic4trade.com/buyer/pp-mix-color-scrap/pp-scrap-injection-molding-punjab-india,₹ 40,pp
TILES SPACER AND LEVELING,https://www.plastic4trade.com/buyer/tiles-spacer-and-leveling/pp-finish-goods-injection-molding-gujarat-india,₹ 90,pp
"BLACK PP , HDPE BLOW MOULDING",https://www.plastic4trade.com/buyer/pp-dana-13/pp-prime-virgin-injection-molding-gujarat-india,₹ 50,pp
ALL TYPE PP/LDPE/HDPE SCRAP GRINDING,https://www.plastic4trade.com/buyer/all-type-ppldpehdpe-scrap-grinding-7/pp-grinding-mix-scrap-karnataka-india,₹ 15,pp
REPOL EMPTY BAGS,https://www.plastic4trade.com/buyer/repol-empty-bags-1/pp-mix-material-raffia-delhi-india,₹ 5,pp
PP LIMPS,https://www.plastic4trade.com/buyer/pp-limps/pp-reprocess-granule-injection-molding-gujarat-india,₹ 70,pp
ALL PLASTIC SCRAP,https://www.plastic4trade.com/buyer/all-plastic-scrap-9/pp-off-grade-mix-scrap-maharashtra-india,₹ 20,pp
BLACK PP,https://www.plastic4trade.com/buyer/black-pp-11/pp-reprocess-granule-injection-molding-maharashtra-india,₹ 35,pp
PP GRANULES,https://www.plastic4trade.com/buyer/pp-granules-38/pp-resin-extrusion-gujarat-india,₹ 95,pp
PP FILTER,https://www.plastic4trade.com/buyer/pp-filter-1/pp-filler-raffia-maharashtra-india,₹ 31,pp
BL3,https://www.plastic4trade.com/buyer/all-plastic-dana-1/pp-lumps-injection-molding-gujarat-india,₹ 60,pp
BLACK PP,https://www.plastic4trade.com/buyer/black-pp-10/pp-scrap-blow-delhi-india,₹ 13,pp
POLYCARBONATE GRINDINGS INJECTION AND EX,https://www.plastic4trade.com/buyer/polycarbonate-grindings-injection-and-ex-1/pp-grinding-injection-molding-gujarat-india,₹ 30,pp
COLOR PP,https://www.plastic4trade.com/buyer/color-pp-1/pp-grinding-mix-scrap-maharashtra-india,₹ 35,pp
ALL TYPES PP DANA,https://www.plastic4trade.com/buyer/all-types-pp-dana-9/pp-reprocess-granule-raffia-maharashtra-india,₹ 60,pp
POLY HANGER,https://www.plastic4trade.com/buyer/poly-hanger/pp-finish-goods-injection-molding-punjab-pakistan,$ 1,pp
PP,https://www.plastic4trade.com/buyer/pp-32/pp-prime-virgin-injection-molding-gujarat-india,₹ 0,pp
PP GRANULES,https://www.plastic4trade.com/buyer/pp-granules-37/pp-reprocess-granule-injection-molding-maharashtra-india,₹ 28,pp
PP WHITE,https://www.plastic4trade.com/buyer/pp-white/pp-reprocess-granule-injection-molding-gujarat-india,₹ 60,pp
ALL TYPE PP SCRAP GRINDING,https://www.plastic4trade.com/buyer/all-type-pp-scrap-grinding-18/pp-grinding-injection-molding-maharashtra-india,₹ 50,pp
MILKY PP GRINDING,https://www.plastic4trade.com/buyer/milky-pp-grinding/pp-grinding-mix-scrap-maharashtra-india,₹ 47,pp
SCRAP RAFIYA PP,https://www.plastic4trade.com/buyer/scrap-rafiya-pp-6/pp-scrap-extrusion-odisha-india,₹ 5,pp
PP MILKY WHITE GRANULES,https://www.plastic4trade.com/buyer/pp-milky-white-granules-8/pp-prime-virgin-injection-molding-west-bengal-india,₹ 50,pp
PP DANA,https://www.plastic4trade.com/buyer/pp-dana-18/pp-mix-material-raffia-uttar-pradesh-india,₹ 60,pp
POLYPROPYLENE,https://www.plastic4trade.com/buyer/polypropylene/pp-lumps-blow-tamil-nadu-india,₹ 20,pp
PP,https://www.plastic4trade.com/buyer/pp-31/pp-prime-virgin-injection-molding-andhra-pradesh-india,₹ 100,pp
PP LUMPS,https://www.plastic4trade.com/buyer/pp-lumps-10/pp-grinding-raffia-gujarat-india,₹ 43,pp
ALL PLASTIC DANA,https://www.plastic4trade.com/buyer/all-plastic-dana-6/pp-prime-virgin-injection-molding-gujarat-india,₹ 50,pp
ALL PLASTIC SCRAP,https://www.plastic4trade.com/buyer/all-plastic-scrap-8/pp-scrap-extrusion-gujarat-india,₹ 25,pp
PP GRANULES,https://www.plastic4trade.com/buyer/pp-granules-34/pp-reprocess-granule-injection-molding-gujarat-india,₹ 60,pp
ABS REGRIND,https://www.plastic4trade.com/buyer/pp-jumbo-bags-scrap-4/pp-scrap-raffia-gujarat-india,₹ 25,pp
BLACK PP WHITE PP NATURAL PP,https://www.plastic4trade.com/buyer/black-pp-white-pp-natural-pp-1/pp-prime-virgin-injection-molding-gujarat-india,$ 03,pp
ALL TYPE PP SCRAP GRINDING,https://www.plastic4trade.com/buyer/all-type-pp-scrap-grinding-17/pp-scrap-injection-molding-telangana-india,₹ 1,pp
ALL TYPE PP SCRAP GRINDING,https://www.plastic4trade.com/buyer/all-type-pp-scrap-grinding-16/pp-grinding-extrusion-gujarat-india,₹ 30,pp
COLOUR PP,https://www.plastic4trade.com/buyer/colour-pp-7/pp-prime-virgin-injection-molding-chhattisgarh-india,₹ 88,pp
PP COLOR CHIPS,https://www.plastic4trade.com/buyer/pp-color-chips-1/pp-grinding-injection-molding-telangana-india,₹ 25,pp
WHITE PP NATURAL PP,https://www.plastic4trade.com/buyer/white-pp-natural-pp/pp-scrap-injection-molding-delhi-india,₹ 1,pp
PP LUMPS,https://www.plastic4trade.com/buyer/pp-lumps-8/pp-reprocess-granule-injection-molding-assam-india,₹ 25,pp
WHITE PP NATURAL PP PPCP,https://www.plastic4trade.com/buyer/white-pp-natural-pp-ppcp/pp-grinding-injection-molding-delhi-india,₹ 62,pp
BOTTLE,https://www.plastic4trade.com/buyer/bottle-3/pp-finish-goods-blow-delhi-india,₹ 00,pp
ALL TYPE PP SCRAP GRINDING,https://www.plastic4trade.com/buyer/all-type-pp-scrap-grinding-15/pp-scrap-mix-scrap-west-bengal-india,₹ 10000,pp
PVC CONDUIT PIPE,https://www.plastic4trade.com/buyer/pvc-conduit-pipe-3/pp-resin-extrusion-maharashtra-india,₹ 30,pp
ALL TYPE PP SCRAP GRINDING,https://www.plastic4trade.com/buyer/all-type-pp-scrap-grinding-14/pp-scrap-injection-molding-uttarakhand-india,₹ 45,pp
PP COLOR CHIPS,https://www.plastic4trade.com/buyer/pp-color-chips/pp-grinding-mix-scrap-tamil-nadu-india,₹ 35,pp
WATER TANKS,https://www.plastic4trade.com/buyer/all-type-pphdpe-scrap-grinding-9/pp-grinding-mix-scrap-jaipur-rajasthan-india,₹ 60,pp
PPCP GRINDING MIX COLOR,https://www.plastic4trade.com/buyer/ppcp-grinding-mix-color-1/pp-mix-material-injection-molding-gujarat-india,₹ 25,pp
P P  DANA/GRANUALS,https://www.plastic4trade.com/buyer/p-p--danagranuals/pp-prime-virgin-extrusion-undefined-chhattisgarh-india,₹ 60000,pp
ALL GRINDING,https://www.plastic4trade.com/buyer/all-grinding-1/pp-grinding-mix-scrap-gujarat-india,₹ 25,pp
COLOUR PP,https://www.plastic4trade.com/buyer/colour-pp-6/pp-grinding-mix-scrap-tamil-nadu-india,₹ 30,pp
PP CAPS,https://www.plastic4trade.com/buyer/pp-caps-2/pp-grinding-mix-scrap-gujarat-india,₹ 25,pp
ALL TYPES PP DANA,https://www.plastic4trade.com/buyer/all-types-pp-dana-6/pp-prime-virgin-injection-molding-rajasthan-india,₹ 50,pp
ALL TYPES PP DANA,https://www.plastic4trade.com/buyer/all-types-pp-dana-5/pp-scrap-injection-molding-maharashtra-india,₹ 55,pp
PP RAFFIYA DANA,https://www.plastic4trade.com/buyer/pp-raffiya-dana-6/pp-prime-virgin-raffia-gujarat-india,₹ 98,pp
BLUE DRUM,https://www.plastic4trade.com/buyer/blue-drum-10/pp-grinding-thermoforming-rajasthan-india,₹ 10,pp
PP VIRGIN,https://www.plastic4trade.com/buyer/pp-virgin/pp-prime-virgin-extrusion-tamil-nadu-india,₹ 90,pp
ALL PLASTIC,https://www.plastic4trade.com/buyer/all-plastic-19/pp-prime-virgin-blow-india,₹ 100,pp
PIPES AND FITTINGS,https://www.plastic4trade.com/buyer/pipes-and-fittings/pp-resin-pipe-india,₹ 1,pp
PP GRANULES,https://www.plastic4trade.com/buyer/pp-granules-29/pp-prime-virgin-blow-karnataka-india,₹ 1,pp
PP RAFFIA SCRAP,https://www.plastic4trade.com/buyer/pp-raffia-scrap/pp-scrap-raffia-uttarakhand-india,₹ 10,pp
ALL TYPE PP SCRAP GRINDING,https://www.plastic4trade.com/buyer/all-type-pp-scrap-grinding-11/pp-grinding-injection-molding-karnataka-india,₹ 44,pp
PP JUMBO BAGS SCRAP,https://www.plastic4trade.com/buyer/pp-jumbo-bags-scrap-5/pp-scrap-raffia-dadra-and-nagar-haveli-dadra-and-nagar-haveli,₹ 20,pp
PET STORAGE DISPENSER 20 LITRE,https://www.plastic4trade.com/buyer/colour-pp-3/pp-grinding-injection-molding-gujarat-india,₹ 33,pp
PP GRINDING,https://www.plastic4trade.com/buyer/pp-grinding-7/pp-grinding-injection-molding-karnataka-india,₹ 44,pp
WHITE PP RAFFIA,https://www.plastic4trade.com/buyer/white-pp-raffia/pp-baled-raffia-madhya-pradesh-india,₹ 10,pp
COLOUR PP,https://www.plastic4trade.com/buyer/colour-pp-5/pp-reprocess-granule-injection-molding-maharashtra-india,₹ 40,pp
PP DANA,https://www.plastic4trade.com/buyer/pp-dana-1/pp-reprocess-granule-injection-molding-maharashtra-india,₹ 60,pp
ALL PLASTIC,https://www.plastic4trade.com/buyer/all-plastic-16/pp-reprocess-granule-injection-molding-delhi-india,₹ 10000,pp
ALL TYPE PP SCRAP GRINDING,https://www.plastic4trade.com/buyer/all-type-pp-scrap-grinding-9/pp-reprocess-granule-injection-molding-gujarat-india,₹ 80,pp
WHITE PP RAFFIA,https://www.plastic4trade.com/buyer/white-pp-raffia-1/pp-baled-raffia-madhya-pradesh-india,₹ 10,pp
ALL TYPES PP DANA,https://www.plastic4trade.com/buyer/all-types-pp-dana-3/pp-prime-virgin-blow-gujarat-india,₹ 90,pp
LD,https://www.plastic4trade.com/buyer/ld-1/pp-scrap-raffia-uttarakhand-india,₹ 40,pp
PP BAG,https://www.plastic4trade.com/buyer/pp-bag-6/pp-prime-virgin-pipe-maharashtra-india,₹ 100,pp
PP RAFFIA SCRAP,https://www.plastic4trade.com/buyer/pp-raffia-scrap-1/pp-scrap-raffia-undefined-maharashtra-india,₹ 10,pp
"RAFFIA , LD",https://www.plastic4trade.com/buyer/raffia--ld/pp-scrap-raffia-west-bengal-india,₹ 00,pp
ALL TYPES PP DANA,https://www.plastic4trade.com/buyer/all-types-pp-dana-2/pp-scrap-injection-molding-rajasthan-india,₹ 50000,pp
SYRINGES CUTTING NUTURAL,https://www.plastic4trade.com/buyer/syringes-cutting-nutural/pp-grinding-injection-molding-delhi-india,₹ 102,pp
ALL TYPE PP SCRAP GRINDING,https://www.plastic4trade.com/buyer/all-type-pp-scrap-grinding-7/pp-mix-material-mix-scrap-delhi-india,₹ 20,pp
BLACK PP WHITE PP NATURAL PP,https://www.plastic4trade.com/buyer/black-pp-white-pp-natural-pp/pp-rolls-raffia-madhya-pradesh-india,₹ 70,pp
ALL TYPE PP SCRAP GRINDING,https://www.plastic4trade.com/buyer/all-type-pp-scrap-grinding-6/pp-scrap-injection-molding-tamil-nadu-india,₹ 50,pp
PP RAFFIA,https://www.plastic4trade.com/buyer/pp-raffia-5/pp-prime-virgin-raffia-chhattisgarh-india,₹ 25,pp
PC ABS NS5000CRT,https://www.plastic4trade.com/buyer/pp-bag-4/pp-scrap-raffia-gujarat-india,₹ 20,pp
HDPE BLOW,https://www.plastic4trade.com/buyer/pp-raffia-3/pp-baled-raffia-gujarat-india,₹ 18,pp
POLYCARBONATE GF,https://www.plastic4trade.com/buyer/pp-grinding-9/pp-grinding-extrusion-karnataka-india,₹ 28,pp
PET BOTTLES BALES,https://www.plastic4trade.com/buyer/pp-keret-and-khurashi--grinding/pp-grinding-injection-molding-gujarat-india,₹ 28,pp
PET BALE,https://www.plastic4trade.com/buyer/restyle-plastic/pp-reprocess-granule-injection-molding-gujarat-india,₹ 50,pp
RP GRANULES,https://www.plastic4trade.com/buyer/pp-jumbo-bags-scrap-3/pp-scrap-mix-scrap-gujarat-india,₹ 28,pp
PP GRANULES,https://www.plastic4trade.com/buyer/all-palstick-12/pp-grinding-injection-molding-gujarat-india,₹ 45,pp
COLD-WASHED PET FLAKES,https://www.plastic4trade.com/buyer/all-palstick-dana-5/pp-lumps-injection-molding-gujarat-india,₹ 60,pp
BLACK PP DANA,https://www.plastic4trade.com/buyer/all-type-pphdpe-scrap-grinding-8/pp-scrap-extrusion-gujarat-india,₹ 1,pp
ABS GRANULES,https://www.plastic4trade.com/buyer/all-type-pp-scrap-grinding-2/pp-off-grade-injection-molding-karnataka-india,₹ 60,pp
HDPE BLUE DRUM GRINDING,https://www.plastic4trade.com/buyer/black-pp-cp-granules-1/pp-scrap-injection-molding-gujarat-india,₹ 45,pp
LDPE RECYCLED GRANULES,https://www.plastic4trade.com/buyer/all-type-pp-scrap-grinding-1/pp-grinding-injection-molding-maharashtra-india,₹ 33,pp
PP BAG,https://www.plastic4trade.com/buyer/pp-bag-1/pp-prime-virgin-injection-molding-maharashtra-india,₹ 90,pp
BLACK PP DANA,https://www.plastic4trade.com/buyer/pp-raffia-2/pp-baled-raffia-karnataka-india,₹ 00,pp
"HDPE BLUE DRUM, COTING, CRATES GRINDING",https://www.plastic4trade.com/buyer/pp-granules-25/pp-prime-virgin-injection-molding-gujarat-india,₹ 102,pp
PLASTIC PIPES,https://www.plastic4trade.com/buyer/pp-natural-17/pp-masterbatch-injection-molding-gujarat-india,₹ 36002,pp
PP CAPS,https://www.plastic4trade.com/buyer/cyldrical-parts-wuth-cap/pp-resin-injection-molding-maharashtra-india,₹ 15,pp
HDPE,https://www.plastic4trade.com/buyer/pp-dana-11/pp-reprocess-granule-raffia-gujarat-india,₹ 55,pp
POLYME,https://www.plastic4trade.com/buyer/granules/pp-prime-virgin-injection-molding-gujarat-india,₹ 90,pp
PET BOTTLES BALES,https://www.plastic4trade.com/buyer/black-pp-4/pp-grinding-injection-molding-gujarat-india,₹ 33,pp
LLDPE COATING,https://www.plastic4trade.com/buyer/pp-bag-3/pp-scrap-raffia-maharashtra-india,₹ 65,pp
ABS GRANULES,https://www.plastic4trade.com/buyer/black-pp-2/pp-scrap-injection-molding-gujarat-india,₹ 60,pp
LDPE FILM GRADE,https://www.plastic4trade.com/buyer/ldpe-film-grade-5/pp-resin-injection-molding-wadgaon-india,₹ 0,pp
SHOES,https://www.plastic4trade.com/buyer/pp-screp/pp-scrap-injection-molding-india,₹ 20,pp
"HDPE BLUE DRUM, COTING, CRATES GRINDING",https://www.plastic4trade.com/buyer/pp-hd-grinding-1/pp-grinding-injection-molding-gujarat-india,₹ 45,pp
ACRYLIC SHEETS,https://www.plastic4trade.com/buyer/all-plastic-10/pp-prime-virgin-raffia-gujarat-india,₹ 88,pp
PC AND ABS SCRAP,https://www.plastic4trade.com/buyer/pp-dana-10/pp-reprocess-granule-injection-molding-gujarat-india,₹ 35,pp
SCRAP,https://www.plastic4trade.com/buyer/scrap-2/pp-scrap-film-grade-india,₹ 45,pp
SCRAP,https://www.plastic4trade.com/buyer/pp-dana-9/pp-reprocess-granule-injection-molding-gujarat-india,₹ 1,pp
HDPE CRATE SCRAP,https://www.plastic4trade.com/buyer/hdpe-crate-scrap-1/pp-scrap-injection-molding-kuwait-city-kuwait,$ 300,pp
TOYS,https://www.plastic4trade.com/buyer/pp-dana-6/pp-prime-virgin-injection-molding-gujarat-india,₹ 108,pp
MULTIFILAMENT YARN,https://www.plastic4trade.com/buyer/plastic-pot/pp-reprocess-granule-injection-molding-karnataka-india,₹ 40,pp
PLASTIC GRANUALS,https://www.plastic4trade.com/buyer/plastic-granuals-9/pp-reprocess-granule-injection-molding-west-bengal-india,₹ 75,pp
RAFFIA LUMPS,https://www.plastic4trade.com/buyer/raffia-lumps-1/pp-scrap-injection-molding-gujarat-india,₹ 50,pp
POM,https://www.plastic4trade.com/buyer/plastic-granules-1/pp-prime-virgin-injection-molding-india,₹ 90,pp
PLASTIC RAW MATERIALS,https://www.plastic4trade.com/buyer/pp-dana-4/pp-flacks-raffia-gujarat-india,₹ 60,pp
PP NEXT TO VIRGIN GRANULES,https://www.plastic4trade.com/buyer/pp-next-to-virgin-granules-2/pp-reprocess-granule-film-grade-assam-india,₹ 50,pp
RIGID PVC PIPES,https://www.plastic4trade.com/buyer/pp-granules-19/pp-prime-virgin-raffia-gujarat-india,₹ 80,pp
GPPS,https://www.plastic4trade.com/buyer/pp-natural-16/pp-prime-virgin-injection-molding-gujarat-india,₹ 90,pp
PET BALE,https://www.plastic4trade.com/buyer/pp-24/pp-prime-virgin-injection-molding-india,₹ 70,pp
PP,https://www.plastic4trade.com/buyer/pp-23/pp-prime-virgin-injection-molding-gujarat-india,₹ 85,pp
PP,https://www.plastic4trade.com/buyer/pp-dana-2/pp-prime-virgin-injection-molding-gujarat-india,₹ 85,pp
HCHB,https://www.plastic4trade.com/buyer/pp-roll-3/pp-rolls-raffia-maharashtra-india,₹ 80,pp
LD FLIM,https://www.plastic4trade.com/buyer/all-plastic-8/pp-grinding-blow-gujarat-india,₹ 35,pp
PP GRANULES,https://www.plastic4trade.com/buyer/milky-natural-granules-roll-scrap-2/pp-grinding-blow-gujarat-india,₹ 26,pp
BOTTLE CAP,https://www.plastic4trade.com/buyer/bottle-cap-4/pp-grinding-injection-molding-delhi-india,₹ 40000,pp
PET BOTTLE CRUSH,https://www.plastic4trade.com/buyer/pp-granules-16/pp-reprocess-granule-film-grade-delhi-india,₹ 93,pp
VIVEK GOYAL,https://www.plastic4trade.com/buyer/black-pp-dana-3/pp-prime-virgin-injection-molding-gujarat-india,₹ 45,pp
PP GRANULES,https://www.plastic4trade.com/buyer/pp-granules-8/pp-floor-sweeping-injection-molding-maharashtra-india,₹ 96,pp
POLYAMIDE 6,https://www.plastic4trade.com/buyer/pp-18/pp-grinding-injection-molding--soest-germany,€ 0,pp
LD FLIM,https://www.plastic4trade.com/buyer/pp-17/pp-rolls-injection-molding-west-bengal-india,₹ 110,pp
PP,https://www.plastic4trade.com/buyer/pp-caps/pp-scrap-blow-barcelona-catalonia-spain,€ 450,pp
PP GRANULES,https://www.plastic4trade.com/buyer/all-type-pphdpe-scrap-grinding-1/pp-off-grade-injection-molding-delhi-india,₹ 10000,pp
PP GRANULES,https://www.plastic4trade.com/buyer/all-type-pphdpe-scrap-grinding/pp-grinding-injection-molding-gujarat-india,₹ 50,pp
KAOFULEX GPS 525,https://www.plastic4trade.com/buyer/pp-16/pp-reprocess-granule-thermoforming-kahama-tanzania,$ 1,pp
HDPE BLUE DRUM GRINDING,https://www.plastic4trade.com/buyer/injection-moulding/pp-reprocess-granule-injection-molding-uttar-pradesh-india,₹ 70,pp
BOPP NATURAL DANA,https://www.plastic4trade.com/buyer/bopp-natural-dana-1/pp-prime-virgin-blow-haryana-india,₹ 80,pp
HDPE BLOWING GRADE REPROCESS GRANULES,https://www.plastic4trade.com/buyer/pp-15/pp-resin-extrusion-maharashtra-india,₹ 120,pp
LDPE REPROCESS GRANULES,https://www.plastic4trade.com/buyer/yes/pp-flacks-injection-molding-united-arab-emirates,$ 0000,pp
HIPS,https://www.plastic4trade.com/buyer/pp-11/pp-prime-virgin-raffia-gujarat-india,₹ 99,pp
PP GRANULES,https://www.plastic4trade.com/buyer/pp-9/pp-prime-virgin-injection-molding-punjab-pakistan,$ 25,pp
PVC SCRAP,https://www.plastic4trade.com/buyer/pp-roll-1/pp-rolls-raffia-uttar-pradesh-india,₹ 5,pp
PET LAMS,https://www.plastic4trade.com/buyer/off-grades/pp-off-grade-extrusion-karnataka-india,$ 80,pp
PP GRANULES,https://www.plastic4trade.com/buyer/pp-granules-46/pp-lumps-raffia-west-bengal-india,₹ 102,pp
DANA,https://www.plastic4trade.com/buyer/pvrx/pp-grinding-blow-maharashtra-india,$ 1,pp
PP NON-WOVEN,https://www.plastic4trade.com/buyer/cooler/pp-prime-virgin-injection-molding-rajasthan-india,₹ 1,pp
PLASTIC DANA,https://www.plastic4trade.com/buyer/pp-raffya-3/pp-baled-raffia-rajasthan-india,₹ 18,pp
HD GRINDING,https://www.plastic4trade.com/buyer/pp-grinding-1/pp-grinding-injection-molding-maharashtra-india,₹ 90,pp
PVC,https://www.plastic4trade.com/buyer/pp-raffya-2/pp-scrap-raffia-gujarat-india,₹ 22,pp
LL,https://www.plastic4trade.com/buyer/pp-natural-14/pp-scrap-film-grade-maharashtra-india,₹ 100,pp
PP RAFFIA,https://www.plastic4trade.com/buyer/pp-raffia-9/pp-baled-raffia-telangana-india,₹ 15,pp
PP NATURAL,https://www.plastic4trade.com/buyer/plastic-scrap-2/pp-reprocess-granule-injection-molding-punjab-india,₹ 40,pp
LD MOULDING,https://www.plastic4trade.com/buyer/pp-milky-white-granules-1/pp-reprocess-granule-injection-molding-delhi-india,₹ 75,pp
PET FLAKES,https://www.plastic4trade.com/buyer/pp-6/pp-reprocess-granule-injection-molding-gujarat-india,₹ 0,pp
PPCP BLUE,https://www.plastic4trade.com/buyer/pp-natural-8/pp-grinding-film-grade-karnataka-india,₹ 50,pp
HDPE GRANULES,https://www.plastic4trade.com/buyer/reprocessed--granules-2/pp-reprocess-granule-raffia-gujarat-india,₹ 0,pp
PVC,https://www.plastic4trade.com/buyer/pp-jumbo-bags-scrap/pp-baled-raffia-india,₹ 20,pp
HDPE,https://www.plastic4trade.com/buyer/pp-3/pp-scrap-raffia-uttar-pradesh-india,₹ 1,pp
PP NATURAL,https://www.plastic4trade.com/buyer/pp-natural-2/pp-prime-virgin-injection-molding-delhi-india,₹ 60,pp
PP NATURAL,https://www.plastic4trade.com/buyer/milky-natural-granules-roll-scrap-1/pp-grinding-injection-molding-rajasthan-india,$ 45,pp
PP NATURAL,https://www.plastic4trade.com/buyer/pp-lumps-post-2/pp-lumps-raffia-gujarat-india,₹ 55,pp
BLUE DRUM DANA,https://www.plastic4trade.com/buyer/pp-1/pp-grinding-injection-molding-gujarat-india,₹ 100,pp
P.P.,https://www.plastic4trade.com/buyer/pp/pp-grinding-injection-molding-gujarat-india,₹ 40,pp
HDPE,https://www.plastic4trade.com/buyer/hdpe-49/pp-grinding-injection-molding-maharashtra-india,₹ 21,pp
HDPE,https://www.plastic4trade.com/buyer/hdpe-49/pp-grinding-injection-molding-null-switzerland,₹ 123,pp
PP POWDER SELL,https://www.plastic4trade.com/buyer/milky/pp-grinding-injection-molding-telangana-india,£ 98,pp
ALL PLASTIC,https://www.plastic4trade.com/buyer/all-plastic-33/pp-resin-film-grade-dhaka-bangladesh,$ 900,pp
ALL PLASTIC,https://www.plastic4trade.com/buyer/all-plastic-33/pp-prime-virgin-injection-molding-gujarat-india,₹ 90,pp
