name,price,url,category,city,metric
Natural Hot Washed PET Bottle Flake,₹60/ kg,https://www.indiamart.com/proddetail/pet-bottle-flake-23633018497.html,pet-bottle-flake,ahmedabad,kg
Loosely Packed Green PET Patti Waste,₹43/ kg,https://www.indiamart.com/proddetail/green-pet-patti-waste-2850982655012.html,pet-bottle-flake,ahmedabad,kg
"Natural Hot Washed pet flakes, Packaging Type: Plastic Bag, Packaging Size: 25 Kgs Bag",₹65/ kg,https://www.indiamart.com/proddetail/pet-flakes-2849423130912.html,pet-bottle-flake,ahmedabad,kg
Natural Hot Washed Pet Flakes,₹50/ kg,https://www.indiamart.com/proddetail/pet-flakes-2851775610812.html,pet-bottle-flake,ahmedabad,kg
Pet Bottles Flakes First Quality,₹38/ kg,https://www.indiamart.com/proddetail/pet-bottles-flakes-first-quality-15228874412.html,pet-bottle-flake,ahmedabad,kg
Natural Hot Washed Pet Bottle Flakes,₹85/ kg,https://www.indiamart.com/proddetail/pet-bottle-flakes-26561140662.html,pet-bottle-flake,ahmedabad,kg
"PET Bottle Flakes, Packaging Type: Pp Bag",₹50/ kg,https://www.indiamart.com/proddetail/pet-bottle-flakes-22605371030.html,pet-bottle-flake,ahmedabad,kg
Milky White Pet Flakes,₹65/ kg,https://www.indiamart.com/proddetail/pet-flakes-2850803046512.html,pet-bottle-flake,ahmedabad,kg
"Green Hot Washed Recycled PET Bottle Flakes G 2, Packaging Type: Plastic Bag, Packaging Size: 50 Kg",₹58/ kg,https://www.indiamart.com/proddetail/recycled-pet-bottle-flakes-g-2-19219998412.html,pet-bottle-flake,ahmedabad,kg
Natural Hot Washed Pet Flakes,₹50/ kg,https://www.indiamart.com/proddetail/pet-flakes-24825024633.html,pet-bottle-flake,ahmedabad,kg
clear Hot Washed Pet Bottle Scrap,₹48/ kg,https://www.indiamart.com/proddetail/pet-bottle-scrap-2851568495030.html,pet-bottle-flake,ahmedabad,kg
"Green PET Strapping Flakes, For Industrial, Packaging Size: 25Kg",₹44/ kg,https://www.indiamart.com/proddetail/pet-strapping-flakes-21463595791.html,pet-bottle-flake,ahmedabad,kg
Natural Pet Flakes,₹64/ kg,https://www.indiamart.com/proddetail/pet-flakes-27095474830.html,pet-bottle-flake,ahmedabad,kg
Milky White PET Bottle Flakes Scrap,₹55/ kg,https://www.indiamart.com/proddetail/pet-bottle-flakes-scrap-21100751291.html,pet-bottle-flake,ahmedabad,kg
Blue Hot Washed Plastic Bottle Flakes,₹62/ kg,https://www.indiamart.com/proddetail/plastic-bottle-flakes-24618915991.html,pet-bottle-flake,ahmedabad,kg
Pet Bottle Powder,₹55/ kg,https://www.indiamart.com/proddetail/pet-bottle-powder-2851091023630.html,pet-bottle-flake,ahmedabad,kg
"Pet Bottle Flake, Packaging Type: Plastic Bag, Packaging Size: 30-500 Kg",₹65/ kg,https://www.indiamart.com/proddetail/pet-bottle-flake-20727930991.html,pet-bottle-flake,ahmedabad,kg
White Hot Washed Clear PET Flakes,₹54/ kg,https://www.indiamart.com/proddetail/clear-pet-flakes-2851833980891.html,pet-bottle-flake,ahmedabad,kg
mix Unwashed Pet Bottle Scrap,₹37/ kg,https://www.indiamart.com/proddetail/pet-bottle-scrap-2851740036448.html,pet-bottle-flake,ahmedabad,kg
"PET Bottle Clear Flake, Packaging Type: PP Bag, Packaging Size: 40 Kg",₹57/ kg,https://www.indiamart.com/proddetail/pet-bottle-clear-flake-21558730655.html,pet-bottle-flake,ahmedabad,kg
Multicolor Unwashed Transparent PET Bottles Flakes,₹55/ kg,https://www.indiamart.com/proddetail/transparent-pet-bottles-flakes-2851358578373.html,pet-bottle-flake,ahmedabad,kg
Pet Flakes,"₹5,000/ kg",https://www.indiamart.com/sarvatipolitec-limited/,pet-bottle-flake,agra,kg
Flake PET Granules,₹80/ kg,https://www.indiamart.com/proddetail/flake-pet-granules-20988380888.html,pet-bottle-flake,amritsar,kg
Plastic Chair Flakes,₹46/ kg,https://www.indiamart.com/msr-industries-allahabad/,pet-bottle-flake,allahabad,kg
"Silver Cast Iron Scrap, For Metal Industry",₹48/ kg,https://www.indiamart.com/proddetail/silver-cast-iron-scrap-27016372962.html,ferrous-metal-scrap,ahmedabad,kg
"Metal Scrap And Waste Materials, For Industrial, Packaging Type: Loose","₹41,000/ metric",https://www.indiamart.com/proddetail/metal-scrap-and-waste-materials-21799966591.html,ferrous-metal-scrap,ahmedabad,metric
Iron Scrap Waste Sheets,"₹42,500/ tonne",https://www.indiamart.com/proddetail/iron-scrap-waste-sheets-21991528433.html,ferrous-metal-scrap,ahmedabad,tonne
Stainless Steel Scrap 347 Grade,₹150/ kg,https://www.indiamart.com/proddetail/stainless-steel-scrap-347-grade-2851895434497.html,ferrous-metal-scrap,ahmedabad,kg
"Aluminium Radiator Scrap, For Melting",₹125/ kg,https://www.indiamart.com/proddetail/aluminium-radiator-scrap-21464213091.html,ferrous-metal-scrap,ahmedabad,kg
"Aluminium Radiator Scrap, For Metal Industry",₹110/ kg,https://www.indiamart.com/proddetail/aluminium-radiator-scrap-23316274797.html,ferrous-metal-scrap,ahmedabad,kg
"Waste Sheets Iron Scrap, Packaging Type: Loose",₹30/ kg,https://www.indiamart.com/proddetail/waste-sheets-iron-scrap-22787740333.html,ferrous-metal-scrap,ahmedabad,kg
Non Ferrous Scrap Metal,"₹2,000/ kg",https://www.indiamart.com/proddetail/non-ferrous-scrap-metal-2869281248.html,ferrous-metal-scrap,ahmedabad,kg
60 kg Used Rail Track,"₹30,000/ tonne",https://www.indiamart.com/proddetail/60-kg-used-rail-track-19160430488.html,ferrous-metal-scrap,ahmedabad,tonne
Cast Iron Solid Scrap,"₹19,200/ tonne",https://www.indiamart.com/proddetail/cast-iron-solid-scrap-12981434112.html,ferrous-metal-scrap,ahmedabad,tonne
Iron Industrial Scrap,₹45/ kg,https://www.indiamart.com/proddetail/iron-industrial-scrap-27130776312.html,ferrous-metal-scrap,ahmedabad,kg
"1 inch Iron Rail Hook Scrap, For Casting",₹45/ kg,https://www.indiamart.com/proddetail/1-inch-iron-rail-hook-scrap-2851513122548.html,ferrous-metal-scrap,ahmedabad,kg
"Silver Aluminium Radiator Scrap, For Metal Industry",₹130/ kg,https://www.indiamart.com/proddetail/silver-aluminium-radiator-scrap-2852157365612.html,ferrous-metal-scrap,ahmedabad,kg
"Cast Iron Scrap, For Foundry Industry, 50 Kg","₹42,500/ tonne",https://www.indiamart.com/proddetail/cast-iron-scrap-2850087393888.html,ferrous-metal-scrap,ahmedabad,tonne
"Cast Iron Scraps Hms 1, For Metal Industry",₹51/ kg,https://www.indiamart.com/proddetail/cast-iron-scraps-hms-1-26408923173.html,ferrous-metal-scrap,ahmedabad,kg
"Recycle Iron Scrap, For Metal Industry",₹51/ kg,https://www.indiamart.com/proddetail/recycle-iron-scrap-26518064612.html,ferrous-metal-scrap,ahmedabad,kg
"Cast Iron Scraps, For Industries","₹39,000/ tonne",https://www.indiamart.com/proddetail/cast-iron-scraps-2851011190888.html,ferrous-metal-scrap,ahmedabad,tonne
Automobile Industry Cast Iron Scrap,₹21/ kg,https://www.indiamart.com/proddetail/automobile-industry-cast-iron-scrap-21277918933.html,ferrous-metal-scrap,ahmedabad,kg
"ALUMINIUM DIRTY REDIATOR SCRAP, For Metal Industry, 25 Kg",₹135/ kg,https://www.indiamart.com/proddetail/aluminium-dirty-rediator-scrap-26083780062.html,ferrous-metal-scrap,ahmedabad,kg
Ferrous Steel Scrap,₹30/ kg,https://www.indiamart.com/proddetail/ferrous-steel-scrap-4366425897.html,ferrous-metal-scrap,ahmedabad,kg
"Hastelloy C276 Scrap, C276 Plates Scrap, C276 Solid Scrap, For Foundry Industry","₹1,800/ kg",https://www.indiamart.com/proddetail/hastelloy-c276-scrap-c276-plates-scrap-c276-solid-scrap-2851551448812.html,ferrous-metal-scrap,ahmedabad,kg
"Aluminium Aluminum Radiator Scrap, For Metal Industry",₹125/ kg,https://www.indiamart.com/proddetail/aluminum-radiator-scrap-17449641548.html,ferrous-metal-scrap,ahmedabad,kg
Alloy 52 Scrap / NILO 50 Scrap / Pernifer 50 Scrap,₹450/ kg,https://www.indiamart.com/proddetail/alloy-52-scrap-nilo-50-scrap-pernifer-50-scrap-11643047712.html,ferrous-metal-scrap,ahmedabad,kg
Industrial Iron Scrap,₹22/ kg,https://www.indiamart.com/proddetail/industrial-iron-scrap-7331181912.html,ferrous-metal-scrap,ahmedabad,kg
"Steel NEW RAIL A65, For Metal Industry",₹92/ kg,https://www.indiamart.com/proddetail/new-rail-a65-2851745274491.html,ferrous-metal-scrap,ahmedabad,kg
"Alloy 52 Scrap / NILO 50 Scrap / Pernifer 50 Scrap, For Foundry Industry","₹2,000/ kg",https://www.indiamart.com/proddetail/alloy-52-scrap-nilo-50-scrap-pernifer-50-scrap-2851303691912.html,ferrous-metal-scrap,ahmedabad,kg
Cast Iron Scrap,₹40/ kg,https://www.indiamart.com/mharakhjisons/,ferrous-metal-scrap,ahmedabad,kg
Black iron and steel Di Pipe Scrap,₹46/ kg,https://www.indiamart.com/proddetail/di-pipe-scrap-2850267084773.html,ferrous-metal-scrap,agra,kg
"Aluminium Radiator Scrap, For Foundry Industry",₹140/ kg,https://www.indiamart.com/proddetail/aluminium-radiator-scrap-2850031289333.html,ferrous-metal-scrap,agra,kg
MS(IRON) Ferrous Metal Scrap,"₹35,000/ tonne",https://www.indiamart.com/proddetail/ferrous-metal-scrap-27509434048.html,ferrous-metal-scrap,agra,tonne
Cast Iron Scrap,₹50/ kg,https://www.indiamart.com/tomarenterprises/,ferrous-metal-scrap,agra,kg
Old Iron Scrap,₹17/ kg,https://www.indiamart.com/payal-entp-agra/,ferrous-metal-scrap,agra,kg
"Iron Scrap, For Metal Industry, 50 Kg",₹30/ kg,https://www.indiamart.com/proddetail/iron-scrap-26751078962.html,ferrous-metal-scrap,agra,kg
Used Iron Scrap,₹40/ kg,https://www.indiamart.com/ms-varsha-enterprises/,ferrous-metal-scrap,agra,kg
Old Iron Scrap,"₹40,000/ tonne",https://www.indiamart.com/ms-kamal-steel-traders/,ferrous-metal-scrap,agra,tonne
"Cast iron scrap, For Casting","₹41,500/ tonne",https://www.indiamart.com/proddetail/cast-iron-scrap-20095185248.html,ferrous-metal-scrap,amritsar,tonne
C I Scrap,₹46/ kg,https://www.indiamart.com/om-prakashsons/,ferrous-metal-scrap,amritsar,kg
Ferrous Metal Scrap,₹100/ kg,https://www.indiamart.com/pardhan-steels/,ferrous-metal-scrap,amritsar,kg
Ferrous Metal Scrap,₹35/ kg,https://www.indiamart.com/proddetail/ferrous-metal-scrap-25318250791.html,ferrous-metal-scrap,allahabad,kg
"Pig Iron Scrap, For Foundry Industry","₹25,000/ tonne",https://www.indiamart.com/proddetail/pig-iron-scrap-17746276655.html,ferrous-metal-scrap,allahabad,tonne
"Cast Iron Scrap, For Foundry Industry",₹45/ kg,https://www.indiamart.com/proddetail/cast-iron-scrap-19154259530.html,ferrous-metal-scrap,allahabad,kg
Scrap,₹450/ kg,https://www.indiamart.com/vaishnav-electronics-and-metal-scrap/,ferrous-metal-scrap,allahabad,kg
Iron Scrap,₹40/ kg,https://www.indiamart.com/devansh-scarp-works/,ferrous-metal-scrap,allahabad,kg
Scrap,₹50 crore/ tonne,https://www.indiamart.com/proddetail/scrap-25402295991.html,ferrous-metal-scrap,allahabad,tonne
Scrap Iron Plate,"₹49,000/ tonne",https://www.indiamart.com/nitin-enterprises-prayagraj/,ferrous-metal-scrap,allahabad,tonne
"Aluminum Vehicle Radiator Scrap, For Automobile",₹145/ kg,https://www.indiamart.com/proddetail/aluminum-vehicle-radiator-scrap-2850622367388.html,ferrous-metal-scrap,amroha,kg
Loha Scrap,₹39/ kg,https://www.indiamart.com/malik-traders-dhanaura/,ferrous-metal-scrap,amroha,kg
Loha Scrap,₹47/ tonne,https://www.indiamart.com/malik-terders/,ferrous-metal-scrap,amroha,tonne
Iron Scrap,₹19/ kg,https://www.indiamart.com/bharat-scrap-traders-gajraula/,ferrous-metal-scrap,amroha,kg
"Galvanised Iron Scrap, For Metal Industry, 25 Kg","₹1,000/ tonne",https://www.indiamart.com/company/180024845/,ferrous-metal-scrap,amroha,tonne
