name,price,url,category,city,metric
Natural Hot Washed PET Bottle Flake,₹60/ kg,https://www.indiamart.com/proddetail/pet-bottle-flake-23633018497.html,pet-bottle-flake,ahmedabad,kg
Unwashed White milky pet,₹42/ kg,https://www.indiamart.com/proddetail/white-milky-pet-2850955133630.html,pet-bottle-flake,ahmedabad,kg
"Natural Hot Washed pet flakes, Packaging Type: Plastic Bag, Packaging Size: 25 Kgs Bag",₹65/ kg,https://www.indiamart.com/proddetail/pet-flakes-2849423130912.html,pet-bottle-flake,ahmedabad,kg
Natural Hot Washed Pet Flakes,₹50/ kg,https://www.indiamart.com/proddetail/pet-flakes-2851775610812.html,pet-bottle-flake,ahmedabad,kg
Natural Hot Washed Pet Bottle Flakes,₹85/ kg,https://www.indiamart.com/proddetail/pet-bottle-flakes-26561140662.html,pet-bottle-flake,ahmedabad,kg
Pet Bottles Flakes First Quality,₹38/ kg,https://www.indiamart.com/proddetail/pet-bottles-flakes-first-quality-15228874412.html,pet-bottle-flake,ahmedabad,kg
"PET Bottle Flakes, Packaging Type: Pp Bag",₹50/ kg,https://www.indiamart.com/proddetail/pet-bottle-flakes-22605371030.html,pet-bottle-flake,ahmedabad,kg
Milky White Pet Flakes,₹65/ kg,https://www.indiamart.com/proddetail/pet-flakes-2850803046512.html,pet-bottle-flake,ahmedabad,kg
"Green Hot Washed Recycled PET Bottle Flakes G 2, Packaging Type: Plastic Bag, Packaging Size: 50 Kg",₹58/ kg,https://www.indiamart.com/proddetail/recycled-pet-bottle-flakes-g-2-19219998412.html,pet-bottle-flake,ahmedabad,kg
Milky White PET Bottle Flakes Scrap,₹55/ kg,https://www.indiamart.com/proddetail/pet-bottle-flakes-scrap-21100751291.html,pet-bottle-flake,ahmedabad,kg
Natural Hot Washed Pet Flakes,₹50/ kg,https://www.indiamart.com/proddetail/pet-flakes-24825024633.html,pet-bottle-flake,ahmedabad,kg
Transparent & Blue Hot Washed Mixed Color Pet Flakes,₹58/ kg,https://www.indiamart.com/proddetail/mixed-color-pet-flakes-24618893555.html,pet-bottle-flake,ahmedabad,kg
clear Hot Washed Pet Bottle Scrap,₹48/ kg,https://www.indiamart.com/proddetail/pet-bottle-scrap-2851568495030.html,pet-bottle-flake,ahmedabad,kg
Natural Pet Flakes,₹64/ kg,https://www.indiamart.com/proddetail/pet-flakes-27095474830.html,pet-bottle-flake,ahmedabad,kg
Natural Unwashed PET Bottle Flakes,₹78/ kg,https://www.indiamart.com/proddetail/pet-bottle-flakes-27550973312.html,pet-bottle-flake,ahmedabad,kg
"Polyester Flakes For Industrial, Packaging Type: Plastic Bag",₹17/ kg,https://www.indiamart.com/proddetail/polyester-flakes-23221009112.html,pet-bottle-flake,ahmedabad,kg
Natural Hot Washed PET Flakes Scrap,₹58/ kg,https://www.indiamart.com/proddetail/pet-flakes-scrap-2850512392612.html,pet-bottle-flake,ahmedabad,kg
White Hot Washed Clear PET Flakes,₹54/ kg,https://www.indiamart.com/proddetail/clear-pet-flakes-2851833980891.html,pet-bottle-flake,ahmedabad,kg
"50kg White PET Flake, Packaging Type: PP Bag",₹57/ kg,https://www.indiamart.com/proddetail/50kg-white-pet-flake-21558730748.html,pet-bottle-flake,ahmedabad,kg
Cold Washed Blue PET Bottle Flake,₹60/ kg,https://www.indiamart.com/proddetail/blue-pet-bottle-flake-2851358658748.html,pet-bottle-flake,ahmedabad,kg
Washed Neck Pet Flakes,"₹3,000/ kg",https://www.indiamart.com/sarvatipolitec-limited/,pet-bottle-flake,agra,kg
Flake PET Granules,₹80/ kg,https://www.indiamart.com/proddetail/flake-pet-granules-20988380888.html,pet-bottle-flake,amritsar,kg
Plastic Chair Flakes,₹46/ kg,https://www.indiamart.com/msr-industries-allahabad/,pet-bottle-flake,allahabad,kg
"Silver Iron Loose Scrap, For Metal Industry",₹65/ kg,https://www.indiamart.com/proddetail/silver-iron-loose-scrap-27020467048.html,ferrous-metal-scrap,ahmedabad,kg
"Ss 316 Shaded Foundary Scrap, For stainless steel",₹250/ kg,https://www.indiamart.com/proddetail/ss-316-shaded-foundary-scrap-2849923694530.html,ferrous-metal-scrap,ahmedabad,kg
"Metal Sheet Scrap, Packaging Type: Bundle","₹41,000/ metric",https://www.indiamart.com/proddetail/metal-sheet-scrap-21799959591.html,ferrous-metal-scrap,ahmedabad,metric
"Aluminium Radiator Scrap, For Metal Industry",₹110/ kg,https://www.indiamart.com/proddetail/aluminium-radiator-scrap-23316274797.html,ferrous-metal-scrap,ahmedabad,kg
"Ms Saliya, Size: Etc",₹42.5/ kg,https://www.indiamart.com/proddetail/ms-saliya-24062995973.html,ferrous-metal-scrap,ahmedabad,kg
"Aluminium Radiator Scrap, For Melting",₹125/ kg,https://www.indiamart.com/proddetail/aluminium-radiator-scrap-21464213091.html,ferrous-metal-scrap,ahmedabad,kg
"Black Mild Steel MS Turning Powder Scrap, For Metal Industry, Packaging Type: Loose","₹41,000/ tonne",https://www.indiamart.com/proddetail/ms-turning-powder-scrap-22009821691.html,ferrous-metal-scrap,ahmedabad,tonne
Non Ferrous Scrap Metal,"₹2,000/ kg",https://www.indiamart.com/proddetail/non-ferrous-scrap-metal-2869281248.html,ferrous-metal-scrap,ahmedabad,kg
Cast Iron Solid Scrap,"₹19,200/ tonne",https://www.indiamart.com/proddetail/cast-iron-solid-scrap-12981434112.html,ferrous-metal-scrap,ahmedabad,tonne
"Cast Iron Scraps, For Industries","₹39,000/ tonne",https://www.indiamart.com/proddetail/cast-iron-scraps-2851011190888.html,ferrous-metal-scrap,ahmedabad,tonne
"1 inch Iron Rail Hook Scrap, For Casting",₹45/ kg,https://www.indiamart.com/proddetail/1-inch-iron-rail-hook-scrap-2851513122548.html,ferrous-metal-scrap,ahmedabad,kg
"Cut Piece Iron Scrap, For Foundry Industry",₹44/ kg,https://www.indiamart.com/proddetail/cut-piece-iron-scrap-27130776288.html,ferrous-metal-scrap,ahmedabad,kg
"ALUMINIUM DIRTY REDIATOR SCRAP, For Metal Industry, 25 Kg",₹135/ kg,https://www.indiamart.com/proddetail/aluminium-dirty-rediator-scrap-26083780062.html,ferrous-metal-scrap,ahmedabad,kg
Cast Iron Scrap,₹21/ kg,https://www.indiamart.com/proddetail/cast-iron-scrap-21235257797.html,ferrous-metal-scrap,ahmedabad,kg
"Cast Iron Scraps Hms 1, For Metal Industry",₹51/ kg,https://www.indiamart.com/proddetail/cast-iron-scraps-hms-1-26408923173.html,ferrous-metal-scrap,ahmedabad,kg
"Cast Iron Scrap, For Foundry Industry, 50 Kg","₹42,500/ tonne",https://www.indiamart.com/proddetail/cast-iron-scrap-2850087393888.html,ferrous-metal-scrap,ahmedabad,tonne
"Iron Melting Scrap, For Metal Industry",₹52/ kg,https://www.indiamart.com/proddetail/iron-melting-scrap-26518065062.html,ferrous-metal-scrap,ahmedabad,kg
"Silver Aluminium Radiator Scrap, For Metal Industry",₹130/ kg,https://www.indiamart.com/proddetail/silver-aluminium-radiator-scrap-2852157365612.html,ferrous-metal-scrap,ahmedabad,kg
"Hastelloy C276 Scrap, C276 Plates Scrap, C276 Solid Scrap, For Foundry Industry","₹1,800/ kg",https://www.indiamart.com/proddetail/hastelloy-c276-scrap-c276-plates-scrap-c276-solid-scrap-2851551448812.html,ferrous-metal-scrap,ahmedabad,kg
Ferrous Steel Scrap,₹30/ kg,https://www.indiamart.com/proddetail/ferrous-steel-scrap-4366425897.html,ferrous-metal-scrap,ahmedabad,kg
Stainless Steel 347 Foundry Scrap / 347 Plate Cutting Scrap,₹150/ kg,https://www.indiamart.com/proddetail/stainless-steel-347-foundry-scrap-347-plate-cutting-scrap-2851304450812.html,ferrous-metal-scrap,ahmedabad,kg
Industrial Iron Scrap,₹22/ kg,https://www.indiamart.com/proddetail/industrial-iron-scrap-7331181912.html,ferrous-metal-scrap,ahmedabad,kg
Inconel 909 Scrap/ Inconel 909 Foundry Scrap/ Inco 909 Scrap,₹550/ kg,https://www.indiamart.com/proddetail/inconel-909-scrap-inconel-909-foundry-scrap-inco-909-scrap-11643042755.html,ferrous-metal-scrap,ahmedabad,kg
Cast Iron Scrap,₹40/ kg,https://www.indiamart.com/mharakhjisons/,ferrous-metal-scrap,ahmedabad,kg
"Steel NEW RAIL A65, For Metal Industry",₹92/ kg,https://www.indiamart.com/proddetail/new-rail-a65-2851745274491.html,ferrous-metal-scrap,ahmedabad,kg
"Aluminium Radiator Scrap, For Metal Industry",₹88/ kg,https://www.indiamart.com/proddetail/aluminium-radiator-scrap-13912210288.html,ferrous-metal-scrap,ahmedabad,kg
"Aluminium Radiator Scrap, For Foundry Industry",₹140/ kg,https://www.indiamart.com/proddetail/aluminium-radiator-scrap-2850031289333.html,ferrous-metal-scrap,agra,kg
Black iron and steel Di Pipe Scrap,₹46/ kg,https://www.indiamart.com/proddetail/di-pipe-scrap-2850267084773.html,ferrous-metal-scrap,agra,kg
MS(IRON) Ferrous Metal Scrap,"₹35,000/ tonne",https://www.indiamart.com/proddetail/ferrous-metal-scrap-27509434048.html,ferrous-metal-scrap,agra,tonne
Cast Iron Scrap,₹50/ kg,https://www.indiamart.com/tomarenterprises/,ferrous-metal-scrap,agra,kg
Used Iron Scrap,₹40/ kg,https://www.indiamart.com/ms-varsha-enterprises/,ferrous-metal-scrap,agra,kg
Old Iron Scrap,₹17/ kg,https://www.indiamart.com/payal-entp-agra/,ferrous-metal-scrap,agra,kg
"Iron Scrap, For Metal Industry, 50 Kg",₹30/ kg,https://www.indiamart.com/proddetail/iron-scrap-26751078962.html,ferrous-metal-scrap,agra,kg
Raidator Scrap,₹350/ kg,https://www.indiamart.com/daksh-metal-traders-agra/,ferrous-metal-scrap,agra,kg
"Cast Iron Boring Scrap, For Foundry Industry",₹41/ kg,https://www.indiamart.com/proddetail/cast-iron-boring-scrap-24273743255.html,ferrous-metal-scrap,amritsar,kg
C I Scrap,₹46/ kg,https://www.indiamart.com/om-prakashsons/,ferrous-metal-scrap,amritsar,kg
Ferrous Metal Scrap,₹100/ kg,https://www.indiamart.com/pardhan-steels/,ferrous-metal-scrap,amritsar,kg
Ferrous Metal Scrap,₹35/ kg,https://www.indiamart.com/proddetail/ferrous-metal-scrap-25318250791.html,ferrous-metal-scrap,allahabad,kg
"Pig Iron Scrap, For Foundry Industry","₹25,000/ tonne",https://www.indiamart.com/proddetail/pig-iron-scrap-17746276655.html,ferrous-metal-scrap,allahabad,tonne
"Cast Iron Scrap, For Foundry Industry",₹45/ kg,https://www.indiamart.com/proddetail/cast-iron-scrap-19154259530.html,ferrous-metal-scrap,allahabad,kg
Scrap,₹450/ kg,https://www.indiamart.com/vaishnav-electronics-and-metal-scrap/,ferrous-metal-scrap,allahabad,kg
Scrap,₹50 crore/ tonne,https://www.indiamart.com/proddetail/scrap-25402295991.html,ferrous-metal-scrap,allahabad,tonne
Iron Scrap,₹40/ kg,https://www.indiamart.com/devansh-scarp-works/,ferrous-metal-scrap,allahabad,kg
Scrap Iron Plate,"₹49,000/ tonne",https://www.indiamart.com/nitin-enterprises-prayagraj/,ferrous-metal-scrap,allahabad,tonne
"Aluminum Vehicle Radiator Scrap, For Automobile",₹145/ kg,https://www.indiamart.com/proddetail/aluminum-vehicle-radiator-scrap-2850622367388.html,ferrous-metal-scrap,amroha,kg
Loha Scrap,₹47/ tonne,https://www.indiamart.com/malik-terders/,ferrous-metal-scrap,amroha,tonne
Loha Scrap,₹39/ kg,https://www.indiamart.com/malik-traders-dhanaura/,ferrous-metal-scrap,amroha,kg
Iron Scrap,₹19/ kg,https://www.indiamart.com/bharat-scrap-traders-gajraula/,ferrous-metal-scrap,amroha,kg
"Galvanised Iron Scrap, For Metal Industry, 25 Kg","₹1,000/ tonne",https://www.indiamart.com/company/180024845/,ferrous-metal-scrap,amroha,tonne
