name,price,url,category,city
Natural Hot Washed PET Bottle Flake,₹60/ Kg,https://www.indiamart.com/proddetail/pet-bottle-flake-23633018497.html,pet-bottle-flake,ahmedabad
Unwashed White milky pet,₹42/ Kg,https://www.indiamart.com/proddetail/white-milky-pet-2850955133630.html,pet-bottle-flake,ahmedabad
"Natural Hot Washed pet flakes, Packaging Type: Plastic Bag, Packaging Size: 25 Kgs Bag",₹65/ Kg,https://www.indiamart.com/proddetail/pet-flakes-2849423130912.html,pet-bottle-flake,ahmedabad
"Pet Bottle Flakes, Packaging Type: Plastic Bag, Packaging Size: 25 Kg",Packaging Type:  Plastic Bag,https://www.indiamart.com/proddetail/pet-bottle-flakes-13815055055.html,pet-bottle-flake,ahmedabad
Natural Hot Washed Pet Flakes,₹50/ Kg,https://www.indiamart.com/proddetail/pet-flakes-2851775610812.html,pet-bottle-flake,ahmedabad
Natural Hot Washed Pet Bottle Flakes,₹85/ Kg,https://www.indiamart.com/proddetail/pet-bottle-flakes-26561140662.html,pet-bottle-flake,ahmedabad
"Nexgen Plasstek White PET Flake, Pack Size: 25 Kg , for Making a pet preform","नेक्सजन प्लास्टेक सफेद पीईटी फ्लेक पैक: 25 किलोग्राम, एक पालतू प्रीफॉर्म बनाने के लिए",https://www.indiamart.com/proddetail/white-pet-flake-20401428433.html,pet-bottle-flake,ahmedabad
Pet Bottles Flakes First Quality,₹38/ Kg,https://www.indiamart.com/proddetail/pet-bottles-flakes-first-quality-15228874412.html,pet-bottle-flake,ahmedabad
Pet Flakes,,https://www.indiamart.com/proddetail/pet-flakes-2403610333.html,pet-bottle-flake,ahmedabad
"PET Bottle Flakes, Packaging Type: Pp Bag",₹50/ Kg,https://www.indiamart.com/proddetail/pet-bottle-flakes-22605371030.html,pet-bottle-flake,ahmedabad
Milky White Pet Flakes,₹65/ Kg,https://www.indiamart.com/proddetail/pet-flakes-2850803046512.html,pet-bottle-flake,ahmedabad
Pet Flake,,https://www.indiamart.com/mahaveer-trading-surat/,pet-bottle-flake,ahmedabad
Clear Pet Flakes,,https://www.indiamart.com/stark-sales-service/,pet-bottle-flake,ahmedabad
LDPE Bottle Flakes,Bottle Flakes,https://www.indiamart.com/hasti-polymer/,pet-bottle-flake,ahmedabad
Pet Botle Flaks,,https://www.indiamart.com/alif-plastic-and-scrub/,pet-bottle-flake,ahmedabad
"Green Hot Washed Recycled PET Bottle Flakes G 2, Packaging Type: Plastic Bag, Packaging Size: 50 Kg",₹58/ Kilogram,https://www.indiamart.com/proddetail/recycled-pet-bottle-flakes-g-2-19219998412.html,pet-bottle-flake,ahmedabad
Milky White PET Bottle Flakes Scrap,₹55/ Kg,https://www.indiamart.com/proddetail/pet-bottle-flakes-scrap-21100751291.html,pet-bottle-flake,ahmedabad
"PET Flakes, Pack Size: 25 Kg",पीईटी फ्लेक्स पैक: 25 kg,https://www.indiamart.com/proddetail/pet-flakes-19991381112.html,pet-bottle-flake,ahmedabad
Natural Hot Washed Pet Flakes,₹50/ Kg,https://www.indiamart.com/proddetail/pet-flakes-24825024633.html,pet-bottle-flake,ahmedabad
Transparent & Blue Hot Washed Mixed Color Pet Flakes,₹58/ Kg,https://www.indiamart.com/proddetail/mixed-color-pet-flakes-24618893555.html,pet-bottle-flake,ahmedabad
clear Hot Washed Pet Bottle Scrap,₹48/ Kg,https://www.indiamart.com/proddetail/pet-bottle-scrap-2851568495030.html,pet-bottle-flake,ahmedabad
Natural Pet Flakes,₹64/ Kg,https://www.indiamart.com/proddetail/pet-flakes-27095474830.html,pet-bottle-flake,ahmedabad
Natural Unwashed PET Bottle Flakes,₹78/ Kg,https://www.indiamart.com/proddetail/pet-bottle-flakes-27550973312.html,pet-bottle-flake,ahmedabad
"Polyester Flakes For Industrial, Packaging Type: Plastic Bag",₹17/ Kg,https://www.indiamart.com/proddetail/polyester-flakes-23221009112.html,pet-bottle-flake,ahmedabad
Natural Hot Washed PET Flakes Scrap,₹58/ Kg,https://www.indiamart.com/proddetail/pet-flakes-scrap-2850512392612.html,pet-bottle-flake,ahmedabad
White Hot Washed Clear PET Flakes,₹54/ Kg,https://www.indiamart.com/proddetail/clear-pet-flakes-2851833980891.html,pet-bottle-flake,ahmedabad
"50kg White PET Flake, Packaging Type: PP Bag",₹57/ Kilogram,https://www.indiamart.com/proddetail/50kg-white-pet-flake-21558730748.html,pet-bottle-flake,ahmedabad
Cold Washed Blue PET Bottle Flake,₹60/ Kg,https://www.indiamart.com/proddetail/blue-pet-bottle-flake-2851358658748.html,pet-bottle-flake,ahmedabad
Washed Neck Pet Flakes,"₹3,000/ Kg",https://www.indiamart.com/sarvatipolitec-limited/,pet-bottle-flake,agra
Pet Bottle Flskes Buyres,,https://www.indiamart.com/s-n-bursh-and-all-products/,pet-bottle-flake,agra
Pet Bottle Flakes,,https://www.indiamart.com/h-s-wire-products/,pet-bottle-flake,agra
Pet Bottle Flake,,https://www.indiamart.com/k-r-plastics-works/,pet-bottle-flake,agra
Plastic Pet Bottle Flacks Seller,,https://www.indiamart.com/vijaya-ent/,pet-bottle-flake,agra
Flake PET Granules,₹80/ Kilogram,https://www.indiamart.com/proddetail/flake-pet-granules-20988380888.html,pet-bottle-flake,amritsar
Recycled Hot Washed Pet Flakes,,https://www.indiamart.com/om-india-amritsar/,pet-bottle-flake,amritsar
Pet Bottle Flakes,,https://www.indiamart.com/raman-pawan-kirana-store/,pet-bottle-flake,amritsar
Pet Bottle Flakes,,,pet-bottle-flake,amritsar
Plastic Chair Flakes,₹46/ Kg,https://www.indiamart.com/msr-industries-allahabad/,pet-bottle-flake,allahabad
Pet Flakes,,https://www.indiamart.com/vinay-plastic-allahabad/,pet-bottle-flake,allahabad
Plastic Bottles Flakes,,https://www.indiamart.com/ajay-wheat-center/,pet-bottle-flake,amroha
"Silver Iron Loose Scrap, For Metal Industry",₹65/ Kg,https://www.indiamart.com/proddetail/silver-iron-loose-scrap-27020467048.html,ferrous-metal-scrap,ahmedabad
"Ss 316 Shaded Foundary Scrap, For stainless steel",₹250/ Kilogram,https://www.indiamart.com/proddetail/ss-316-shaded-foundary-scrap-2849923694530.html,ferrous-metal-scrap,ahmedabad
"Metal Sheet Scrap, Packaging Type: Bundle","₹41,000/ Metric",https://www.indiamart.com/proddetail/metal-sheet-scrap-21799959591.html,ferrous-metal-scrap,ahmedabad
"Aluminium Radiator Scrap, For Metal Industry",₹110/ Kg,https://www.indiamart.com/proddetail/aluminium-radiator-scrap-23316274797.html,ferrous-metal-scrap,ahmedabad
"Ms Saliya, Size: Etc",₹42.5/ Kg,https://www.indiamart.com/proddetail/ms-saliya-24062995973.html,ferrous-metal-scrap,ahmedabad
"Aluminium Radiator Scrap, For Melting",₹125/ Kg,https://www.indiamart.com/proddetail/aluminium-radiator-scrap-21464213091.html,ferrous-metal-scrap,ahmedabad
"Black Mild Steel MS Turning Powder Scrap, For Metal Industry, Packaging Type: Loose","₹41,000/ Metric Ton",https://www.indiamart.com/proddetail/ms-turning-powder-scrap-22009821691.html,ferrous-metal-scrap,ahmedabad
Non Ferrous Scrap Metal,"₹2,000/ Kg",https://www.indiamart.com/proddetail/non-ferrous-scrap-metal-2869281248.html,ferrous-metal-scrap,ahmedabad
"Iron Scrap, For Industrial",Usage/Application:  Industrial,https://www.indiamart.com/proddetail/iron-scrap-9289369055.html,ferrous-metal-scrap,ahmedabad
Cast Iron Solid Scrap,"₹19,200/ Metric Ton",https://www.indiamart.com/proddetail/cast-iron-solid-scrap-12981434112.html,ferrous-metal-scrap,ahmedabad
"Cast Iron Scraps, For Industries","₹39,000/ Tonne",https://www.indiamart.com/proddetail/cast-iron-scraps-2851011190888.html,ferrous-metal-scrap,ahmedabad
"1 inch Iron Rail Hook Scrap, For Casting",₹45/ Kg,https://www.indiamart.com/proddetail/1-inch-iron-rail-hook-scrap-2851513122548.html,ferrous-metal-scrap,ahmedabad
"Cut Piece Iron Scrap, For Foundry Industry",₹44/ Kg,https://www.indiamart.com/proddetail/cut-piece-iron-scrap-27130776288.html,ferrous-metal-scrap,ahmedabad
"ALUMINIUM DIRTY REDIATOR SCRAP, For Metal Industry, 25 Kg",₹135/ Kg,https://www.indiamart.com/proddetail/aluminium-dirty-rediator-scrap-26083780062.html,ferrous-metal-scrap,ahmedabad
Cast Iron Scrap,₹21/ Kilogram,https://www.indiamart.com/proddetail/cast-iron-scrap-21235257797.html,ferrous-metal-scrap,ahmedabad
"Cast Iron Scraps Hms 1, For Metal Industry",₹51/ Kg,https://www.indiamart.com/proddetail/cast-iron-scraps-hms-1-26408923173.html,ferrous-metal-scrap,ahmedabad
Cast Iron Scrap,कास्ट आयरन का स्क्रैप,https://www.indiamart.com/proddetail/cast-iron-scrap-19098244733.html,ferrous-metal-scrap,ahmedabad
"Cast Iron Scrap, For Foundry Industry, 50 Kg","₹42,500/ Tonne",https://www.indiamart.com/proddetail/cast-iron-scrap-2850087393888.html,ferrous-metal-scrap,ahmedabad
"Iron Melting Scrap, For Metal Industry",₹52/ Kg,https://www.indiamart.com/proddetail/iron-melting-scrap-26518065062.html,ferrous-metal-scrap,ahmedabad
"Silver Aluminium Radiator Scrap, For Metal Industry",₹130/ Kg,https://www.indiamart.com/proddetail/silver-aluminium-radiator-scrap-2852157365612.html,ferrous-metal-scrap,ahmedabad
"Hastelloy C276 Scrap, C276 Plates Scrap, C276 Solid Scrap, For Foundry Industry","₹1,800/ Kg",https://www.indiamart.com/proddetail/hastelloy-c276-scrap-c276-plates-scrap-c276-solid-scrap-2851551448812.html,ferrous-metal-scrap,ahmedabad
Ferrous Steel Scrap,₹30/ Kilogram(s),https://www.indiamart.com/proddetail/ferrous-steel-scrap-4366425897.html,ferrous-metal-scrap,ahmedabad
Stainless Steel 347 Foundry Scrap / 347 Plate Cutting Scrap,₹150/ Kg,https://www.indiamart.com/proddetail/stainless-steel-347-foundry-scrap-347-plate-cutting-scrap-2851304450812.html,ferrous-metal-scrap,ahmedabad
Industrial Iron Scrap,₹22/ Kg,https://www.indiamart.com/proddetail/industrial-iron-scrap-7331181912.html,ferrous-metal-scrap,ahmedabad
Inconel 909 Scrap/ Inconel 909 Foundry Scrap/ Inco 909 Scrap,₹550/ Kilogram,https://www.indiamart.com/proddetail/inconel-909-scrap-inconel-909-foundry-scrap-inco-909-scrap-11643042755.html,ferrous-metal-scrap,ahmedabad
Cast Iron Scrap,₹40/ Kg,https://www.indiamart.com/mharakhjisons/,ferrous-metal-scrap,ahmedabad
"Steel NEW RAIL A65, For Metal Industry",₹92/ Kg,https://www.indiamart.com/proddetail/new-rail-a65-2851745274491.html,ferrous-metal-scrap,ahmedabad
"Aluminium Radiator Scrap, For Metal Industry",₹88/ Kg,https://www.indiamart.com/proddetail/aluminium-radiator-scrap-13912210288.html,ferrous-metal-scrap,ahmedabad
"Aluminium Radiator Scrap, For Foundry Industry",₹140/ Kg,https://www.indiamart.com/proddetail/aluminium-radiator-scrap-2850031289333.html,ferrous-metal-scrap,agra
Black iron and steel Di Pipe Scrap,₹46/ Kg,https://www.indiamart.com/proddetail/di-pipe-scrap-2850267084773.html,ferrous-metal-scrap,agra
MS(IRON) Ferrous Metal Scrap,"₹35,000/ Ton",https://www.indiamart.com/proddetail/ferrous-metal-scrap-27509434048.html,ferrous-metal-scrap,agra
Iron Scrap,Usage/Application:  Any,https://www.indiamart.com/proddetail/iron-scrap-12200879312.html,ferrous-metal-scrap,agra
Cast Iron Scrap,₹50/ Kg,https://www.indiamart.com/tomarenterprises/,ferrous-metal-scrap,agra
Radiator Scrap,,https://www.indiamart.com/company/11145419/,ferrous-metal-scrap,agra
Ferrous Metal Scrap,Ferrous Scrap,https://www.indiamart.com/m-k-g-n-traders/,ferrous-metal-scrap,agra
Iron Scrap,Iron Scrap,https://www.indiamart.com/sarthi-enterprises-agra/,ferrous-metal-scrap,agra
Old Iron Scrap,Iron Scrap,https://www.indiamart.com/rs-sales-agra/,ferrous-metal-scrap,agra
Iron Scrap,Iron Scrapz,https://www.indiamart.com/laxmitraders-49112271/,ferrous-metal-scrap,agra
Old Iron Scrap,Iron Scrap,https://www.indiamart.com/msaktraders-agra/,ferrous-metal-scrap,agra
Scraps,,https://www.indiamart.com/trivedi-international-agra/,ferrous-metal-scrap,agra
Iron Scrap,Cast Iron Scrap,https://www.indiamart.com/company/142274994/,ferrous-metal-scrap,agra
Ms Iron,,https://www.indiamart.com/messors-bidhi-chand/,ferrous-metal-scrap,agra
3 Number Scrapped,,https://www.indiamart.com/aarav-sawray-scrap-traders/,ferrous-metal-scrap,agra
Kandur Crushed Scrap,Kandur Scrap,https://www.indiamart.com/rahul-scrap-traders/,ferrous-metal-scrap,agra
Used Iron Scrap,₹40/ Kg,https://www.indiamart.com/ms-varsha-enterprises/,ferrous-metal-scrap,agra
Old Iron Scrap,₹17/ Kilogram,https://www.indiamart.com/payal-entp-agra/,ferrous-metal-scrap,agra
"Iron Scrap, For Metal Industry, 50 Kg",₹30/ Kg,https://www.indiamart.com/proddetail/iron-scrap-26751078962.html,ferrous-metal-scrap,agra
Rod Scrap,Iron Srap,https://www.indiamart.com/shivamtradingcompany-181589179/,ferrous-metal-scrap,agra
Raidator Scrap,₹350/ Kg,https://www.indiamart.com/daksh-metal-traders-agra/,ferrous-metal-scrap,agra
Iron Scrap,Iron Scrap,https://www.indiamart.com/sindh-disposal-house/,ferrous-metal-scrap,agra
Ferrous Scrap,,https://www.indiamart.com/sohil-scrap/,ferrous-metal-scrap,agra
Iron,,https://www.indiamart.com/national-chamicals/,ferrous-metal-scrap,agra
Iron screp,,https://www.indiamart.com/manish-co-agra/,ferrous-metal-scrap,agra
Radiator Jali,,https://www.indiamart.com/arjun-radiator/,ferrous-metal-scrap,agra
Iron Scrap,Iron Scrap,https://www.indiamart.com/s-r-metcast-india-pricvate-limited/,ferrous-metal-scrap,agra
Cast Iron Waste Scrap,Ferrous Iron Scrap,https://www.indiamart.com/builtgoods-india-private-limited/,ferrous-metal-scrap,agra
"Cast Iron Boring Scrap, For Foundry Industry",₹41/ Kg,https://www.indiamart.com/proddetail/cast-iron-boring-scrap-24273743255.html,ferrous-metal-scrap,amritsar
C I Scrap,₹46/ Kilogram,https://www.indiamart.com/om-prakashsons/,ferrous-metal-scrap,amritsar
Iron Scrap,,https://www.indiamart.com/mkcreations-amritsar/,ferrous-metal-scrap,amritsar
Iron Sheet Scrap,,https://www.indiamart.com/jyotisteel-amritsar/,ferrous-metal-scrap,amritsar
Ferrous Metal Scrap,₹100/ Kg,https://www.indiamart.com/pardhan-steels/,ferrous-metal-scrap,amritsar
Iron Scrap,,https://www.indiamart.com/shiv-shakti-iron-steel-co/,ferrous-metal-scrap,amritsar
Iron Scrap,,https://www.indiamart.com/ss-trading-co-amritsar/,ferrous-metal-scrap,amritsar
Iron Scrap,लोहे की रद्दी,https://www.indiamart.com/mahadev-traders-amritsar/,ferrous-metal-scrap,amritsar
Iron Scrap,,https://www.indiamart.com/mktrading-co-amritsar/,ferrous-metal-scrap,amritsar
Iron Scrap,Iron Scrap,https://www.indiamart.com/gupta-brothers-amritsar/,ferrous-metal-scrap,amritsar
Old Iron Scrap,,https://www.indiamart.com/prs-enterprises-patti/,ferrous-metal-scrap,amritsar
Iron Scrap,,https://www.indiamart.com/dev-raj-pawan/,ferrous-metal-scrap,amritsar
Iron Scrap,,https://www.indiamart.com/vaishno-iron-scrap-company/,ferrous-metal-scrap,amritsar
Cast Iron Scrap,,https://www.indiamart.com/deepak-scrap-store/,ferrous-metal-scrap,amritsar
Cast Iron Scraps,,https://www.indiamart.com/company/146888737/,ferrous-metal-scrap,amritsar
Ferrous Scrap,,https://www.indiamart.com/company/146889267/,ferrous-metal-scrap,amritsar
Iron Scrap,,https://www.indiamart.com/company/146917287/,ferrous-metal-scrap,amritsar
Iron Scrap,,https://www.indiamart.com/company/152470733/,ferrous-metal-scrap,amritsar
Cast Iron Waste,,https://www.indiamart.com/company/14314923/,ferrous-metal-scrap,amritsar
Iron Scrap,,https://www.indiamart.com/maa-paper-product/,ferrous-metal-scrap,amritsar
Iron Scrap,,https://www.indiamart.com/vikas-traders-amritsar/,ferrous-metal-scrap,amritsar
All Type Of Scrap,,https://www.indiamart.com/gupta-trander/,ferrous-metal-scrap,amritsar
Ferrous Metal Scrap,,https://www.indiamart.com/maa-laxmi-steels-amritsar/,ferrous-metal-scrap,amritsar
Iron Scrap,,https://www.indiamart.com/company/28661889/,ferrous-metal-scrap,amritsar
Ferrous Metal Scrap,,https://www.indiamart.com/shree-krishna-industries-amritsar/,ferrous-metal-scrap,amritsar
Ferrous Metal Scrap,,https://www.indiamart.com/company/161007660/,ferrous-metal-scrap,amritsar
Ferrous Scrap,,https://www.indiamart.com/airportsauthorityofindia-amritsar/,ferrous-metal-scrap,amritsar
Iron And Steel Scraps,,https://www.indiamart.com/rgt-metal-industries/,ferrous-metal-scrap,amritsar
Ferrous Metal Scrap,₹35/ Kg,https://www.indiamart.com/proddetail/ferrous-metal-scrap-25318250791.html,ferrous-metal-scrap,allahabad
"Pig Iron Scrap, For Foundry Industry","₹25,000/ Tonne",https://www.indiamart.com/proddetail/pig-iron-scrap-17746276655.html,ferrous-metal-scrap,allahabad
"Cast Iron Scrap, For Foundry Industry",₹45/ Kg,https://www.indiamart.com/proddetail/cast-iron-scrap-19154259530.html,ferrous-metal-scrap,allahabad
Scrap,₹450/ Kg,https://www.indiamart.com/vaishnav-electronics-and-metal-scrap/,ferrous-metal-scrap,allahabad
Iron Scrap,Radiator Scrap,https://www.indiamart.com/ms-maa-vaishnav-traders/,ferrous-metal-scrap,allahabad
Iron Scrap,,https://www.indiamart.com/jai-ma-kali-traders-allahabad/,ferrous-metal-scrap,allahabad
Scrap,₹50 Crore/ Tonne,https://www.indiamart.com/proddetail/scrap-25402295991.html,ferrous-metal-scrap,allahabad
Iron Scrap,₹40/ Kg,https://www.indiamart.com/devansh-scarp-works/,ferrous-metal-scrap,allahabad
Iron Scrap,Iron Scrap,https://www.indiamart.com/jaiswal-tradersallahabad/,ferrous-metal-scrap,allahabad
Cast Iron Waste,Ferrous Scrap,https://www.indiamart.com/adenterprises-prayagraj/,ferrous-metal-scrap,allahabad
Scrap Iron Plate,"₹49,000/ Tonne",https://www.indiamart.com/nitin-enterprises-prayagraj/,ferrous-metal-scrap,allahabad
Ferrous Metal Scraps,Ferrous Metal Waste And Scrap,https://www.indiamart.com/company/117225220/,ferrous-metal-scrap,allahabad
Iron Scrap,,https://www.indiamart.com/om-disposal-traders/,ferrous-metal-scrap,allahabad
Iron Scrap,लोहे की रद्दी,https://www.indiamart.com/anantoolal/,ferrous-metal-scrap,allahabad
ferrous waste,Ferrous Waste 2,https://www.indiamart.com/transfer-technique/,ferrous-metal-scrap,allahabad
Durmush,,https://www.indiamart.com/calcutta-hardware-stores-prayagraj/,ferrous-metal-scrap,allahabad
Scrap,Scrap,https://www.indiamart.com/mohitenterprises-prayagraj/,ferrous-metal-scrap,allahabad
Iron Scrap,,https://www.indiamart.com/shree-ram-enterprises-allahabad/,ferrous-metal-scrap,allahabad
Scrap,,https://www.indiamart.com/hindustan-scrap/,ferrous-metal-scrap,allahabad
All Type Of Scrap,,https://www.indiamart.com/rsm-medical-center/,ferrous-metal-scrap,allahabad
Cast Scrap,,https://www.indiamart.com/niteshenterprises-prayagraj/,ferrous-metal-scrap,allahabad
Cast Iron Scrap,,https://www.indiamart.com/rudra-traders-prayagraj/,ferrous-metal-scrap,allahabad
All Types Iron Scrap,,https://www.indiamart.com/ms-meena-associates/,ferrous-metal-scrap,allahabad
Iron Scrap,,https://www.indiamart.com/ferrous-and-non-ferrous-scrap/,ferrous-metal-scrap,allahabad
Iron Scrap,,https://www.indiamart.com/magool-kirana-store/,ferrous-metal-scrap,allahabad
Cast Iron Scrap,,https://www.indiamart.com/meena-associates/,ferrous-metal-scrap,allahabad
Ferrous Metal Scrap,,https://www.indiamart.com/company/86361196/,ferrous-metal-scrap,allahabad
Pig Iron Scrap,,https://www.indiamart.com/company/42306275/,ferrous-metal-scrap,allahabad
"Aluminum Vehicle Radiator Scrap, For Automobile",₹145/ Kg,https://www.indiamart.com/proddetail/aluminum-vehicle-radiator-scrap-2850622367388.html,ferrous-metal-scrap,amroha
Iron Scrap,लोहे की रद्दी,https://www.indiamart.com/sami-and-sons-amroha/,ferrous-metal-scrap,amroha
Radiator Scrap,Iron Scrap,https://www.indiamart.com/lsa-enterprises/,ferrous-metal-scrap,amroha
Radiator Scrap,Iron Scrap,https://www.indiamart.com/company/146135023/,ferrous-metal-scrap,amroha
Cast Iron Scrap,Iron Scrap,https://www.indiamart.com/nkm-infra-construction/,ferrous-metal-scrap,amroha
Iron Scrap,Scrap,https://www.indiamart.com/company/47472936/,ferrous-metal-scrap,amroha
Loha Scrap,₹47/ Tonne,https://www.indiamart.com/malik-terders/,ferrous-metal-scrap,amroha
Iron Scrap,,https://www.indiamart.com/malik-traders-gajraula/,ferrous-metal-scrap,amroha
Loha Scrap,₹39/ Kg,https://www.indiamart.com/malik-traders-dhanaura/,ferrous-metal-scrap,amroha
Iron Scrap,,https://www.indiamart.com/mk-electronics-electricals/,ferrous-metal-scrap,amroha
Iron Scrap,₹19/ Kilogram,https://www.indiamart.com/bharat-scrap-traders-gajraula/,ferrous-metal-scrap,amroha
Iron Scrap,लोहे की रद्दी,https://www.indiamart.com/proddetail/iron-scrap-3806090412.html,ferrous-metal-scrap,amroha
"Galvanised Iron Scrap, For Metal Industry, 25 Kg","₹1,000/ Tonne",https://www.indiamart.com/company/180024845/,ferrous-metal-scrap,amroha
Iron Scraps Proudcts,,https://www.indiamart.com/indian-scrap/,ferrous-metal-scrap,amroha
Ferrous Metal Scrap,,https://www.indiamart.com/company/127343949/,ferrous-metal-scrap,amroha
Ferrous Metal Scrap,,https://www.indiamart.com/company/68357098/,ferrous-metal-scrap,amroha
Ferrous Metal Scrap,,https://www.indiamart.com/sarkar-building-material/,ferrous-metal-scrap,amroha
Cast Iron Waste,,https://www.indiamart.com/company/158021989/,ferrous-metal-scrap,amroha
Cast Iron Scraps,,https://www.indiamart.com/company/95510076/,ferrous-metal-scrap,amroha
Ferrous Metal Scrap,,https://www.indiamart.com/company/181582106/,ferrous-metal-scrap,amroha
Ferrous Metal Scrap,,https://www.indiamart.com/company/96928375/,ferrous-metal-scrap,amroha
Ferrous Metal Scrap,,https://www.indiamart.com/tatsha-baba-traders/,ferrous-metal-scrap,amroha
Ferrous Metal Scrap,,https://www.indiamart.com/company/22159090/,ferrous-metal-scrap,amroha
Cast Iron Waste,,https://www.indiamart.com/company/78049097/,ferrous-metal-scrap,amroha
Ferrous Metal Scrap,,https://www.indiamart.com/company/120770218/,ferrous-metal-scrap,amroha
Ferrous Metal Scrap,,https://www.indiamart.com/company/49071730/,ferrous-metal-scrap,amroha
Ferrous Metal Scrap,,https://www.indiamart.com/company/89165055/,ferrous-metal-scrap,amroha
Ferrous Metal Scrap,,https://www.indiamart.com/company/181573444/,ferrous-metal-scrap,amroha
