name,price,url,category,city
"Hot Washed PET Flakes, Pack Size: 25 Kg",₹45/ Kilogram,https://www.indiamart.com/proddetail/hot-washed-pet-flakes-19991055712.html,pet-bottle-flake,"Tardeo, Mumbai "
"Natural Wankai Bottle Grade Pet Chips, Packaging Type: Bags",₹90/ Kg,https://www.indiamart.com/proddetail/wankai-bottle-grade-pet-chips-22759857273.html,pet-bottle-flake,"Srinagar Colony, Hyderabad "
Natural Hot Washed Pet Fines,₹60/ Kg,https://www.indiamart.com/proddetail/pet-fines-2851891871573.html,pet-bottle-flake,Jaipur 
Hot Washed PET Flakes,₹49/ Kg,https://www.indiamart.com/proddetail/hot-washed-pet-flakes-23782673662.html,pet-bottle-flake,"Elumathur, Erode "
Natural Hot Washed PET Bottle Flake,₹60/ Kg,https://www.indiamart.com/proddetail/pet-bottle-flake-23633018497.html,pet-bottle-flake,"Odhav, Ahmedabad "
Natural Pet Flakes,₹64/ Kg,https://www.indiamart.com/proddetail/pet-flakes-27095474830.html,pet-bottle-flake,"Ghatkopar West, Mumbai "
Natural Hot Washed PET Bottle Flake,₹62/ Kg,https://www.indiamart.com/proddetail/pet-bottle-flake-2852052297391.html,pet-bottle-flake,New Delhi 
Milky White PET Bottle Flakes Scrap,₹55/ Kg,https://www.indiamart.com/proddetail/pet-bottle-flakes-scrap-21100751291.html,pet-bottle-flake,Thane 
"White Pet Bottle Flakes, Packaging Type: PP Bag, Packaging Size: 450-500 kg",₹70/ Kg,https://www.indiamart.com/proddetail/pet-bottle-flakes-22691936648.html,pet-bottle-flake,"Dokmardi, Silvassa, Dist. Dadra and Nagar Haveli and Daman and Diu "
"Airson White Pet Dana, For Industrial, Packaging Type: Bag",₹75/ Kg,https://www.indiamart.com/proddetail/white-pet-dana-24594475391.html,pet-bottle-flake,Morbi 
"Clear Hot Washed PET Flakes, Packaging Type: PP Bag, Pack Size: 30 Kg",₹65/ Kilogram,https://www.indiamart.com/proddetail/hot-washed-pet-flakes-13286012562.html,pet-bottle-flake,Thane 
Flake PET Granules,₹80/ Kilogram,https://www.indiamart.com/proddetail/flake-pet-granules-20988380888.html,pet-bottle-flake,"EPIP, Baddi, Dist. Solan "
Hot Washed PET Bottle Flake,₹110/ Kg,https://www.indiamart.com/proddetail/pet-bottle-flake-24733882288.html,pet-bottle-flake,"Bhubaneswar, Dist. Khordha "
Natural Hot Washed Pet Flakes,₹50/ Kg,https://www.indiamart.com/proddetail/pet-flakes-24825024633.html,pet-bottle-flake,Indore 
Natural Hot Washed Pet Bottle Flakes,₹60/ Kg,https://www.indiamart.com/proddetail/pet-bottle-flakes-2851767887855.html,pet-bottle-flake,"Hingna Road, Wanadongri RIDC, Nagpur "
"Potassium Humate super shiny flakes, 25KG AND 20KG",₹40/ Kg,https://www.indiamart.com/proddetail/potassium-humate-super-shiny-flakes-9456047673.html,pet-bottle-flake,"Panvel, Raigad "
"WHITE, GREEN Recycled Pet Flake",₹70/ Kg,https://www.indiamart.com/proddetail/recycled-pet-flake-2850596036030.html,pet-bottle-flake,Morbi 
White Pet Bottle Flakes,₹57/ Kg,https://www.indiamart.com/proddetail/pet-bottle-flakes-2851303200573.html,pet-bottle-flake,"Alangudi, Dist. Pudukkottai "
Grey Loosely Packed Ped Bottle Flakes Scrap,₹45/ Kg,https://www.indiamart.com/proddetail/ped-bottle-flakes-scrap-2852080556912.html,pet-bottle-flake,Jaipur 
White PET Flakes Scrap,₹70/ Kg,https://www.indiamart.com/proddetail/white-pet-flakes-scrap-13367078633.html,pet-bottle-flake,Surat 
White Hot Washed Recycled PET Bottle Flakes,₹160/ Kg,https://www.indiamart.com/proddetail/recycled-pet-bottle-flakes-2851566332091.html,pet-bottle-flake,Mumbai 
Pet Bottle Flakes,₹65/ Kg,https://www.indiamart.com/proddetail/pet-bottle-flakes-25606881462.html,pet-bottle-flake,"Hariyawala, Kashipur, Dist. Udham Singh Nagar "
Cold Washed Milky White PET Bottle Flakes,₹62/ Kg,https://www.indiamart.com/proddetail/milky-white-pet-bottle-flakes-2851358542088.html,pet-bottle-flake,Mumbai 
Pet Bottle Powder,₹55/ Kg,https://www.indiamart.com/proddetail/pet-bottle-powder-2851091023630.html,pet-bottle-flake,"Kalol, Dist. Gandhi Nagar "
Natural White Recycled PET Bottle Flakes,₹56/ Kg,https://www.indiamart.com/proddetail/white-recycled-pet-bottle-flakes-2850517449688.html,pet-bottle-flake,Morbi 
Green Unwashed PET Bottle Flake,₹23/ Kg,https://www.indiamart.com/proddetail/green-unwashed-pet-bottle-flake-2852090698612.html,pet-bottle-flake,"Ambur, Dist. Vellore "
White Crushed PET Bottle Scrap,₹60/ Kg,https://www.indiamart.com/proddetail/crushed-pet-bottle-scrap-2850982485788.html,pet-bottle-flake,Ahmedabad 
Green Unwashed PET Bottle Flakes,₹45/ Kg,https://www.indiamart.com/proddetail/green-unwashed-pet-bottle-flakes-2851802177312.html,pet-bottle-flake,"Veerappampalayam, Erode "
White Hot Washed Clear PET Flakes,₹54/ Kg,https://www.indiamart.com/proddetail/clear-pet-flakes-2851833980891.html,pet-bottle-flake,"Bhuj, Dist. Kachchh "
"50kg White PET Flake, Packaging Type: PP Bag",₹57/ Kilogram,https://www.indiamart.com/proddetail/50kg-white-pet-flake-21558730748.html,pet-bottle-flake,"Gondal, Dist. Rajkot "
"Gpps Plastic Granding, Blade Size: 10mm",₹100/ Kg,https://www.indiamart.com/proddetail/gpps-plastic-granding-23387632333.html,pet-bottle-flake,"Ramol, Mehsana "
Natural Pet flakes,₹64/ Kg,https://www.indiamart.com/proddetail/pet-flakes-2850921753755.html,pet-bottle-flake,"Jayapuram, Tindivanam, Dist. Villupuram "
White Hot Washed Recycled Pet Bottle Flakes,₹64/ Kg,https://www.indiamart.com/proddetail/recycled-pet-bottle-flakes-2852375738173.html,pet-bottle-flake,Sonipat 
Cold Washed PET Bottle Flakes,₹65/ Kg,https://www.indiamart.com/proddetail/cold-washed-pet-bottle-flakes-2852302527262.html,pet-bottle-flake,Nalgonda 
Natural Baled Pet Bottles Scrap,₹32/ Kg,https://www.indiamart.com/proddetail/pet-bottles-scrap-23628676073.html,pet-bottle-flake,Indore 
Natural Pet Flakes,₹53/ Kilogram,https://www.indiamart.com/proddetail/natural-pet-flakes-26071315912.html,pet-bottle-flake,"Poonamallee, Chennai "
Milky White Cold Washed Plastic Bottle Pet Flake,₹40/ Kg,https://www.indiamart.com/proddetail/plastic-bottle-pet-flake-25386069448.html,pet-bottle-flake,"Panvel, Raigad "
Natural Cold Washed Pet Bottle Flakes,₹51/ Kilogram,https://www.indiamart.com/proddetail/pet-bottle-flakes-2851942829555.html,pet-bottle-flake,Chennai 
"Brown Hot Washed PET Bottle Flakes, For Used On Compression Molding",₹57/ Kg,https://www.indiamart.com/proddetail/brown-hot-washed-pet-bottle-flakes-24257046491.html,pet-bottle-flake,"Songadh, Dist. Tapi "
Milky White Grinded LD Bottel Scrap,₹52/ Kg,https://www.indiamart.com/proddetail/ld-bottel-scrap-21658418373.html,pet-bottle-flake,Bhopal 
"White Hot Washed PET Flakes, For Bottle Making, Packaging Size: 50 Kg",₹55/ Kg,https://www.indiamart.com/proddetail/hot-washed-pet-flakes-6679838397.html,pet-bottle-flake,Kolkata 
"White PET Plastic Flakes, Packaging Type: Bag, Packaging Size: 1 Tone",₹55/ Kg,https://www.indiamart.com/proddetail/pet-plastic-flakes-20541410612.html,pet-bottle-flake,"Daultabad, Gurgaon, Dist. Gurugram "
"White PET FLAKES HOT WASHED, For Industrial, Packaging Type: PP Bag",₹65/ Kg,https://www.indiamart.com/proddetail/pet-flakes-hot-washed-2849490441948.html,pet-bottle-flake,"Alangudi, Dist. Pudukkottai "
Natural Hot Washed PET bottle Flakes Scrap,₹64/ Kg,https://www.indiamart.com/proddetail/pet-bottle-flakes-scrap-2850597870191.html,pet-bottle-flake,"Gondal, Dist. Rajkot "
Light Blue Cold Washed Polycarbonate Bottle Flakes,₹112/ Kg,https://www.indiamart.com/proddetail/polycarbonate-bottle-flakes-26099724891.html,pet-bottle-flake,Mumbai 
PET Regrind - ( White Multicolor),₹35/ Kg,https://www.indiamart.com/proddetail/pet-regrind-white-multicolor-22580702155.html,pet-bottle-flake,Ludhiana 
"White Hot Washed PET Flakes, For Bottle Making",₹57/ Kg,https://www.indiamart.com/proddetail/white-hot-washed-pet-flakes-2852147795688.html,pet-bottle-flake,Shahjahanpur 
Pet Caps Scrap (Unwash),Pack Size:  25 Kg,https://www.indiamart.com/proddetail/pet-caps-scrap-unwash-20550398633.html,pet-bottle-flake,"GIDC, Vapi, Dist. Valsad "
Syrup/Chili Flakes Empty Bottle,Shelf Life:  10y,https://www.indiamart.com/proddetail/syrup-chili-flakes-empty-bottle-23962621730.html,pet-bottle-flake,"Chandni Chowk, New Delhi "
"Pet regrinds. ( Natural / Milky / Colored), Packaging Type: Plastic Bag, Packaging Size: 25Kg, Bag",Packaging Type:  Plastic Bag,https://www.indiamart.com/proddetail/pet-regrinds-natural-milky-colored-22679801055.html,pet-bottle-flake,"Indore GPO, Indore "
PET Bottle Flake,,,pet-bottle-flake,"Rabale, Navi Mumbai, Dist. Thane "
Used Beer Glass Bottle Scrap,,,pet-bottle-flake,Haveri 
Natural Cold Washed PET Bottle Flakes,₹54/ Kg,https://www.indiamart.com/proddetail/pet-bottle-flakes-2851082151697.html,pet-bottle-flake,Virudhunagar 
Natural Pet Bottle Flakes,₹60/ Kg,https://www.indiamart.com/proddetail/pet-bottle-flakes-2849731692455.html,pet-bottle-flake,Mehsana 
Natural Pet Bottle Flakes Unwashed,₹45/ Kg,https://www.indiamart.com/proddetail/pet-bottle-flakes-unwashed-2852373794030.html,pet-bottle-flake,Sagar 
"White Recycled PET Flakes, For Bottle Making",₹104/ Kg,https://www.indiamart.com/proddetail/recycled-pet-flakes-26093059397.html,pet-bottle-flake,Jaipur 
Milky White Cold Washed Pet Bottle Flakes,₹54/ Kg,https://www.indiamart.com/proddetail/cold-washed-pet-bottle-flakes-2851728139562.html,pet-bottle-flake,"Near Paras Bhatta, Etawah "
"Transparent Hot Washed PET Flakes, For Bottle Making, Packaging Type: PP Bag",₹55/ Kg,https://www.indiamart.com/proddetail/hot-washed-pet-flakes-9321377697.html,pet-bottle-flake,"Mulund, Mumbai "
"Green PET Strapping Flake, Packaging Type: Bag, Packaging Size: 25 Kg",₹52/ Kg,https://www.indiamart.com/proddetail/pet-strapping-flake-21575840073.html,pet-bottle-flake,"Sector 128, Noida, Dist. Gautam Buddha Nagar "
Mixed Grinded Unwashed Grinding Of Pet Bottle Scrap,"₹55,000/ Ton",https://www.indiamart.com/proddetail/unwashed-grinding-of-pet-bottle-scrap-24247376362.html,pet-bottle-flake,Tinsukia 
P E T White Bottle Flakes,₹45/ Kilogram,https://www.indiamart.com/proddetail/p-e-t-white-bottle-flakes-20211663291.html,pet-bottle-flake,"S. P. Ring Road, Vadodara "
Wash Plastic Flakes,₹35/ Kilogram,,pet-bottle-flake,"Katraj, Pune "
Milky White Pet Flakes,₹65/ Kg,https://www.indiamart.com/proddetail/pet-flakes-2850803046512.html,pet-bottle-flake,Ahmedabad 
Pet Flake,₹45/ Kg,https://www.indiamart.com/proddetail/pet-flake-23880497312.html,pet-bottle-flake,Thane 
"White pet bottle flacks unwashed, Packaging Type: Plastic Bag, Packaging Size: 50 Kgs",₹37/ Kg,https://www.indiamart.com/proddetail/pet-bottle-flacks-unwashed-19319815373.html,pet-bottle-flake,"Meenakshi Amman Nagar, Madurai "
Natural Unwashed Pet Flake Unwased,₹55/ Kg,https://www.indiamart.com/proddetail/pet-flake-unwased-25180564855.html,pet-bottle-flake,Aligarh 
Natural Pet Bottle Unwashed Flakes,₹42/ Kg,https://www.indiamart.com/proddetail/pet-bottle-unwashed-flakes-2849056185373.html,pet-bottle-flake,"Rasipuram, Koonavelampatti, Dist. Namakkal "
"Recycled PET Flakes, Packaging Type: PP Bag, Packaging Size: 25-50 Kg",₹43/ Kilogram,https://www.indiamart.com/proddetail/recycled-pet-flakes-21432018697.html,pet-bottle-flake,Nashik 
Pet Bottle Flakes,₹55/ Kg,https://www.indiamart.com/proddetail/pet-bottle-flakes-21367328897.html,pet-bottle-flake,"Moraiya Village, Wadhwan, Dist. Surendra Nagar "
"PP Mix Grinding Flakes, For Plastic Industry, Granules",₹52/ Kg,https://www.indiamart.com/proddetail/pp-mix-grinding-flakes-22424424588.html,pet-bottle-flake,"Bhandup West, Mumbai "
Pet Bottle Flakes,₹40/ Kilogram,,pet-bottle-flake,"Vijay Nagar, Alwar "
Unwashed Transparent PET Bottles Flakes,₹30/ Kg,https://www.indiamart.com/proddetail/transparent-pet-bottles-flakes-22723396630.html,pet-bottle-flake,Valsad 
Natural Unwashed Pet Bottle Flakes,₹33/ Ton,https://www.indiamart.com/proddetail/pet-bottle-flakes-2850954892933.html,pet-bottle-flake,Perambalur 
Hot Wash Pet flex,₹53/ Kilogram,,pet-bottle-flake,"Kalbadevi, Mumbai "
PET Flex Hot Wash,₹46/ Kg,,pet-bottle-flake,"Bijapur, Dist. Vijayapura "
Plastic Flakes,₹56/ Kg,,pet-bottle-flake,"Corbett, Dist. Nainital "
"White PET Flakes, For Bottle Making, Packaging Type: Plastic Bag",₹65/ Kilogram,https://www.indiamart.com/proddetail/white-pet-flakes-22390996962.html,pet-bottle-flake,"Sonapur, Mumbai "
"White PET Flake, Packaging Type: Plastic Bag, Packaging Size: 50 Kg",₹55/ Kg,https://www.indiamart.com/proddetail/pet-flake-22373640191.html,pet-bottle-flake,"CHAMUNDA VIHAR, Kashipur, Dist. Udham Singh Nagar "
Plastic Bottle Flakes,₹60/ Kg,https://www.indiamart.com/proddetail/plastic-bottle-flakes-19325769612.html,pet-bottle-flake,Kolkata 
"Washed Pet Flakes, Pack Size: 50 Kg",₹53/ Kilogram,https://www.indiamart.com/proddetail/washed-pet-flakes-18719572748.html,pet-bottle-flake,"New Jagrati Nagar, Gwalior "
Unwashed PET Flakes - Green Colour,₹50/ Kg,https://www.indiamart.com/proddetail/unwashed-pet-flakes-green-colour-25168965255.html,pet-bottle-flake,Bengaluru 
Natural Hot Washed Mixed Color Pet Flakes,₹60/ Kilogram,https://www.indiamart.com/proddetail/mixed-color-pet-flakes-25401968497.html,pet-bottle-flake,Bareilly 
Natural Cold Washed Clear Pet Flakes,₹53/ Kg,https://www.indiamart.com/proddetail/clear-pet-flakes-24581853462.html,pet-bottle-flake,"Suntikoppa, Coorg, Dist. Kodagu "
"Pet Flakes, For Fiber",₹51/ kg,https://www.indiamart.com/proddetail/pet-flakes-19728991991.html,pet-bottle-flake,"Sarita Vihar, Delhi "
Unwashed PET Bottle Flake,₹50/ Kg,https://www.indiamart.com/proddetail/unwashed-pet-bottle-flake-2850227480873.html,pet-bottle-flake,Indore 
Pet Bottle Flakes,₹60/ Kilogram,https://www.indiamart.com/proddetail/pet-bottle-flakes-13517260173.html,pet-bottle-flake,Rajkot 
PET Flakes,₹56/ Kg,https://www.indiamart.com/proddetail/pet-flakes-12822794712.html,pet-bottle-flake,"Gandhi Chowk, Bilaspur "
Green Unwashed PET Bottle Flakes,₹45/ Kg,https://www.indiamart.com/proddetail/pet-bottle-flakes-23974194688.html,pet-bottle-flake,Bhavnagar 
"Unwashed Blue PET Bottle Flakes, Packaging Type: PP Bag, Packaging Size: 25 Kg",₹38/ Kg,https://www.indiamart.com/proddetail/unwashed-blue-pet-bottle-flakes-22969639562.html,pet-bottle-flake,"Parli, Dist. Beed "
"PP Flakes, For Industrial",₹38/ Kg,,pet-bottle-flake,"Bardhaman, Dist. Purba Bardhaman "
"Plastic Milky White PET Bottle Flake, Flakes",₹50/ KG,https://www.indiamart.com/proddetail/milky-white-pet-bottle-flake-22142118512.html,pet-bottle-flake,"Vapi, Dist. Valsad "
Hot Washed Pet Flakes,₹70/ Kg,https://www.indiamart.com/proddetail/hot-washed-pet-flakes-27101941462.html,pet-bottle-flake,"Aslali, Ahmedabad, Ahmedabad "
Pet Flakes Washing Chemical,₹110/ Kg,https://www.indiamart.com/proddetail/pet-flakes-washing-chemical-12183253097.html,pet-bottle-flake,"Bapunagar, Ahmedabad "
DHAMMAN Unwashed Pet Flakes,₹45/ Metric Ton,https://www.indiamart.com/proddetail/unwashed-pet-flakes-20103387462.html,pet-bottle-flake,"Gurgaon, Dist. Gurugram "
Pet Flakes,₹75/ Kg,https://www.indiamart.com/proddetail/pet-flakes-22535597833.html,pet-bottle-flake,Junagadh 
Milky White Hot Washed PET Bottle Flake,₹64/ Kg,https://www.indiamart.com/proddetail/pet-bottle-flake-24220202933.html,pet-bottle-flake,"Gautam Budh Nagar, Dist. Gautam Buddha Nagar "
Unwashed Pet Flakes,₹58/ Kilogram,,pet-bottle-flake,Amreli 
Natural Hot Washed Pet Bottle flake,₹60/ Kg,https://www.indiamart.com/proddetail/pet-bottle-flake-24040319948.html,pet-bottle-flake,"Gandhinagar, Dist. Gandhi Nagar "
Natural Hot Washed Pet Bottle Flakes,₹63/ Kg,https://www.indiamart.com/proddetail/pet-bottle-flakes-26795199591.html,pet-bottle-flake,"Surendranagar, Dist. Surendra Nagar "
"Pet Bottle Flakes Hot Washed, Pack Size: 25 Kilo Bag",₹51/ Kilogram,https://www.indiamart.com/proddetail/pet-bottle-flakes-hot-washed-20524238348.html,pet-bottle-flake,"Timbdi, Morbi "
"Pet Bottle Flakes, For Recylcling",₹45/ Kilogram,https://www.indiamart.com/proddetail/pet-bottle-flakes-21297124448.html,pet-bottle-flake,Surat 
"PET Bottle Flakes, Pack Size: 25 Kg And 30 Kg",₹62/ Kilogram,https://www.indiamart.com/proddetail/pet-bottle-flakes-19183572562.html,pet-bottle-flake,"Mahim, Mumbai "
PET Flakes,₹45/ Kilogram,,pet-bottle-flake,"Pataudi Road, Rewari "
Natural Unwashed Pet Bottle Scraps Pet Flakes,₹42/ Kg,https://www.indiamart.com/proddetail/pet-bottle-scraps-pet-flakes-24249533833.html,pet-bottle-flake,Vadodara 
Unwashed PP Flakes,₹25/ Kilogram,,pet-bottle-flake,"Om Nagar, Gadag "
Natural Hot Washed Pet Bottal Flakes,₹52/ Kg,https://www.indiamart.com/proddetail/pet-bottal-flakes-24798107397.html,pet-bottle-flake,"Waluj MIDC, Gangapur, Dist. Aurangabad "
Pet Bottle Flakes,"₹55,440/ Metric Ton",https://www.indiamart.com/proddetail/pet-bottle-flakes-4398493388.html,pet-bottle-flake,"Kolappakkam, Porur, Chennai "
"Flakes Unwashed, Packaging Size: 25/50 Kgs, For Plastic Sheet/Fibre Yarn",₹40/ Kilogram,https://www.indiamart.com/proddetail/flakes-unwashed-21062913197.html,pet-bottle-flake,"Ulhasnagar, Dist. Thane "
"Pet black Sheet Flakes, Packaging Type: PP Bag, Packaging Size: 25kg And 30 Kg",₹24/ Kilogram,https://www.indiamart.com/proddetail/pet-black-sheet-flakes-20927654088.html,pet-bottle-flake,"Greater Noida, Dist. Gautam Buddha Nagar "
"PET Flake, Packaging Type: PP Bag",₹54/ Kg,https://www.indiamart.com/proddetail/pet-flake-23109326348.html,pet-bottle-flake,Indore 
Hot Washed Clear Pet Flakes,₹53/ Kg,https://www.indiamart.com/proddetail/clear-pet-flakes-26509991073.html,pet-bottle-flake,"Karur, Dist. Tiruchirappalli "
Pet Flakes Unwashed,₹35/ Kg,https://www.indiamart.com/proddetail/pet-flakes-unwashed-11157070130.html,pet-bottle-flake,Mumbai 
Washed Neck Pet Grinding,₹57/ Kilogram,https://www.indiamart.com/proddetail/washed-neck-pet-grinding-10602950991.html,pet-bottle-flake,"Nangloi, New Delhi "
"White Pet Bottle Flakes(unwashed), Packaging Type: Bag, Packaging Size: 25kgs",₹33/ Kilogram,https://www.indiamart.com/proddetail/pet-bottle-flakes-unwashed-21714188288.html,pet-bottle-flake,"Near Mother Dairy, Bengaluru "
"Bagoriya Traders Hdpe flake, For Recycling",₹55/ Kilogram,https://www.indiamart.com/proddetail/hdpe-flake-17761387830.html,pet-bottle-flake,Navsari 
"Mixed Color Pet Flakes, Pack Size: 30-500kg",₹45/ Kilogram,https://www.indiamart.com/proddetail/mixed-color-pet-flakes-16535139788.html,pet-bottle-flake,"Paddhari, Rajkot "
Unwashed Pet Bottle Flakes,₹48/ Kg,,pet-bottle-flake,"Kanhangad, Dist. Kasargod "
"Europe Pet Flakes, Pack Type: Jumbo Bags",₹45/ Kilogram,https://www.indiamart.com/proddetail/pet-flakes-20806765797.html,pet-bottle-flake,Surat 
"PET Bottle Flakes, Pack Size: 25 Kg",₹47/ Kilogram,https://www.indiamart.com/proddetail/pet-bottle-flakes-18962753288.html,pet-bottle-flake,"Ram Dham Deval Reni Gate, Merta City, Dist. Nagaur "
PET Flakes,₹98/ Kilogram(s),https://www.indiamart.com/proddetail/pet-flakes-10255591655.html,pet-bottle-flake,New Delhi 
"SRI White PET BOTTEL SCRAP FLAKES, For Recycling Pet, Polyester",₹49/ Kilogram,https://www.indiamart.com/proddetail/pet-bottel-scrap-flakes-20971487488.html,pet-bottle-flake,"Nattarkulam, Tirunelveli "
"PET Bottle Flake, for Bottle Making",₹50/ Kg,https://www.indiamart.com/proddetail/pet-bottle-flake-21531672230.html,pet-bottle-flake,"Mangalore, Dist. Dakshina Kannada "
Natural Unwashed Pet Bottle Flakes,₹48/ Kg,https://www.indiamart.com/proddetail/pet-bottle-flakes-2848942999733.html,pet-bottle-flake,"vishwas nagar, Ujjain "
"White Pet sheet grinding flakes, For Industrial, Packaging Type: Plastic Bag",₹32/ Kg,https://www.indiamart.com/proddetail/pet-sheet-grinding-flakes-22631302091.html,pet-bottle-flake,"Vinayaka Nagar, Jeedimetla, Hyderabad "
"Transparent Hot Washed Pet Bottle Flakes, Packaging Type: PP Bag, Packaging Size: 50 Kg",₹50/ Kg,https://www.indiamart.com/proddetail/hot-washed-pet-bottle-flakes-22112900188.html,pet-bottle-flake,"Mundur, Thrissur "
"White Washed Pet Flake, For Bottle Making",₹42/ Kg,https://www.indiamart.com/proddetail/washed-pet-flake-22139045712.html,pet-bottle-flake,Jaunpur 
"PET Flakes, Pack Size: 25 Kg, For Bottles Making",₹52/ Kilogram,https://www.indiamart.com/proddetail/pet-flakes-20664742597.html,pet-bottle-flake,Rajkot 
"Green PET Flakes for Industrial, Packaging Type: HDPE Bag",₹45/ Kg,https://www.indiamart.com/proddetail/green-pet-flakes-21687567233.html,pet-bottle-flake,"Taltala, Kolkata "
Milky White Hot Washed PET Flakes,₹130/ Kg,https://www.indiamart.com/proddetail/pet-flakes-24189970448.html,pet-bottle-flake,"Bagalkot, Dist. Bagalkote "
PET Bottle Flaks,₹39/ Kilogram,https://www.indiamart.com/proddetail/pet-bottle-flaks-21292260873.html,pet-bottle-flake,Bengaluru 
Natural Unwashed Pet Bottle Flakes,₹55/ Kg,https://www.indiamart.com/proddetail/pet-bottle-flakes-2852473761797.html,pet-bottle-flake,"Bahadurgarh, Dist. Jhajjar "
Natural Hot Washed Pet Bottle Flakes,₹30/ Kg,https://www.indiamart.com/proddetail/pet-bottle-flakes-26656889897.html,pet-bottle-flake,Mansa 
Pet Wood Flake,₹180/ TONNE,https://www.indiamart.com/proddetail/pet-wood-flake-13640359488.html,pet-bottle-flake,"Nihal Vihar, New Delhi "
"White PET Bottle Granules Washed And Unwanted, Packaging Type: Bag, Packaging Size: 25 To 50",₹43/ Kg,https://www.indiamart.com/proddetail/pet-bottle-granules-washed-and-unwanted-25461053562.html,pet-bottle-flake,"Andheri East, Mumbai "
Cold Washed Mix PET Bottle Flakes,₹40/ Kg,https://www.indiamart.com/proddetail/cold-washed-mix-pet-bottle-flakes-22502086330.html,pet-bottle-flake,"Naubasta, Kanpur, Dist. Kanpur Nagar "
Natural Unwashed PET Bottle Flake,₹40/ Kg,https://www.indiamart.com/proddetail/unwashed-pet-bottle-flake-2849375325388.html,pet-bottle-flake,"Thevaram, Dist. Theni "
Cold Washed White PET Bottle Making Flakes,₹50/ Kg,https://www.indiamart.com/proddetail/white-pet-bottle-making-flakes-2849734252033.html,pet-bottle-flake,Moradabad 
"Nexgen Plasstek Plant Waste PET Flakes, Pack Size: 25 Kg , for Making a pet preform",₹54/ Kilogram,https://www.indiamart.com/proddetail/plant-waste-pet-flakes-20409412130.html,pet-bottle-flake,Ahmedabad 
Natural PET Flakes unwashed,₹65/ Kg,https://www.indiamart.com/proddetail/pet-flakes-unwashed-2850581936273.html,pet-bottle-flake,Rangareddy 
Pet Falkes,₹50/ Short Ton,,pet-bottle-flake,"Vadiya, Amreli "
White HOT Washed PET Flakes,₹66/ Kg,https://www.indiamart.com/proddetail/white-hot-washed-pet-flakes-22380478355.html,pet-bottle-flake,"Narendrapur, South 24 Parganas "
"Unwashed Mixed PET Bottle Flakes, Packaging Type: PP Bag, Packaging Size: 25kg",₹37/ Kg,https://www.indiamart.com/proddetail/unwashed-mixed-pet-bottle-flakes-21872442062.html,pet-bottle-flake,"Bill Village, Vadodara "
"White PET Bottle Flakes, Packaging Type: Plastic Bag, Packaging Size: 30 To 50 kg",₹15/ Kg,https://www.indiamart.com/proddetail/pet-bottle-flakes-23720090530.html,pet-bottle-flake,"Sector B, Bhopal "
Cold Washed Pet Bottle Flakes,₹40/ Kg,,pet-bottle-flake,New Delhi 
Hot Washed Clear Pet Flakes,₹67/ Kg,https://www.indiamart.com/proddetail/clear-pet-flakes-26466059091.html,pet-bottle-flake,"Odhav Ring Road, Ahmedabad "
Natural Hot Washed Clear Pet Flakes,₹55/ Kg,https://www.indiamart.com/proddetail/clear-pet-flakes-25395626673.html,pet-bottle-flake,Jaipur 
Pet Bottle Flake,₹45/ Kilogram,https://www.indiamart.com/proddetail/pet-bottle-flake-16072038655.html,pet-bottle-flake,"Industrial Area, Delhi "
Natural Hot Washed Plastic Bottles Flake,₹57/ Kg,https://www.indiamart.com/proddetail/plastic-bottles-flake-2851950181362.html,pet-bottle-flake,Rajkot 
"White PET Flakes, Packaging Type: PP Bag, Packaging Size: 30 Kg",₹41/ Kg,https://www.indiamart.com/proddetail/white-pet-flakes-21564778533.html,pet-bottle-flake,Madurai 
"White Natural PET Flakes, For Bottle Making, Packaging Size: 50 Kg",₹59/ Kg,https://www.indiamart.com/proddetail/natural-pet-flakes-23034748991.html,pet-bottle-flake,"Old RTO, Morbi "
"White Unwashed Pet Flakes, For Bottle Making",₹45/ Kg,https://www.indiamart.com/proddetail/unwashed-pet-flakes-2850351720597.html,pet-bottle-flake,"POONAMALAE, Kilpennathur, Dist. Tiruvannamalai "
Milky White Crushed Natural Baled Pet Bottles Scrap,₹40/ Kg,https://www.indiamart.com/proddetail/natural-baled-pet-bottles-scrap-2849079912212.html,pet-bottle-flake,"india, Vasco Da Gama, Dist. South Goa "
"PET Fine Flakes, For Bottle Making",₹25/ Kg,https://www.indiamart.com/proddetail/pet-fine-flakes-18932338362.html,pet-bottle-flake,"Narela, Delhi "
"Blue PET DRY FLAKES, Packaging Type: Plastic Bag, Packaging Size: 25 Kg",₹38/ Kilogram,https://www.indiamart.com/proddetail/pet-dry-flakes-22399463288.html,pet-bottle-flake,"Park Street Area, Kolkata "
Hot Wash Pet Bottle Flakes,₹52/ Kilogram,https://www.indiamart.com/proddetail/hot-wash-pet-bottle-flakes-8553791933.html,pet-bottle-flake,"Sanwer Road, Indore "
Pet Flakes,₹50/ Kilogram,,pet-bottle-flake,"parvathipuram, Cuddalore "
PET Bottle Unwashed Flakes,₹42/ Kilogram,https://www.indiamart.com/proddetail/pet-bottle-unwashed-flakes-15883272562.html,pet-bottle-flake,"Kharghar, Navi Mumbai, Dist. Thane "
Unwashed Milky White PET Bottle Flakes,₹43/ Kg,https://www.indiamart.com/proddetail/milky-white-pet-bottle-flakes-25369670948.html,pet-bottle-flake,Bishnupur Birbhum District 
Natural Pet Unwashed Flakes,₹45/ Kg,https://www.indiamart.com/proddetail/pet-unwashed-flakes-23872637162.html,pet-bottle-flake,"Palayapatti, Thanjavur "
Clear Pet Flakes,₹68/ Kilogram,,pet-bottle-flake,"Kanyapur, Asansol, Dist. Paschim Bardhaman "
"PET Bottle Flakes, Packaging Type: Pp Bag",₹50/ Kg,https://www.indiamart.com/proddetail/pet-bottle-flakes-22605371030.html,pet-bottle-flake,"Bopal, Ahmedabad "
Plastic Flakes,₹33/ Kg,https://www.indiamart.com/proddetail/plastic-flakes-20254910873.html,pet-bottle-flake,"Sector-125, Mohali "
"Transparent PET Flake, Packaging Size: 25 Kg, Packaging Type: PP Bag",₹51/ Kilogram,https://www.indiamart.com/proddetail/pet-flake-16967176873.html,pet-bottle-flake,"R. S. Plaza Beta, Delhi "
Crushed Milky White Baled Pet Bottel Scrap,"₹2,000/ Kg",https://www.indiamart.com/proddetail/milky-white-baled-pet-bottel-scrap-2849330081788.html,pet-bottle-flake,"india, Ahmedabad "
"White Plastic Flakes, Packaging Type: Bag",₹40/ Kg,https://www.indiamart.com/proddetail/white-plastic-flakes-20636663973.html,pet-bottle-flake,"Vasai Virar, Dist. Thane "
Pet flakes,₹65/ Kg,https://www.indiamart.com/proddetail/pet-flakes-2851214285191.html,pet-bottle-flake,Cuttack 
cold wash Pet bottle flakes,₹52/ Kg,https://www.indiamart.com/proddetail/cold-wash-pet-bottle-flakes-23039490830.html,pet-bottle-flake,"Village Karanj, Surat "
"Pet flex Pet Flake's, Pack Size: 500 kg aprox",₹90/ Kilogram,https://www.indiamart.com/proddetail/pet-flake-s-17915388088.html,pet-bottle-flake,"Kalol, Kalol Gandhinagar District "
Natural Pet Bottle Flakes,₹30/ Kg,https://www.indiamart.com/proddetail/pet-bottle-flakes-25702183562.html,pet-bottle-flake,Hyderabad 
Natural Plastics Pet Bottle Flakes,₹55/ Kg,https://www.indiamart.com/proddetail/plastics-pet-bottle-flakes-21325273130.html,pet-bottle-flake,"SIDCO, Cuddalore "
Pet Bottle flakes unwashed,₹40/ Kilogram,,pet-bottle-flake,"vijaynagar, Bengaluru "
Unwashed Pet Flakes,₹46/ Kg,,pet-bottle-flake,"Siliguri, Dist. Darjeeling "
"Transparent PET Flake, For Plastic Industry, Packaging Type: Plastic Bag",₹60/ Kg,https://www.indiamart.com/proddetail/pet-flake-22143336791.html,pet-bottle-flake,Rajkot 
Natural Hot Washed Pet Bottle Flakes,₹50/ Kilogram,https://www.indiamart.com/proddetail/pet-bottle-flakes-24207440291.html,pet-bottle-flake,"Ambur, Tamil Madu, Chennai "
PP Bag Flake,₹45/ Kilogram,,pet-bottle-flake,"Guru Teg Bahadur Market, Sirsa "
Pet Flakes,"₹35,000/ Ton",https://www.indiamart.com/proddetail/pet-flakes-21722907612.html,pet-bottle-flake,"Near Narayana, E-techno School, Yelahanka Newtown, Bengaluru "
Pet Flakes,₹45/ Kilogram,,pet-bottle-flake,"Sangmeshwar, Ratnagiri "
Natural Hot Washed Pet Bottle Flakes,₹85/ Kg,https://www.indiamart.com/proddetail/pet-bottle-flakes-26561140662.html,pet-bottle-flake,"Hansol, Naroda, Ahmedabad "
White Pet Flakes(Unwashed),₹60/ Kg,https://www.indiamart.com/proddetail/pet-flakes-unwashed-22842182388.html,pet-bottle-flake,"Santosh Nagar Colony, Kurnool "
PET Flake,₹56/ Per kg,https://www.indiamart.com/proddetail/pet-flake-8839581130.html,pet-bottle-flake,"Vishwas Nagar, Delhi "
Natural PET Bottle Fleaks,₹54/ Kg,https://www.indiamart.com/proddetail/pet-bottle-fleaks-2852518657948.html,pet-bottle-flake,"opp, Adarsh Silver estate, Ahmedabad "
Natural Unwashed PET Bottle Flake,₹60/ Kg,https://www.indiamart.com/proddetail/unwashed-pet-bottle-flake-24769619191.html,pet-bottle-flake,"Gangondana Halli, Bengaluru "
"Transparent PET Bottle Flakes, Packaging Type: PP Bag",₹50/ Kg,https://www.indiamart.com/proddetail/transparent-pet-bottle-flakes-22622091055.html,pet-bottle-flake,Delhi 
"White PET Bottle Flake, Packaging Type: PP Bag, Packaging Size: 25 Kilogram",₹44/ Kg,https://www.indiamart.com/proddetail/pet-bottle-flake-22807846773.html,pet-bottle-flake,"At-Trajpar, Morbi "
Natural Hot Washed PET Bottle Flake,₹50/ Kg,https://www.indiamart.com/proddetail/pet-bottle-flake-27113065391.html,pet-bottle-flake,"Tijara, Dist. Alwar "
"White PET Bottle Flakes, Packaging Type: Plastic Bag, Packaging Size: 50 kg",₹52/ Kg,https://www.indiamart.com/proddetail/pet-bottle-flakes-22046533988.html,pet-bottle-flake,"Subhash Nagar, Sagar "
Cold Washed PET Flake,₹52/ Kg,https://www.indiamart.com/proddetail/cold-washed-pet-flake-15514501573.html,pet-bottle-flake,"Saroli, Surat "
Pet Bottles Flakes First Quality,₹38/ Kg,https://www.indiamart.com/proddetail/pet-bottles-flakes-first-quality-15228874412.html,pet-bottle-flake,Ahmedabad 
"Flake Bizz PET Brown Flakes, Usage: For Making Polyester Fiber, PET Strap, Polyester Resin And PET Sheet",₹29/ Kilogram,https://www.indiamart.com/proddetail/pet-brown-flakes-18226750748.html,pet-bottle-flake,"Kammanahalli, Bengaluru "
"PET Flakes, Packaging Type: Pp Bag, Packaging Size: 30 KG",₹48/ Kilogram,https://www.indiamart.com/proddetail/pet-flakes-20821402130.html,pet-bottle-flake,Rajkot 
Scrap Pet Jar Flakes,₹55/ Kilogram,,pet-bottle-flake,"Kelva East, Palghar, Dist. Thane "
Natural Hot Washed Pet Flakes,₹50/ Kg,https://www.indiamart.com/proddetail/pet-flakes-2851775610812.html,pet-bottle-flake,"GANESHNAGAR, Ahmedabad "
"Hot Wash Pet Bottle Flakes, Pack Size: Hdpe Bag, For Bottle Making",₹53/ Kilogram,https://www.indiamart.com/proddetail/hot-wash-pet-bottle-flakes-15343448030.html,pet-bottle-flake,Ajmer 
Green Hot Washed Pet Bottle Flakes,₹82/ Kg,https://www.indiamart.com/proddetail/pet-bottle-flakes-24133734448.html,pet-bottle-flake,"Chittaurgarh, Dist. Chittorgarh "
"White PET Bottle Flakes, Packaging Size: 1-20 Kg",₹51/ Kilogram,https://www.indiamart.com/proddetail/white-pet-bottle-flakes-21241206733.html,pet-bottle-flake,Ahmedabad 
Natural Hot Washed PET FLAKES,₹70/ Kg,https://www.indiamart.com/proddetail/pet-flakes-27159428433.html,pet-bottle-flake,"Manali, Tiruvallur "
"Polyethylene Glycol Flakes, 25 Kg",₹450/ Kg,https://www.indiamart.com/proddetail/polyethylene-glycol-flakes-22113030133.html,pet-bottle-flake,"Waluj, Aurangabad "
"Moulding PET Flakes, Packaging Size: 30 Kg, Packaging Type: Bag",₹45/ Kilogram,https://www.indiamart.com/proddetail/moulding-pet-flakes-21392964091.html,pet-bottle-flake,Coimbatore 
"Mix Pet Flakes, Pack Size: 50kg",₹40/ Kilogram,https://www.indiamart.com/proddetail/mix-pet-flakes-20782577548.html,pet-bottle-flake,"Guwahati, Dist. Kamrup "
Natural Hot Washed Pet Bottle Flakes,₹42/ Kg,https://www.indiamart.com/proddetail/pet-bottle-flakes-22386759055.html,pet-bottle-flake,"Bawal, Dist. Rewari "
Pet Flakes,₹40/ Kg,,pet-bottle-flake,Ranchi 
PET Flake Chips,₹65/ Kg,,pet-bottle-flake,Bengaluru 
"Flake PET Granules, Pack Size: 35 Kg",₹35/ Kilogram,https://www.indiamart.com/proddetail/flake-pet-granules-19055766530.html,pet-bottle-flake,"66/67, Dhiraj Industrial, Surat "
Milky White Hot Washed Pet Bottle Scraps Pet Flakes,₹40/ Kg,https://www.indiamart.com/proddetail/pet-bottle-scraps-pet-flakes-2851570386312.html,pet-bottle-flake,"Shahapur, Asangaon, Dist. Thane "
Pet Flake Cleaners,₹100/ Kilogram,https://www.indiamart.com/proddetail/pet-flake-cleaners-11490554091.html,pet-bottle-flake,"Ankleshwar, Dist. Bharuch "
Milky White Hot Washed Natural Baled Pet Bottles Scrap,₹700/ Kg,https://www.indiamart.com/proddetail/natural-baled-pet-bottles-scrap-2849324298062.html,pet-bottle-flake,"India, Navelim, Dist. South Goa "
"PET Flakes Colour, Packaging Type: Bag",₹50/ Kilogram,https://www.indiamart.com/proddetail/pet-flakes-colour-21183696162.html,pet-bottle-flake,Gurdaspur 
Pet Bottle Wash Flake,₹48/ Kilogram,https://www.indiamart.com/proddetail/pet-bottle-wash-flake-20428454197.html,pet-bottle-flake,"VPO Sohati, Sonipat "
White Polypropylene Chips for Industrial,₹48/ Kilogram,https://www.indiamart.com/proddetail/white-polypropylene-chips-21036263733.html,pet-bottle-flake,"Kasaragod, Dist. Kasargod "
Natural Unwashed Pet Bottle Flake,₹500/ Kg,https://www.indiamart.com/proddetail/pet-bottle-flake-2850812693433.html,pet-bottle-flake,"Pedda Amberpet, Rangareddy "
Natural Pet Bottle Flakes,₹86/ Kg,https://www.indiamart.com/proddetail/pet-bottle-flakes-26107125288.html,pet-bottle-flake,Jalgaon 
"PP Flakes, for Engineering Plastics, 25 Kg",₹85/ Kilogram,https://www.indiamart.com/proddetail/pp-flakes-17851090248.html,pet-bottle-flake,"Mundaka, Delhi "
White Pet Flakes,₹61/ Kg,https://www.indiamart.com/proddetail/pet-flakes-20263308433.html,pet-bottle-flake,Chhatarpur 
"White Hot Washed PET Bottle Flakes, For Industrial, Packaging Type: PP Bag",₹48/ Kg,https://www.indiamart.com/proddetail/hot-washed-pet-bottle-flakes-21810285730.html,pet-bottle-flake,"Baikampady Industrial Area, Mangalore, Dist. Dakshina Kannada "
Plastic Bottles Flake,₹50/ Kg,,pet-bottle-flake,Belgaum 
Green Pet Flakes,₹55/ Kilogram,https://www.indiamart.com/proddetail/green-pet-flakes-25964663955.html,pet-bottle-flake,"Palghar, Dist. Thane "
PET Flakes,₹55/ Kg,https://www.indiamart.com/proddetail/pet-flakes-23850089848.html,pet-bottle-flake,"Dallirajhara, Dist. Durg "
Green Cold Washed PET Bottle Flakes,₹62/ Kg,https://www.indiamart.com/proddetail/cold-washed-pet-bottle-flakes-24243009797.html,pet-bottle-flake,"Cheranmahadevi Taluk, Tirunelveli Dt, Cheranmadevi, Dist. Tirunelveli "
"amit Pet Flakes Hot Washed, Pack Size: 25",₹55/ Kilogram,https://www.indiamart.com/proddetail/pet-flakes-hot-washed-19898379997.html,pet-bottle-flake,"Koramangala, Bengaluru "
MIX Unwashed Pet Bottle Flake,₹50/ Kg,https://www.indiamart.com/proddetail/unwashed-pet-bottle-flake-2849037576348.html,pet-bottle-flake,"Pawar Section, Badlapur, Dist. Thane "
Pet Flakes For Sale,"₹5,000/ Ton",https://www.indiamart.com/proddetail/pet-flakes-for-sale-2849769943312.html,pet-bottle-flake,"Kanpur, Dist. Kanpur Nagar "
Pet Scrap,₹44/ Kg,https://www.indiamart.com/proddetail/pet-scrap-23817368297.html,pet-bottle-flake,"Bijapur, Vijayapura "
Pet Bottle Scrap,₹700/ Kg,https://www.indiamart.com/proddetail/pet-bottle-scrap-2851458553497.html,pet-bottle-flake,"Madakasira, Dist. Anantapur "
Hot Wash Pet Flakes,₹58/ Kilogram,https://www.indiamart.com/proddetail/hot-wash-pet-flakes-19958010097.html,pet-bottle-flake,"Chhatarpur, New Delhi "
"Pet Flakes Hot Washed, Pack Size: 50",₹49/ Kilogram,https://www.indiamart.com/proddetail/pet-flakes-hot-washed-17458029762.html,pet-bottle-flake,"Moongilthuraipattu, Tiruvannamalai "
Screw Cap 1 Liter Water Pet Bottle,₹4.5/ Piece,https://www.indiamart.com/proddetail/1-liter-water-pet-bottle-25088633188.html,pet-bottle-flake,"Bhubaneswar, Dist. Khordha "
Hot Washed Pet Flakes,₹50/ Kilogram,,pet-bottle-flake,Morbi 
Milky White Pet Bottle Scrap,₹55/ Kilogram,https://www.indiamart.com/proddetail/pet-bottle-scrap-2851495655197.html,pet-bottle-flake,"Siliguri, Dist. Darjeeling "
Green Grinded Pet Bottle Scrap,₹48/ Kg,https://www.indiamart.com/proddetail/pet-bottle-scrap-2851673227997.html,pet-bottle-flake,"Evurivaripalem, Chilakalurupet, Dist. Guntur "
"Transparent Natural Pet Flakes Scrap, For Plastic Industry",₹65/ Kg,https://www.indiamart.com/proddetail/pet-flakes-scrap-22094378962.html,pet-bottle-flake,"Vasai East, Mumbai "
Natural PP Flakes,₹85/ Kg,https://www.indiamart.com/proddetail/natural-pp-flakes-27047981433.html,pet-bottle-flake,"Egmore, Chennai "
"400 PPM Hot Washed PET Flakes, Packaging Type: PP Bag, Packaging Size: 30 Kg",₹44/ Kg,https://www.indiamart.com/proddetail/400-ppm-hot-washed-pet-flakes-22826675033.html,pet-bottle-flake,Mumbai 
"GS Textile Wash Pet Flakes, Packaging Size: 45 Kg, Packaging Type: Bag",₹56/ Kilogram,https://www.indiamart.com/proddetail/wash-pet-flakes-20041871130.html,pet-bottle-flake,"Sherpur, Ludhiana "
Mixed Crushed Pet Bottle scrap,₹35/ Kg,https://www.indiamart.com/proddetail/pet-bottle-scrap-24104331888.html,pet-bottle-flake,"Thummapala, Visakhapatnam, Anakapalli, Dist. Visakhapatnam "
Milky White Crushed Plastic Bottle Scrap,₹60/ Kg,https://www.indiamart.com/proddetail/plastic-bottle-scrap-24151286888.html,pet-bottle-flake,"Sarai Tarin, Sambhal, Dist. Moradabad "
HDPE Crushed Old Pet Bottle Scrap,₹45/ Kg,https://www.indiamart.com/proddetail/old-pet-bottle-scrap-21605905030.html,pet-bottle-flake,Nizamabad 
Milky White Crushed Pet Bottle Scrap,₹57/ Kg,https://www.indiamart.com/proddetail/pet-bottle-scrap-19770033891.html,pet-bottle-flake,"Sanwer Road Industrial Area, Indore "
Hot Washed Pet Flakes,₹52/ Kg,https://www.indiamart.com/proddetail/hot-washed-pet-flakes-23344757212.html,pet-bottle-flake,"321023, Kaman, Dist. Bharatpur "
Natural HDPE Abs Plastic Raw Material Scrap/Abs Mixed Scrap,"₹1,500/ Metric Ton",https://www.indiamart.com/proddetail/abs-plastic-raw-material-scrap-abs-mixed-scrap-21790189555.html,pet-bottle-flake,Coimbatore 
Crushed PET Bottle Scrap,₹52/ Kg,https://www.indiamart.com/proddetail/pet-bottle-scrap-23974918462.html,pet-bottle-flake,"Bhathena, Surat "
Hot Wash Pet Scrap,₹50/ Kg,,pet-bottle-flake,Etah 
"White Hot Washed PET Flakes, Packaging Type: Bag, Packaging Size: 25 Kg",₹52/ Kg,https://www.indiamart.com/proddetail/hot-washed-pet-flakes-22143665088.html,pet-bottle-flake,Surat 
Hot Washed Pet Flakes,₹650/ Metric Ton,,pet-bottle-flake,"Adajan, Surat "
Pet Bottle Scrap Crushing Material,₹43/ Kilogram,,pet-bottle-flake,"Morar Near Slp College, Gwalior "
Transparent Crushed Pet Bottle Scrap,₹45/ Kg,https://www.indiamart.com/proddetail/pet-bottle-scrap-23731267891.html,pet-bottle-flake,"Mubarakpur, Delhi "
Unwashed Pet Bottles flakes,Pet Bottle Flakes,,pet-bottle-flake,"Dadar West, Mumbai "
PET Flake & Powder,,https://www.indiamart.com/proddetail/pet-flake-powder-21127904462.html,pet-bottle-flake,Mumbai 
White Pet Flake,Pet Flake,https://www.indiamart.com/proddetail/white-pet-flake-9111041288.html,pet-bottle-flake,"Anamalai Main Road, Coimbatore "
PET Flakes,Imported Pet Flakes - 180c,https://www.indiamart.com/proddetail/pet-flakes-5348175091.html,pet-bottle-flake,"Thane W, Thane "
Pet Flakes,,https://www.indiamart.com/proddetail/pet-flakes-6247522512.html,pet-bottle-flake,Daman 
Pet Flakes,Pet Flakes,https://www.indiamart.com/proddetail/pet-flakes-13552729197.html,pet-bottle-flake,"Doddaballapur Industrial Area, Bengaluru "
Pet Bottle Flakes,,,pet-bottle-flake,"City Plaza, Rajkot "
Pet Bottle Scrap,,,pet-bottle-flake,"Dhoraji, Dist. Rajkot "
PET Flakes,,https://www.indiamart.com/proddetail/pet-flakes-1197156397.html,pet-bottle-flake,"Chala, Vapi, Dist. Valsad "
Unwashed Pet Flakes,,https://www.indiamart.com/proddetail/unwashed-pet-flakes-7996381112.html,pet-bottle-flake,"Pallikkara, Aluva, Dist. Ernakulam "
E Wastes PET Flakes,,https://www.indiamart.com/proddetail/e-wastes-pet-flakes-5837097348.html,pet-bottle-flake,"Nemom, Thiruvananthapuram "
Pet Bottle Flakes,,https://www.indiamart.com/proddetail/pet-bottle-flakes-4813741333.html,pet-bottle-flake,"Bagasara, Amreli "
"PET Flakes, Pack Size: 1 Kg",Pack Type:  Packet,https://www.indiamart.com/proddetail/pet-flakes-14786858588.html,pet-bottle-flake,"Chhatral, Gandhinagar, Dist. Gandhi Nagar "
PET Flakes,,https://www.indiamart.com/proddetail/pet-flakes-6516297733.html,pet-bottle-flake,"Parmeshwar Society, Rajkot "
Unwashed Pet Flakes,,https://www.indiamart.com/proddetail/unwashed-pet-flakes-4034269262.html,pet-bottle-flake,"Pitampura, New Delhi "
Pet Bottle Flakes,,,pet-bottle-flake,"Odhav, Ahmedabad "
PET Flakes,Washed Pet Flakes,,pet-bottle-flake,Indore 
PP Flakes Washed,,https://www.indiamart.com/proddetail/pp-flakes-washed-20579168133.html,pet-bottle-flake,"Vaibhav Nagar, Nagpur "
PET Flakes,,https://www.indiamart.com/proddetail/pet-flakes-4406762288.html,pet-bottle-flake,"Imran Nagar, Vapi, Dist. Valsad "
Mixed Flakes,Color:  Multicolor,,pet-bottle-flake,"Patancheru Mandal, Hyderabad "
PET Flakes For Preform,Pet Bottle Neck Flake,https://www.indiamart.com/proddetail/pet-flakes-for-preform-9510170855.html,pet-bottle-flake,"Anar Bhawan, Jaipur "
Hot Washed PET Flakes,Color:  transparent,,pet-bottle-flake,"bhawarsla, Indore "
Pet Flakes,,https://www.indiamart.com/proddetail/pet-flakes-21349564648.html,pet-bottle-flake,"J Ettayapuram Road, Chennai "
Clear Hot Washed PET Flakes,Color:  Clear,https://www.indiamart.com/proddetail/pet-flakes-20245635812.html,pet-bottle-flake,Latur 
Cold Wash Pet Bottle Flakes,Washed Pet Bottle Flakes,https://www.indiamart.com/proddetail/cold-wash-pet-bottle-flakes-9886117691.html,pet-bottle-flake,"Chingavanam, Kottayam "
Green Pet Flakes,Steam Washed Pet Flake,https://www.indiamart.com/proddetail/green-pet-flakes-10222047030.html,pet-bottle-flake,"Rourkela, Dist. Sundergarh "
PET Flackes,Pet Bottle Flakes,,pet-bottle-flake,"Manashvi Apartment, Rajkot "
PET Flakes,,https://www.indiamart.com/proddetail/pet-flakes-7531940630.html,pet-bottle-flake,"Sector 58, Noida, Dist. Gautam Buddha Nagar "
Pet Bottle Flakes,,https://www.indiamart.com/proddetail/pet-bottle-flakes-21331154112.html,pet-bottle-flake,Mathura 
Wash PET Flake,,https://www.indiamart.com/proddetail/wash-pet-flake-15482170662.html,pet-bottle-flake,"Govindpura Industrial Area, Bhopal "
White PET Flakes,,https://www.indiamart.com/proddetail/white-pet-flakes-1907605691.html,pet-bottle-flake,"Kakkavadi, Karur, Dist. Tiruchirappalli "
Pet Bottle Bales,Pet Bottle Flakes,,pet-bottle-flake,"Olavakkode, Palakkad "
PET Flake,Pet Flake,,pet-bottle-flake,New Delhi 
Clear PET Flakes,"Density:  0, 25 - 0, 4 g/cm3",,pet-bottle-flake,"Diggi Malpura Road, Jaipur "
Green Unwashed Pet Strap Flakes Grinded,Color:  Green,https://www.indiamart.com/proddetail/pet-strap-flakes-grinded-25957881248.html,pet-bottle-flake,"Chanod Colony, Valsad "
Pet Flake,,https://www.indiamart.com/proddetail/pet-flake-4998528255.html,pet-bottle-flake,"Sanwer Road, Hatod, Dist. Indore "
Pet Bottle Scrap,Plastic Flakes & Granules,,pet-bottle-flake,New Delhi 
PET Flakes Jazz Washed,,https://www.indiamart.com/proddetail/pet-flakes-jazz-washed-8740463112.html,pet-bottle-flake,"Agripada Mumbai Centre, Mumbai "
PET Bottle Flakes,Pet Flakes,https://www.indiamart.com/proddetail/pet-bottle-flakes-11884127355.html,pet-bottle-flake,"Karawal Nagar, Delhi "
PET Bottle Flakes,,https://www.indiamart.com/proddetail/pet-bottle-flakes-19890915312.html,pet-bottle-flake,"SEZ, Jaipur "
Pet Bottle Flakes,,https://www.indiamart.com/proddetail/pet-bottle-flakes-8417246873.html,pet-bottle-flake,"Industrial Area, Indore "
Unwashed Pet Flakes,,https://www.indiamart.com/proddetail/unwashed-pet-flakes-21875287233.html,pet-bottle-flake,"Mangulam Post, Pondicherry "
PET Flake,,https://www.indiamart.com/proddetail/pet-flake-6821414330.html,pet-bottle-flake,"Vandalur, Chennai "
Washed Neck Pet Flakes,White Pet Flakes,https://www.indiamart.com/proddetail/washed-neck-pet-flakes-10982861012.html,pet-bottle-flake,"Deepanjali Nagar, Bengaluru "
Plastic Tube (Fine),,https://www.indiamart.com/proddetail/plastic-tube-fine-8911360848.html,pet-bottle-flake,"Industrial Estate, Vadnagar, Dist. Mehsana "
"Pet Unwashed Flakes, Pack Size: 50kg",Pack Type:  Pp,,pet-bottle-flake,"Guindy, Erode "
Unwash PET Flakes,,https://www.indiamart.com/proddetail/unwash-pet-flakes-4434761833.html,pet-bottle-flake,"Neelkanth Colony, Indore "
PET BOTTLE FLAKES GREEN,,https://www.indiamart.com/proddetail/pet-bottle-flakes-green-6641762448.html,pet-bottle-flake,"Connaught Place, New Delhi "
Green Hot Washed PET Bottle Flakes,Color:  Green,https://www.indiamart.com/proddetail/pet-bottle-flakes-24151104397.html,pet-bottle-flake,New Delhi 
"White Blue Flakes, Packaging Type: PP Bag, Packaging Size: 40 Kg",Packaging Type:  PP Bag,https://www.indiamart.com/proddetail/blue-flakes-22401304355.html,pet-bottle-flake,"Tindivanam, Dist. Villupuram "
White PET Flakes,Color:  White,https://www.indiamart.com/proddetail/pet-flakes-23810179797.html,pet-bottle-flake,"Lassipora, Pulwama "
Pet Flakes,,https://www.indiamart.com/proddetail/pet-flakes-3046038897.html,pet-bottle-flake,"Andheri East, Mumbai "
PET Strapping Flakes,,https://www.indiamart.com/proddetail/pet-strapping-flakes-7316607430.html,pet-bottle-flake,Tiruvallur 
"White Pet Flakes for Industrial, Packaging Type: Plastic Bag",Packaging Type:  Plastic Bag,https://www.indiamart.com/proddetail/pet-flakes-22272107255.html,pet-bottle-flake,New Delhi 
PET Flakes,,,pet-bottle-flake,Mumbai 
HOT Washed PET Flakes,,https://www.indiamart.com/proddetail/hot-washed-pet-flakes-19243302188.html,pet-bottle-flake,"Karamali Chak, Patna "
Green PET FLAKES,Color:  Green,https://www.indiamart.com/proddetail/pet-flakes-20777569788.html,pet-bottle-flake,"Jawad, Dist. Neemuch "
Brown Pet Bottle Bale & Flakes Amber,,https://www.indiamart.com/proddetail/brown-pet-bottle-bale-flakes-amber-6398371288.html,pet-bottle-flake,Coimbatore 
Pet Bottles Flakes,,https://www.indiamart.com/proddetail/pet-bottles-flakes-18852801797.html,pet-bottle-flake,"Sanwer Road, Indore "
Pet Flakes,,https://www.indiamart.com/proddetail/pet-flakes-2403610333.html,pet-bottle-flake,"Sanand, Dist. Ahmedabad "
"Pet Bottle Flakes, Packaging Type: Plastic Bag, Packaging Size: 25 Kg",Packaging Type:  Plastic Bag,https://www.indiamart.com/proddetail/pet-bottle-flakes-13815055055.html,pet-bottle-flake,"Rakhial, Ahmedabad "
"White PET Flakes, For Industrial, Packaging Type: Plastic Bag",Packaging Type:  Plastic Bag,https://www.indiamart.com/proddetail/pet-flakes-22032079391.html,pet-bottle-flake,"Sector 47, Sonipat "
PET Flake,Washed Pet Flakes,,pet-bottle-flake,Nashik 
Pet Flakes,,https://www.indiamart.com/proddetail/pet-flakes-6276452912.html,pet-bottle-flake,"Ring Road, Surat "
PET Flake,Pet Flakes,,pet-bottle-flake,"Haripar, Rajkot "
Pet Bottle Flakes 100 Clear,Pet Bottle Flakes 100 Blue,https://www.indiamart.com/proddetail/pet-bottle-flakes-100-clear-4479034748.html,pet-bottle-flake,New Delhi 
Pet Flakes,,https://www.indiamart.com/proddetail/pet-flakes-6448219448.html,pet-bottle-flake,New Delhi 
PET Flake,,,pet-bottle-flake,Amreli 
Pet Flake,,,pet-bottle-flake,"Udhna, Ahmedabad "
PET Fines Green and White,,,pet-bottle-flake,"Kalawad, Rajkot "
"White R-PET Sheet Form 100% Bottle Flakes, For Industrial",Usage/Application:  Industrial,https://www.indiamart.com/proddetail/r-pet-sheet-form-100-bottle-flakes-22578685873.html,pet-bottle-flake,"Andheri (E), Mumbai "
PET Flake,,https://www.indiamart.com/proddetail/pet-flake-5764838962.html,pet-bottle-flake,"Kolathur, Chennai "
HDPE Flakes Scrap,,https://www.indiamart.com/proddetail/hdpe-flakes-scrap-19819028633.html,pet-bottle-flake,"Nehru Ganj, Gulbarga, Dist. Kalaburagi "
Pet Flakes,,https://www.indiamart.com/proddetail/pet-flakes-21030179273.html,pet-bottle-flake,"Kholwad, Surat "
PET Flake,Pet Bottle Flakes,,pet-bottle-flake,"Pitampura, New Delhi "
Pet Flakes,,https://www.indiamart.com/proddetail/pet-flakes-1472950755.html,pet-bottle-flake,"Goa, Dist. North Goa "
Hot Washed PET Flakes,,https://www.indiamart.com/proddetail/hot-washed-pet-flakes-10762325530.html,pet-bottle-flake,"Bongshar, Guwahati, Dist. Kamrup "
Natural Cold Washed Pet Bottle Flakes,Color:  Natural,https://www.indiamart.com/proddetail/cold-washed-pet-bottle-flakes-23859650662.html,pet-bottle-flake,"Vijayawada, Dist. Krishna "
PET Flake,,https://www.indiamart.com/proddetail/pet-flake-3610829491.html,pet-bottle-flake,"Prabhadevi, Mumbai "
"Pet Flakes In White, green And Brown Colour..",,https://www.indiamart.com/proddetail/pet-flakes-in-white-green-and-brown-colour-9467994555.html,pet-bottle-flake,"Waghodia - Dabhoi Ring Road, Vadodara "
250 Ml Soda Pet Bottle Green,Country of Origin:  Made in India,,pet-bottle-flake,Morbi 
Pet Scrap Bale,,https://www.indiamart.com/proddetail/pet-scrap-bale-3937040097.html,pet-bottle-flake,"Mulund West, Mumbai "
Natural Pet Chips Bottle Grade,Color:  Natural,https://www.indiamart.com/proddetail/pet-chips-bottle-grade-22495322430.html,pet-bottle-flake,Mumbai 
Hot Washed PET Flake,,,pet-bottle-flake,"Metoda, Rajkot "
Crushed Pet Bottle Scrap,Color:  All Colours,https://www.indiamart.com/proddetail/pet-bottle-scrap-23808206830.html,pet-bottle-flake,Satara 
White First Grinded PPCP Washing Machine Grinding,Processed Scrap Form:  First Grinded,https://www.indiamart.com/proddetail/ppcp-washing-machine-grinding-27431219848.html,pet-bottle-flake,Delhi 
Cold Washed Milky White PET Bottles Scrap,Color:  Milky White,https://www.indiamart.com/proddetail/milky-white-pet-bottles-scrap-26238525397.html,pet-bottle-flake,"Kanpur, Dist. Kanpur Nagar "
Multicolor Crushed PET Bottles Scrap,Mode of Shaping:  Crushed,https://www.indiamart.com/proddetail/pet-bottles-scrap-23554733155.html,pet-bottle-flake,"Mishrauli Dixit, Deoria "
Clear Crushed Pet Bottle Scrap,PET Content:  90- 95%,https://www.indiamart.com/proddetail/pet-bottle-scrap-14626952833.html,pet-bottle-flake,"Makhan Majra, Chandigarh "
Mixed Crushed Pet Bottle Scrap,Color:  Mixed,https://www.indiamart.com/proddetail/pet-bottle-scrap-23775863130.html,pet-bottle-flake,"Machkowha, Guwahati, Dist. Kamrup "
Plastic Bottle Raw Material,,https://www.indiamart.com/proddetail/plastic-bottle-raw-material-21305190230.html,pet-bottle-flake,"Salkia, Howrah "
"White Hot Washed PET Flakes, Packaging Type: HDPE Bag, Packaging Size: 25 Kg",Packaging Type:  HDPE Bag,https://www.indiamart.com/proddetail/hot-washed-pet-flakes-21753880973.html,pet-bottle-flake,"Amli, Silvassa, Dist. Dadra and Nagar Haveli and Daman and Diu "
Hot Washed Pet Bottle Flakes,,https://www.indiamart.com/proddetail/hot-washed-pet-bottle-flakes-23510943197.html,pet-bottle-flake,"Krishna Nagar, Chennai "
Pet Bottle Scrap,PET Content:  96- 100%,https://www.indiamart.com/proddetail/pet-bottle-scrap-2849599636291.html,pet-bottle-flake,"Vijayanagar, Mysore, Dist. Mysuru "
Pet Flakes,,,pet-bottle-flake,"Sher Garh Road, Kaithal "
Pet Bottle Flakes,₹47/ Kg,,pet-bottle-flake,North 24 Parganas 
Pet Bottle Flakes,₹49/ Number,,pet-bottle-flake,"Purulia, Kolkata "
Natural Unwashed Pet Bottle Flake,₹50/ Kg,https://www.indiamart.com/proddetail/unwashed-pet-bottle-flake-2849748123691.html,pet-bottle-flake,"Balaykheda, Indore "
Green And White PET Flakes For Sale,₹58/ Kilogram,https://www.indiamart.com/proddetail/green-and-white-pet-flakes-for-sale-19898455555.html,pet-bottle-flake,"Kumaraswamy Layout, Bengaluru "
"Transperent & green Pet Bottle Flakes, Packaging Type: PP Bag, Packaging Size: 35 Kg",₹40/ Kg,https://www.indiamart.com/proddetail/pet-bottle-flakes-22918988730.html,pet-bottle-flake,Dewas 
Flakes Bottle,₹110/ Piece,,pet-bottle-flake,Chennai 
Pet Bottle Flakes Transperent,₹37/ Kilogram,https://www.indiamart.com/proddetail/pet-bottle-flakes-transperent-23953247797.html,pet-bottle-flake,Ghaziabad 
Pet Bottle Flakes,₹35/ Kilogram,,pet-bottle-flake,"chilakaluripet, Guntur "
Pet Bottle Flakes,₹55/ Kg,https://www.indiamart.com/proddetail/pet-bottle-flakes-23527200791.html,pet-bottle-flake,"Lalbagh, Murshidabad "
Iron man Bed table and chairs,"₹5,000/ Piece",https://www.indiamart.com/proddetail/bed-table-and-chairs-20471083688.html,pet-bottle-flake,Mumbai 
Hot Washed Pet Bottle Flakes,₹56/ Kilogram,,pet-bottle-flake,"Bhatar, Surat "
"PETE Pet Flakes Hot Washed, Pack Size: 25kgs, For Reuse",₹50/ Kilogram,https://www.indiamart.com/proddetail/pet-flakes-hot-washed-16653166748.html,pet-bottle-flake,"Vasai Pata, Mumbai "
Washed Pet Bottle Flakes,Crushed Pet Bottle Flakes,https://www.indiamart.com/proddetail/washed-pet-bottle-flakes-23153289848.html,pet-bottle-flake,"Gandhi Nagar, Churu "
Natural Hot Washed Pet Bottle Flakes,Color:  Natural,https://www.indiamart.com/proddetail/pet-bottle-flakes-2850834711148.html,pet-bottle-flake,Rajkot 
Grinding Pet Bottle Flakes,,https://www.indiamart.com/proddetail/grinding-pet-bottle-flakes-5367900397.html,pet-bottle-flake,"Paschim Vihar, Delhi "
Clear Natural PET Flakes Unwashed,,https://www.indiamart.com/proddetail/clear-natural-pet-flakes-unwashed-9529221362.html,pet-bottle-flake,"Vasna Road, Vadodara "
Mixed Crushed Pet bottle scrap,Type:  PET,https://www.indiamart.com/proddetail/pet-bottle-scrap-22228920930.html,pet-bottle-flake,Jajpur Town 
Pet Flakes,,,pet-bottle-flake,Indore 
Unwashed Hdpe Flakes,,,pet-bottle-flake,Bhandara 
Plastic Chair Flakes,₹46/ Kg,,pet-bottle-flake,"Mungra Badshapur, Prayagraj "
PET Flake,,,pet-bottle-flake,"Gota, Ahmedabad "
Plastic Pet Bottles Scrap Flakes,₹34/ Kg,,pet-bottle-flake,"Beramguda, Medak "
PET Bottle Flakes,Hot Washed Pet Bottle Flakes,,pet-bottle-flake,"pet bottles recycling unit, Morbi "
PET Bottle Flakes,,,pet-bottle-flake,"Vandiyur, Pardi, Dist. Valsad "
Clear Pet Flakes,₹60/ Kg,,pet-bottle-flake,"City, Kanpur, Dist. Kanpur Nagar "
Clear Blue Mix Pet Flakes,,,pet-bottle-flake,"Dadhel, Dist. Navsari "
Hot Washed PET Flakes,Cold Washed Pet Flakes,,pet-bottle-flake,"Redhills, Tiruvallur "
Brown Pet Flakes,₹33/ Kilogram,,pet-bottle-flake,"AT-Shekhpar, Surendranagar, Dist. Surendra Nagar "
PET Flakes,,,pet-bottle-flake,"Kadapa, Dist. Cuddapah "
Pet Bottle Washed Fines,₹45/ Kg,,pet-bottle-flake,New Delhi 
Bottle Flakes,Recycled Pet Flakes,,pet-bottle-flake,"Singarva, Ahmedabad "
Pet Bottle Flakes,Plastic Pet Bottle Flakes,,pet-bottle-flake,Jaipur 
Pet Bottle Flakes,,,pet-bottle-flake,Bijnor 
Pet Flakes,,,pet-bottle-flake,"Karur, Dist. Tiruchirappalli "
Washed PET Flake,Pet Flake,,pet-bottle-flake,Rajkot 
PET Bottle Flake,Pet Bottle Flake,,pet-bottle-flake,"Surendranagar, Dist. Surendra Nagar "
Clear PET Flakes G3,"White Pet Flakes, For Bottle Making, Packaging Type: Plastic Bag",,pet-bottle-flake,Mumbai 
Pet Flakes,Pet Flekas,,pet-bottle-flake,"Kodi Lal Ki Bagichi, Mathura "
Pet Flakes,Pet Flakes,,pet-bottle-flake,"Tankara, Morvi, Dist. Morbi "
Un Washed Pet Bottle Flakes,Pet Flakes,,pet-bottle-flake,"Karupampalayam, Karur, Dist. Tiruchirappalli "
Pet Bottle Flakes,,,pet-bottle-flake,"Ganapati Peth, Sangli Miraj Kupwad "
Manufacturers Of Plastic Grinding Flakes,Plastic Flakes,,pet-bottle-flake,"pal ghar district  next to bhoisar, Ahmedabad "
Pet Bottle Flakes,Hot Washed Pet Bottle Flakes,,pet-bottle-flake,"Birati, Kolkata "
Pet Flaks,₹60/ 1Kg,,pet-bottle-flake,Jamnagar 
Pet Bottle Unwashed Flaskes,₹50/ Kilogram,,pet-bottle-flake,"Vasant Vihar, Karnal "
Pet Flakes,Pet Flakes,,pet-bottle-flake,"Near Railway Crossing, Moradabad "
Gene Pipe,,,pet-bottle-flake,"Nirala Nagar, Kanpur, Dist. Kanpur Nagar "
PET Flaks,,,pet-bottle-flake,"Bakkarwala, New Delhi "
Pet Bottle Flakes,,,pet-bottle-flake,"Tilak Nagar, Jaipur "
PET BOTTLE FLAKES,,,pet-bottle-flake,"Vasundhara, Ghaziabad "
Pet Flakes,,,pet-bottle-flake,"Morbi Road, Rajkot "
Pet Bottle Flake,,,pet-bottle-flake,"Antroli, Surat "
Plastic Pet Flakes,Pet Flakes,,pet-bottle-flake,Morbi 
Pet Flakes,,,pet-bottle-flake,"Srinivasaperumal Nagar  Keeranatham, Coimbatore "
Pet Flakes,,,pet-bottle-flake,"Chamakkada bazar, Malappuram "
Pet Flakes,,,pet-bottle-flake,Mumbai 
pet-flakes,,,pet-bottle-flake,"N.R.T.nagar, Theni "
Pet White Bottle Flakes,,,pet-bottle-flake,"GAZIPUR THANA, New Delhi "
Hot Wash Pet Flakes,₹56/ KG,,pet-bottle-flake,Aurangabad 
Pet Flakes,₹50/ Kg,,pet-bottle-flake,Jaipur 
Pet Flakes,₹45/ Kilogram,,pet-bottle-flake,Jorhat 
Pet Bottle Flakes,₹45/ Kg,,pet-bottle-flake,"Andheri weat, Mumbai "
Pet Green Cold Washed,Pet Brown Flakes Cold Washed,,pet-bottle-flake,"Bhandup West, Mumbai "
RPET Flakes,,,pet-bottle-flake,Coimbatore 
PET Green Bottle Flakes,Pet Bottle Flakes,,pet-bottle-flake,"Udyog Kendra 1, Greater Noida, Dist. Gautam Buddha Nagar "
Pet Flakes,,,pet-bottle-flake,Aurangabad 
Pet Flakes,,,pet-bottle-flake,"Old Burmacolony, Anakapalli, Dist. Visakhapatnam "
Pet Flakes,Pet Pellets,,pet-bottle-flake,Malappuram 
PET Flakes,,,pet-bottle-flake,"Nadsal, Dist. Udupi "
Pet Flakes,,,pet-bottle-flake,"No. 320, Shalimar Market, Ring Road, Surat "
Clear Pet Flakes,,,pet-bottle-flake,Ahmedabad 
Plastic Flake,Pp Flakes,,pet-bottle-flake,"Nand Nagri, Delhi "
Harpic/Yellow Jar Granding plastic scrap,₹55/ Kg,,pet-bottle-flake,"Nangloi, New Delhi "
Natural Pet Flakes,Pet Flakes,,pet-bottle-flake,"Pilkhuwa, Hapur "
pet-bottle-flake,Pet-bottles-flex,,pet-bottle-flake,"Sikandrabad, Dist. Bulandshahr "
Pet Flakes PPM,₹65/ Kg,,pet-bottle-flake,"Mubarakpur, Delhi "
Recycled PET Pellets,₹400/ Kg,,pet-bottle-flake,"Matunga, Mumbai "
Unwashed Pet Flakes,Pet Flex,,pet-bottle-flake,"Ganganagar, Meerut "
Clear Pet Flakes,₹80/ Kg,,pet-bottle-flake,"Muli, Surendranagar, Dist. Surendra Nagar "
Hot Water Washed and Dried Plastic Bottle Flakes,₹43/ Kg,,pet-bottle-flake,Dehradun 
Pet Flakes,,,pet-bottle-flake,"Mogappir East, Chennai "
Unwashed Pet Bottle Flakes,₹45/ Kg,,pet-bottle-flake,Belgaum 
Pet Bottle Flakes,₹55/ Kg,,pet-bottle-flake,"Hathua, Dist. Gopalganj "
Pet Flakes,,,pet-bottle-flake,"Virar Phata Police Chowki, Mumbai "
PET Bottle Flake,,,pet-bottle-flake,"Dhanori PUNE, Pune "
Pet Flakes,Pet Flakes Green,,pet-bottle-flake,"Medak Dt, Isnapur, Dist. Medak "
PET Fines 1st Quality,,,pet-bottle-flake,"Deepanjali Nagar, Bengaluru "
Hot Washed Pet Flakes,Clear Pet Flakes,,pet-bottle-flake,"Odakolly, Kasaragod, Dist. Kasargod "
PET FLAKES/GRINDING/POWDER,,,pet-bottle-flake,"Science City Road, Ahmedabad "
PET Bottle Flake,Pet Bottle Flake,,pet-bottle-flake,"North Lakhimpur, Dist. Lakhimpur "
PET Flakes,Pet Blue Flakes,,pet-bottle-flake,"Govindpuri, Delhi "
Pet Flakes,,,pet-bottle-flake,Bengaluru 
Plastics Pet Bottle Flakes,₹70/ Kg,,pet-bottle-flake,Warangal 
Pet Bottle Flakes,,,pet-bottle-flake,"Pithampur, Dist. Dhar "
Green Pet Flakes,Mixed Pet Flakes,,pet-bottle-flake,Howrah 
Clear Pet Flakes,Plastic Flakes,,pet-bottle-flake,New Delhi 
Pet Bottle Flakes,₹50/ Kg,,pet-bottle-flake,"Kanakapura, Dist. Ramanagar "
Pet Flakes,,,pet-bottle-flake,Sabarkantha 
Pet Flakes,,,pet-bottle-flake,"Opposite Veena Dalwai Industrial Estate, Mumbai "
Pet Bottle Flakes,Pet Bottle Flakes Seller,,pet-bottle-flake,Sonipat 
Pet Flake Waste,Green Pet Flex,,pet-bottle-flake,"Mali Panchghara, Howrah "
PET FLAKES - PURE WHITE,Pet Flakes - White,,pet-bottle-flake,"Ecotech 3, Greater Noida, Dist. Gautam Buddha Nagar "
Recycle Pet Flake,₹44/ Piece,,pet-bottle-flake,"Belur Industrial Area, Dist. Dharwad "
PET Bottle Flake,Pet Bottle Flake,,pet-bottle-flake,"Idar, Dist. Sabarkantha "
PET Bottle Flake,,,pet-bottle-flake,"Gurgaon, Dist. Gurugram "
Blue Mix Pet Flakes Density,₹45/ Kg,,pet-bottle-flake,"Kandivali West, Mumbai "
PET Flake,,,pet-bottle-flake,"Ambaji Nagar, Dadra, Dist. Dadra and Nagar Haveli and Daman and Diu "
Pet Bottle Cap Flake,,,pet-bottle-flake,Bankura 
PET Flakes,₹56/ Kg,,pet-bottle-flake,"Agripada, Mumbai "
Green PET Flakes,Colorful Pet Flakes,,pet-bottle-flake,Rajkot 
PET Flakes,,,pet-bottle-flake,"Shirol, Dist. Kolhapur "
polyester flakes,,,pet-bottle-flake,"Banaganapalli, Koilkuntla, Dist. Kurnool "
Mix flakers,,,pet-bottle-flake,Bengaluru 
PET Flakes,₹47/ Kilogram,,pet-bottle-flake,Mumbai 
Pet Bottle Flakes,,,pet-bottle-flake,"GIDC, Rajkot "
Clear Pet Flakes,,,pet-bottle-flake,"PARK CIRCUS, Kolkata "
PET Bottle Flake,,,pet-bottle-flake,"Kanpur, Dist. Kanpur Nagar "
Pet Bottle Flakes,₹45/ Kilogram,,pet-bottle-flake,"Near Kohinoor Cinema, Jaipur "
Plastic Flakes,,,pet-bottle-flake,"Bawana, Delhi "
Flakes Aqua,,,pet-bottle-flake,"Nagarathpet, Bengaluru "
14 Mm Unwashed Pet Flakes,,,pet-bottle-flake,Ahmedabad 
PET Bottle Flake,,,pet-bottle-flake,Thrissur 
Pet Bottle Flakes,,,pet-bottle-flake,"Thindal, Erode "
PET Bottle Flake,,,pet-bottle-flake,"Aramill Industrial Area, Gwalior "
PET Bottle Flake,₹60/ Kg,,pet-bottle-flake,New Delhi 
Pet White Bottle Flakes,,,pet-bottle-flake,"Kubadthal, Ahmedabad "
Pet Bottle Flakes Scrap,,,pet-bottle-flake,"Vasai Virar, Dist. Thane "
PET PELLETS,₹79/ Kg,,pet-bottle-flake,"Sanwer Road Industrial Area, Indore "
Unwashed Pet Bottle Flakes,₹35/ Kilogram,,pet-bottle-flake,Kolhapur 
PET Preform Bottle - Flakes,,,pet-bottle-flake,"Tardeo Everest Mumbai, Mumbai "
PET Bottle Flake,,,pet-bottle-flake,Surat 
Unwashed Pet Flakes,Pet Flakes,,pet-bottle-flake,"Guruwar Peth, Pune "
Pet Bottle Flakes,,,pet-bottle-flake,"Rohini, Delhi "
Pet Flake,Pet Bottle Flakes,,pet-bottle-flake,Medak 
Pet Bottle Flakes,White Pet Bottle Flakes,,pet-bottle-flake,"Edaiyarpalayam, Ariankuppam "
Clean transparent Flakes,Pet Flakes,,pet-bottle-flake,"Panoli INA, Dist. Surat "
Pet Bottle Flakes,,,pet-bottle-flake,Jaipur 
Pet Bottle Flakes,,,pet-bottle-flake,Gurugram 
Pp Injection Molding,₹125/ Tonne,,pet-bottle-flake,"Industrial area, New Delhi "
PET Bottle Flake,Pet Bottle Flake,,pet-bottle-flake,Surat 
Pet Bottle Flakes,₹65/ Kg,,pet-bottle-flake,Gurugram 
Pet Flakes,₹55/ KG,,pet-bottle-flake,"Gill Nagar, Bathinda "
PET Bottle Flake,Pet Bottle Flake,,pet-bottle-flake,"jeedimetla, Hyderabad "
PET Unwashed Flakes (14mm And 16mm),₹41/ Kg,,pet-bottle-flake,"Annavasal, Dist. Pudukkottai "
PET Flakes,Hdpe Flakes-mix,,pet-bottle-flake,"Tilak Nagar, Jaipur "
Clear Pet Flakes,Pet Flakes,,pet-bottle-flake,"Mahuakhera Ganj, Kashipur, Dist. Udham Singh Nagar "
Pet Sheet Flakes,₹45/ Kg,,pet-bottle-flake,Pune 
Pet Preform Bottle Flakes,,,pet-bottle-flake,New Delhi 
Light Blue Pet Flakes,₹48/ Kg,,pet-bottle-flake,"New Raipur, Dist. Raipur "
Pet Bottle Flakes Unwashed,₹50/ Kg,,pet-bottle-flake,"Uttam Sugar Mills, Bijnor "
Plastic Scrap Flakes,,,pet-bottle-flake,"Jainpur, Kanpur, Dist. Kanpur Nagar "
Pet Bottle Flake,,,pet-bottle-flake,"Nadikudi, Guntur "
PET Flake,Pet Flakes Green,,pet-bottle-flake,"Pimpalnare, Nashik "
Unwashed Pet Flakes,₹39/ Kilogram,,pet-bottle-flake,"RIICO Industrial Area, Sriganganagar, Dist. Ganganagar "
Bottle Grade - Green Flakes,Bottle Grade - Brown Flakes,,pet-bottle-flake,Hyderabad 
Weste PET Falaks,Pet Flakes,,pet-bottle-flake,"Bengaluru Rural, Bengaluru "
Pet Flakes,₹55/ Kg,,pet-bottle-flake,"Kannada, Karkal, Dist. Udupi "
Pet Bottle Flakes,₹65/ Kg,,pet-bottle-flake,"gohalpur, Jabalpur "
Flacks Of Plastic,,,pet-bottle-flake,"Near Shiv Mandir, Durgapur, Dist. Paschim Bardhaman "
Pet Bottle Washed Cutting/Fines,,,pet-bottle-flake,Delhi 
Washed Petbottle Flakes,Petbottle Flakes,,pet-bottle-flake,Dhenkanal 
Bottle Grinding Material,₹32/ Kg,,pet-bottle-flake,"Sinnar, Dist. Nashik "
PET Flakes pic,,,pet-bottle-flake,Pondicherry 
White PET Flakes,Hdpe White Flakes,,pet-bottle-flake,"Singanallur, Coimbatore "
Pet Bottle Flakes,,,pet-bottle-flake,"Deopur, Shirpur, Dist. Dhule "
Pet Bottle Flex,,,pet-bottle-flake,"Near Jacob Circle, Mumbai "
Pet Flakes,,,pet-bottle-flake,"First Floor Silver Lane, Gali No.3, Block C 262, Shamli, Dist. Muzaffarnagar "
Color Pet Flakes,Pet Sheet Flakes,,pet-bottle-flake,"Vasai Virar, Dist. Thane "
Pet Bottles Flakes,₹42/ Kilogram,,pet-bottle-flake,"Qutubllapur, Rangareddy "
Pet Green Plastic Flakes,₹50/ kg,,pet-bottle-flake,"Autonagar, Guntur "
Astral Resibond Gp 100 260ml Clear,₹103.84/ TONNE,,pet-bottle-flake,Kota 
Pet Bottle Flakes Full White,₹45/ KG,,pet-bottle-flake,"Mehdipatnam, Hyderabad "
Lowdensity Plastic Scrap,₹80/ Kilogram,,pet-bottle-flake,"Bhandup West, Mumbai "
PET Flakes,,,pet-bottle-flake,"Pal, Rajkot "
PET Flakes,₹49.5/ Kg,,pet-bottle-flake,"District Thane, Mumbai "
White PET Flakes,,,pet-bottle-flake,"Vile Parle West, Mumbai "
Pet Bottle Flakes,₹55/ Kg,,pet-bottle-flake,Bhopal 
Plastic Flakes,₹65/ Kg,,pet-bottle-flake,"puliyara road, Kovilpatti, Dist. Tuticorin "
Pet Flakes Mix Color,Pet Flakes White,,pet-bottle-flake,"Rajkot, Morbi "
Mix Pet Flakes,₹34/ Kilogram,,pet-bottle-flake,"O, Bhopal "
Pet Flakes Unwashed,₹25/ Kilogram,,pet-bottle-flake,Surat 
Pet Flakes,,,pet-bottle-flake,"Ward 12 B, Gandhidham, Dist. Kachchh "
Pet flajes cleaning,Pet Flakes Clear,,pet-bottle-flake,"INDIAN, Rajkot "
PET Flake,Pet Bottle Flake,,pet-bottle-flake,"Bahadurgarh, Dist. Jhajjar "
Pet Flakes,,,pet-bottle-flake,"Rangareddy, Kothur, Dist. Mahabub Nagar "
PET Flakes,,,pet-bottle-flake,"Piska More, Ranchi "
Pet Bottle Flakes Scrap,,,pet-bottle-flake,"Bhajanpura, New Delhi "
Pet Bottle Flakes,,,pet-bottle-flake,"Near Jaganathapuram, Parvatipuram, Dist. Vizianagaram "
Pet Flakes,₹45/ Kg,,pet-bottle-flake,"Sri Ramachandra Mahal, Chennai "
Pet Bottle Flakes,,,pet-bottle-flake,Bareilly 
Natural White Bottle Flakes,₹45/ Kg,,pet-bottle-flake,"near hunman Mandir, New Delhi "
Green Grinded PET Bottle,,,pet-bottle-flake,Vadodara 
Plastic Flakes,,,pet-bottle-flake,"Nawab Ganj, Kanpur, Dist. Kanpur Nagar "
Pet Flakes,₹62/ Kilogram,,pet-bottle-flake,"Ranjeet Nagar, Bharatpur "
Unwashed pet bottle flake,₹48/ Kg,,pet-bottle-flake,"Shiv Panchayat Nagar, Yerkheda, Dist. Nagpur "
Pet Bottle Washed Cutting/Fines,,,pet-bottle-flake,New Delhi 
Pet flax unwashed,,,pet-bottle-flake,"Sarna Dungar Industrial Area, Jaipur "
Pp Flakes,,,pet-bottle-flake,"Karnal Dist, Karnal "
rPET Flakes,,,pet-bottle-flake,"patancheru, Hyderabad "
Pet Flakes,,,pet-bottle-flake,Karnal 
Plastic Flakes,,,pet-bottle-flake,Junagadh 
Plastic Flakes,,,pet-bottle-flake,"Quthbullapur, Hyderabad "
Pet Flakes,,,pet-bottle-flake,"Fort, Dombivli, Dist. Thane "
Natural pp flakes,₹82/ Kg,,pet-bottle-flake,"Dhapa, Kolkata "
Pet Bottle Flakes,,,pet-bottle-flake,"Hanuman Mandir, Muzaffarpur "
Unwashed Pet Flakes,Pet Bottle Scrap Flakes,,pet-bottle-flake,"Pollachi, Dist. Coimbatore "
Pet Bottle Flakes,,,pet-bottle-flake,Surat 
PET Flakes,₹45/ Kilogram(s),,pet-bottle-flake,"Old Malakpet, Hyderabad "
PET FLACK,,,pet-bottle-flake,"Gadchiroli, Nagpur "
Pet Bottle Flakes,,,pet-bottle-flake,"Jolarpet, Vellore "
Unwashed Flakes,Unwashed Pet Flakes,,pet-bottle-flake,"Parrys, Chennai "
pet bottle flakes,Pet Bottle Flakes,,pet-bottle-flake,Karnal 
Pet unwashed flakes,,,pet-bottle-flake,Moradabad 
PET Flakes,,,pet-bottle-flake,"GIDC, Vapi, Dist. Valsad "
Transparent Unwashed PET Flake,₹34/ Kg,,pet-bottle-flake,"Gautam Budh Nagar, Dist. Gautam Buddha Nagar "
Bottle Flakes,Pet Bottle Flakes,,pet-bottle-flake,"Bhuvanagiri, Nalgonda "
White Pet Flake,Brown Pet Bottle Flake,,pet-bottle-flake,Kolkata 
Unwashed Pet Flakes,₹45/ Kg,,pet-bottle-flake,"Saily, Silvassa, Dist. Dadra and Nagar Haveli and Daman and Diu "
PET Flake,Pet Flake,,pet-bottle-flake,"2/119 EVR street , Nazarathpatti, Chennai "
Pet Flakes,,,pet-bottle-flake,"Morbi Road, At. Kagdadi, Rajkot "
Pet Fines,,,pet-bottle-flake,"11, Homnabad, Dist. Bidar "
Chips For RPET Yarns Flakes,,,pet-bottle-flake,"Ring Road, Surat "
PET Bottle Flake,,,pet-bottle-flake,"Delwada, Daman "
Pete,,,pet-bottle-flake,Bengaluru 
PET Flake,₹20/ Kilogram,,pet-bottle-flake,"Shamli, Dist. Muzaffarnagar "
Pet Bottle Flakes,₹30/ Kg,,pet-bottle-flake,"Suri, Dist. Birbhum "
PET Bottle Flakes Pet sheet Tray,Flake-chips For R Pet,,pet-bottle-flake,"Mota Borsara Road, Kim, Dist. Surat "
Cold Washed Pet Flakes,"₹30,000/ Ton",,pet-bottle-flake,"RS Puram, Coimbatore "
PET Bottle Flake,₹55/ Kg,,pet-bottle-flake,"Bhusawal MIDC, Jalgaon, Bhusawal, Dist. Jalgaon "
PET Bottle Flake,Pet Bottle Flake,,pet-bottle-flake,"Magob, Surat "
Pet Bottle Flakes,Pet Bottle Flakes,,pet-bottle-flake,Rajkot 
Pet Botle Flaks,,,pet-bottle-flake,Ahmedabad 
Pet Bottle Flakes,,,pet-bottle-flake,"Sudarshan Park, New Delhi "
PET Flakes 50 Ppm,,,pet-bottle-flake,"Bamroli Road, Surat "
Pet Flakes,,,pet-bottle-flake,"Ghodasar, Ahmedabad "
PET Chips/Pellets,Pet Flakes,,pet-bottle-flake,Mumbai 
Hot Washed Pet Bottle Flakes,,,pet-bottle-flake,"Kasaragod, Dist. Kasargod "
Washed Pet Flakes,,,pet-bottle-flake,"Bamroli Road, Surat "
Pet Bottles,,,pet-bottle-flake,"Udyog Nagar, New Delhi "
Hot Washed Pet Flakes,,,pet-bottle-flake,"Desai, Dist. Thane, Kalyan, Dist. Thane "
Hot Wash Pet Bottle Flakes,Hot Washed Pet Bottle Flakes,,pet-bottle-flake,Indore 
Pet Bottel Cap Washed Flakes,₹60/ Kilogram,,pet-bottle-flake,Chandigarh 
"Pet Bottle Cutting Scrap, s",Pet Bottle Cutting Scrap,,pet-bottle-flake,"Deori Khas, Dist. Sagar "
Hot Washed Pet Bottle Flakes,,,pet-bottle-flake,Jabalpur 
Hot Wash Flakes Pet,,,pet-bottle-flake,Tiruvallur 
Pet Bottle Scrap,,,pet-bottle-flake,"Samastipur, Samastipur "
Pet Bottle Flakes,,,pet-bottle-flake,"Ranchi, Daltonganj, Dist. Palamau "
Pet Bottle Flakes,₹75/ Kg,,pet-bottle-flake,"sachin, Surat "
Pet Bottle Flakes,,,pet-bottle-flake,Tiruvallur 
PET Bottle Flake,,,pet-bottle-flake,Hyderabad 
Green Pet Strap Flakes,,,pet-bottle-flake,Morbi 
Pet Flakes,,,pet-bottle-flake,"Subhash Road, Anantapur "
Blue PET Flakes,Green Pet Flakes,,pet-bottle-flake,Belgaum 
Pet Bottle Flakes Green,₹60/ Kg,,pet-bottle-flake,"Nuh, Dist. Gurugram "
Pet Sheet Flakes,Pet Sheet Flakes,,pet-bottle-flake,"dungri faliya, Vapi, Dist. Valsad "
Hot And Cold Flakes,,,pet-bottle-flake,"Thahekhu Village, Dimapur "
Hot Washed Pet Flakes,₹55/ Kg,,pet-bottle-flake,Indore 
Hot Washed Pet Flakes,₹65/ kg,,pet-bottle-flake,"School Lane, Panipat "
Pet Bottle Flakes,₹60/ Kg,,pet-bottle-flake,"INDUSTRIAL AREA, Jamnagar "
Pet Flakes Fiber,,,pet-bottle-flake,"padana, Gandhidham, Dist. Kachchh "
PET BOTTLE FLAKES CHIPS,₹45/ Kg,,pet-bottle-flake,"21/5, Ulundurpet, Dist. Villupuram "
Pet Bottle Flakes,₹15/ Kg,,pet-bottle-flake,"Vapi, Dist. Valsad "
Natural Pet Bottle Flakes,Color:  Natural,,pet-bottle-flake,"SH C 47, MAHIM LEVEL CROSS COMPOUND, Mumbai "
Pet Bottle Flakes,₹45/ Kg,,pet-bottle-flake,"Gunjalwadi, Sangamner, Dist. Ahmed Nagar "
Coloured Pet Flakes,₹42/ Kilogram,,pet-bottle-flake,"Raigad, Panvel, Raigad "
Pet Bottle Flakes,₹45/ Kg,,pet-bottle-flake,Bharuch 
Pet Flakes,₹65/ Kg,,pet-bottle-flake,"Silvassa, Dist. Dadra and Nagar Haveli and Daman and Diu "
Pet Bottle Flake,,,pet-bottle-flake,"PANCH BATTI, Jaipur "
"Plastic White PET Flakes, for Industrial, Packaging Type: HDPE 30kg bag or Jumbo",₹52/ Kg,,pet-bottle-flake,"Binali Apartments, Bhilad, Dist. Valsad "
Pet Bottle Flakes,₹50/ Kg,,pet-bottle-flake,"Alok Park, Ghaziabad "
Pet Bottle Flakes,₹47/ Kg,,pet-bottle-flake,Chennai 
Pet Flakes,,,pet-bottle-flake,"Bypass, Dewas "
Plastic Flakes,₹40/ Kilogram,,pet-bottle-flake,"Bhadwasiya, Jodhpur "
Chilly Flakes Magic Pet Bottle,₹39/ Kg,,pet-bottle-flake,"Makarba, Ahmedabad "
Natural Hot Washed Pet Bottle Flake Crystal White,₹58/ Kg,,pet-bottle-flake,"Salasar Road, Sikar "
Ferrous Metal Scrap,₹35/ Kg,https://www.indiamart.com/proddetail/ferrous-metal-scrap-25318250791.html,ferrous-metal-scrap,"kesharbagh, Lucknow "
"Ferrous Bar Cutting Metal Scrap, For Metallurgy Industry",₹35/ Kg,https://www.indiamart.com/proddetail/ferrous-bar-cutting-metal-scrap-14977593688.html,ferrous-metal-scrap,"Rajaji Nagar, Bengaluru "
MS(IRON) Ferrous Metal Scrap,"₹35,000/ Ton",https://www.indiamart.com/proddetail/ferrous-metal-scrap-27509434048.html,ferrous-metal-scrap,"FAZALGANJ, Kanpur, Dist. Kanpur Nagar "
Ferrous Waste Metal Scrap,₹45/ Kg,https://www.indiamart.com/proddetail/ferrous-waste-metal-scrap-2849793078662.html,ferrous-metal-scrap,"Mumbai Suburban, Mumbai "
Ferrous Metal Scrap,₹60/ Kg,https://www.indiamart.com/proddetail/ferrous-metal-scrap-2851788983230.html,ferrous-metal-scrap,Bengaluru 
"Cast Iron Ferrous And Non Ferrous Metal Scrap, 100 Kg",₹120/ Kg,https://www.indiamart.com/proddetail/ferrous-and-non-ferrous-metal-scrap-2851801288491.html,ferrous-metal-scrap,"Mannurpet, Chennai "
Ferrous Metal Scrap,"₹18,000/ Ton",https://www.indiamart.com/proddetail/ferrous-metal-scrap-2850483183888.html,ferrous-metal-scrap,"Bhiwadi, Dist. Alwar "
Brown Mild Steel Harvey MS Scrap,"₹40,000/ Ton",https://www.indiamart.com/proddetail/harvey-ms-scrap-2851967773048.html,ferrous-metal-scrap,"Neyveli, Dist. Cuddalore "
"Ferrous Fittings Scrap, For Metal Industry",₹38/ Kg,https://www.indiamart.com/proddetail/ferrous-fittings-scrap-26630845562.html,ferrous-metal-scrap,"Bhangar Mohalla, New Delhi "
"M S Iron Scrap, For Metal Industry","₹40,000/ Ton",https://www.indiamart.com/proddetail/m-s-iron-scrap-2850220374112.html,ferrous-metal-scrap,Pune 
"Ferrous Metal Scrap, For Industrial",₹42/ Kg,https://www.indiamart.com/proddetail/ferrous-metal-scrap-7316822355.html,ferrous-metal-scrap,"Kumbharwada, Bhavnagar "
Industrial Ferrous Metal Scrap,₹30/ Kg,https://www.indiamart.com/proddetail/industrial-ferrous-metal-scrap-2852419450962.html,ferrous-metal-scrap,Bengaluru 
Ferrous Metal Scrap,₹120/ Kg,https://www.indiamart.com/proddetail/ferrous-metal-scrap-2851612665873.html,ferrous-metal-scrap,"Mysore, Dist. Mysuru "
"Ferrous Iron Scrap, For Metal Industry",₹38/ Kg,https://www.indiamart.com/proddetail/ferrous-iron-scrap-2849667473497.html,ferrous-metal-scrap,"Sihor, Dist. Bhavnagar "
Mild Steel Ms Scrap Supplier In Ahmedabad,Material:  Mild Steel,https://www.indiamart.com/proddetail/ms-scrap-supplier-in-ahmedabad-27146671630.html,ferrous-metal-scrap,Ahmedabad 
My Requirements Ferrous Metal Scraps,,,ferrous-metal-scrap,Coimbatore 
Ferrous Iron Scrap,₹30/ Kilogram,https://www.indiamart.com/proddetail/ferrous-iron-scrap-16269845662.html,ferrous-metal-scrap,"Shalimar Bagh, New Delhi "
Ferrous Metal Scrap,₹37/ Kg,https://www.indiamart.com/proddetail/ferrous-metal-scrap-24139017348.html,ferrous-metal-scrap,Thane 
"Ferrous Mild Steel Scrap, For Casting",₹36/ Kg,https://www.indiamart.com/proddetail/ferrous-mild-steel-scrap-25014593662.html,ferrous-metal-scrap,"Vijayanagar, Bengaluru "
Ferrous Metal Scrap,₹40/ Kg,,ferrous-metal-scrap,Lakhisarai 
Metal Ferrous Scrap,₹170/ Kg,https://www.indiamart.com/proddetail/metal-ferrous-scrap-2849524330633.html,ferrous-metal-scrap,Mumbai 
Ferrous Metal Scrap,₹200/ Kg,,ferrous-metal-scrap,"Najafgarh Road Industrial Area, New Delhi "
Copper Shoulder Scrap,₹560/ Kg,https://www.indiamart.com/proddetail/copper-shoulder-scrap-26188373330.html,ferrous-metal-scrap,"Gandhidham, Dist. Kachchh "
"Heavy Metal Scrap 1 , Ferrous For Industrial Recycling","₹40,000/ Tonne",https://www.indiamart.com/proddetail/heavy-metal-scrap-1-ferrous-25348961562.html,ferrous-metal-scrap,"Jaygaon, Dist. Alipurduar "
Ferrous Metal Scrap,₹35/ Kg,,ferrous-metal-scrap,Saiha 
Ferrous Metal Scrap,₹22/ Kilogram,,ferrous-metal-scrap,"Adajan, Surat "
"Mild Steel Ms Round Pipe, Size: 3 inch, Material Grade: A",₹45/ Kg,https://www.indiamart.com/proddetail/ms-round-pipe-27437373773.html,ferrous-metal-scrap,Coimbatore 
Ferrous Metal Scrap,₹21/ Kg,https://www.indiamart.com/proddetail/ferrous-metal-scrap-21713703973.html,ferrous-metal-scrap,Bengaluru 
