name,price,url,category,city
Pet Bottle Flakes,"₹3,000/ Kg",https://www.indiamart.com/sarvatipolitec-limited/,pet-bottle-flake,agra
Pet Bottle Flskes Buyres,,https://www.indiamart.com/s-n-bursh-and-all-products/,pet-bottle-flake,agra
Natural Hot Washed PET Bottle Flake,₹62/ Kg,https://www.indiamart.com/proddetail/pet-bottle-flake-2852052297391.html,pet-bottle-flake,agra
White Crushed Ped bottal falack,₹61/ Kg,https://www.indiamart.com/proddetail/ped-bottal-falack-2852080557333.html,pet-bottle-flake,agra
Pet Bottle Flakes,,https://www.indiamart.com/h-s-wire-products/,pet-bottle-flake,agra
Pet Bottle Flake,,https://www.indiamart.com/k-r-plastics-works/,pet-bottle-flake,agra
Plastic Pet Bottle Flacks Seller,,https://www.indiamart.com/vijaya-ent/,pet-bottle-flake,agra
Recycled Hot Washed Pet Flakes,,https://www.indiamart.com/om-india-amritsar/,pet-bottle-flake,amritsar
Pet Bottle Flakes,,https://www.indiamart.com/raman-pawan-kirana-store/,pet-bottle-flake,amritsar
Pet Flakes,,,pet-bottle-flake,amritsar
Plastic Chair Flakes,₹46/ Kg,https://www.indiamart.com/msr-industries-allahabad/,pet-bottle-flake,allahabad
Pet Flakes,,https://www.indiamart.com/vinay-plastic-allahabad/,pet-bottle-flake,allahabad
Plastic Bottles Flakes,,https://www.indiamart.com/ajay-wheat-center/,pet-bottle-flake,amroha
"Aluminum Radiator Scrap, For Foundry Industry",₹140/ Kg,https://www.indiamart.com/proddetail/radiator-scrap-2849757298930.html,ferrous-metal-scrap,agra
Black iron and steel Di Pipe Scrap,₹46/ Kg,https://www.indiamart.com/proddetail/di-pipe-scrap-2850267084773.html,ferrous-metal-scrap,agra
"Cast Iron Slag, Physical State: Lump",Physical State:  Lump,https://www.indiamart.com/proddetail/cast-iron-slag-27428220248.html,ferrous-metal-scrap,agra
MS(IRON) Ferrous Metal Scrap,"₹35,000/ Ton",https://www.indiamart.com/proddetail/ferrous-metal-scrap-27509434048.html,ferrous-metal-scrap,agra
Iron Scrap,Usage/Application:  Any,https://www.indiamart.com/proddetail/iron-scrap-12200879312.html,ferrous-metal-scrap,agra
Cast Iron Scrap,₹50/ Kg,https://www.indiamart.com/tomarenterprises/,ferrous-metal-scrap,agra
Iron Scrap,लोहे की रद्दी,https://www.indiamart.com/rs-sales-agra/,ferrous-metal-scrap,agra
Radiator Scrap,,https://www.indiamart.com/company/11145419/,ferrous-metal-scrap,agra
Ms Iron,,https://www.indiamart.com/messors-bidhi-chand/,ferrous-metal-scrap,agra
Old Iron Scrap,Iron Scrap,https://www.indiamart.com/msaktraders-agra/,ferrous-metal-scrap,agra
Iron Scrap,Iron Scrapz,https://www.indiamart.com/laxmitraders-49112271/,ferrous-metal-scrap,agra
3 Number Scrapped,,https://www.indiamart.com/aarav-sawray-scrap-traders/,ferrous-metal-scrap,agra
Iron Scrap,Iron Scrap,https://www.indiamart.com/sarthi-enterprises-agra/,ferrous-metal-scrap,agra
Kandur Scrap,Kandur Crushed Scrap,https://www.indiamart.com/rahul-scrap-traders/,ferrous-metal-scrap,agra
Iron Scrap,Cast Iron Scrap,https://www.indiamart.com/company/142274994/,ferrous-metal-scrap,agra
Ferrous Metal Scrap,Ferrous Scrap,https://www.indiamart.com/m-k-g-n-traders/,ferrous-metal-scrap,agra
Scraps,,https://www.indiamart.com/trivedi-international-agra/,ferrous-metal-scrap,agra
Old Iron Scrap,₹17/ Kilogram,https://www.indiamart.com/payal-entp-agra/,ferrous-metal-scrap,agra
Used Iron Scrap,₹40/ Kg,https://www.indiamart.com/ms-varsha-enterprises/,ferrous-metal-scrap,agra
"Iron Scrap, For Metal Industry, 50 Kg",₹30/ Kg,https://www.indiamart.com/proddetail/iron-scrap-26751078962.html,ferrous-metal-scrap,agra
Iron Crap,Scrap,https://www.indiamart.com/amit-trading-company-agra/,ferrous-metal-scrap,agra
Iron Scrap,,https://www.indiamart.com/ms-dhariya-traders/,ferrous-metal-scrap,agra
Radiator Jali,,https://www.indiamart.com/arjun-radiator/,ferrous-metal-scrap,agra
Iron scrap,,https://www.indiamart.com/club-7-overseas/,ferrous-metal-scrap,agra
Iron Scrap,Iron Scrap,https://www.indiamart.com/shree-balaji-scrap-suppliers/,ferrous-metal-scrap,agra
Iron Scrap,,https://www.indiamart.com/b-g-enterprises-agra/,ferrous-metal-scrap,agra
Iron Scrap,,https://www.indiamart.com/amar-transport-company-agra/,ferrous-metal-scrap,agra
Iron Scrap,,https://www.indiamart.com/rahulenterprises-111646543/,ferrous-metal-scrap,agra
"Cast Iron Boring Scrap, For Foundry Industry",₹41/ Kg,https://www.indiamart.com/proddetail/cast-iron-boring-scrap-24273743255.html,ferrous-metal-scrap,amritsar
C I Scrap,₹46/ Kilogram,https://www.indiamart.com/om-prakashsons/,ferrous-metal-scrap,amritsar
Iron Scrap,,https://www.indiamart.com/mkcreations-amritsar/,ferrous-metal-scrap,amritsar
Iron Sheet Scrap,,https://www.indiamart.com/jyotisteel-amritsar/,ferrous-metal-scrap,amritsar
Iron Scrap,,https://www.indiamart.com/shiv-shakti-iron-steel-co/,ferrous-metal-scrap,amritsar
Iron Scrap,,https://www.indiamart.com/mktrading-co-amritsar/,ferrous-metal-scrap,amritsar
Old Iron Scrap,,https://www.indiamart.com/prs-enterprises-patti/,ferrous-metal-scrap,amritsar
Ferrous Metal Scrap,₹100/ Kg,https://www.indiamart.com/pardhan-steels/,ferrous-metal-scrap,amritsar
Iron Scrap,,https://www.indiamart.com/dev-raj-pawan/,ferrous-metal-scrap,amritsar
Iron Scrap,Iron Scrap,https://www.indiamart.com/gupta-brothers-amritsar/,ferrous-metal-scrap,amritsar
Iron Scrap,लोहे की रद्दी,https://www.indiamart.com/mahadev-traders-amritsar/,ferrous-metal-scrap,amritsar
Iron Scrap,,https://www.indiamart.com/ss-trading-co-amritsar/,ferrous-metal-scrap,amritsar
Pig Iron Scrap,,https://www.indiamart.com/deepak-scrap-store/,ferrous-metal-scrap,amritsar
Iron Scrap,,https://www.indiamart.com/vaishno-iron-scrap-company/,ferrous-metal-scrap,amritsar
Iron Scrap,,https://www.indiamart.com/satinder-steel/,ferrous-metal-scrap,amritsar
Ferrous Iron Scrap,,https://www.indiamart.com/company/80187669/,ferrous-metal-scrap,amritsar
Cast Iron Waste,,https://www.indiamart.com/lram-shah-gurdial-mal-mahajan/,ferrous-metal-scrap,amritsar
Cast Iron Scraps,,https://www.indiamart.com/rohit-enterprise-rayya/,ferrous-metal-scrap,amritsar
Ferrous Metal Scrap,,https://www.indiamart.com/company/146887540/,ferrous-metal-scrap,amritsar
Iron Scrap,,https://www.indiamart.com/company/146889267/,ferrous-metal-scrap,amritsar
Ferrous Metal Scrap,,https://www.indiamart.com/company/146916980/,ferrous-metal-scrap,amritsar
Iron Scrap,,https://www.indiamart.com/company/47596238/,ferrous-metal-scrap,amritsar
Ferrous Metal Scrap,,https://www.indiamart.com/company/182767996/,ferrous-metal-scrap,amritsar
Cast Iron Waste,,https://www.indiamart.com/hic-machinery-co/,ferrous-metal-scrap,amritsar
Ferrous Metal Scrap,,https://www.indiamart.com/company/39371987/,ferrous-metal-scrap,amritsar
scrap,,https://www.indiamart.com/godrej-amritsar/,ferrous-metal-scrap,amritsar
Cast Iron Waste,,https://www.indiamart.com/noorenterprises-amritsar/,ferrous-metal-scrap,amritsar
Ferrous Metal Scrap,,https://www.indiamart.com/mehraenterprises-15596324/,ferrous-metal-scrap,amritsar
Ferrous Metal Scrap,₹35/ Kg,https://www.indiamart.com/proddetail/ferrous-metal-scrap-25318250791.html,ferrous-metal-scrap,allahabad
"Pig Iron Scrap, For Foundry Industry","₹25,000/ Tonne",https://www.indiamart.com/proddetail/pig-iron-scrap-17746276655.html,ferrous-metal-scrap,allahabad
"Cast Iron Scrap, For Foundry Industry",₹45/ Kg,https://www.indiamart.com/proddetail/cast-iron-scrap-19154259530.html,ferrous-metal-scrap,allahabad
Scrap,₹450/ Kg,https://www.indiamart.com/vaishnav-electronics-and-metal-scrap/,ferrous-metal-scrap,allahabad
Iron Scrap,,https://www.indiamart.com/jai-ma-kali-traders-allahabad/,ferrous-metal-scrap,allahabad
Iron Scrap,Radiator Scrap,https://www.indiamart.com/ms-maa-vaishnav-traders/,ferrous-metal-scrap,allahabad
Scrap,"₹50,00,00,000/ Tonne",https://www.indiamart.com/proddetail/scrap-25402295991.html,ferrous-metal-scrap,allahabad
Iron Scrap,₹40/ Kg,https://www.indiamart.com/devansh-scarp-works/,ferrous-metal-scrap,allahabad
Iron Scrap,,https://www.indiamart.com/shree-ram-enterprises-allahabad/,ferrous-metal-scrap,allahabad
Iron Scrap,Iron Scrap,https://www.indiamart.com/jaiswal-tradersallahabad/,ferrous-metal-scrap,allahabad
Iron Scrap,,https://www.indiamart.com/om-disposal-traders/,ferrous-metal-scrap,allahabad
Cast Iron Scrap,,https://www.indiamart.com/rudra-traders-prayagraj/,ferrous-metal-scrap,allahabad
Cast Iron Waste,Ferrous Scrap,https://www.indiamart.com/adenterprises-prayagraj/,ferrous-metal-scrap,allahabad
Scrap Iron Plate,"₹49,000/ Tonne",https://www.indiamart.com/nitin-enterprises-prayagraj/,ferrous-metal-scrap,allahabad
ferrous waste,Ferrous Waste 2,https://www.indiamart.com/transfer-technique/,ferrous-metal-scrap,allahabad
All Type Of Scrap,,https://www.indiamart.com/rsm-medical-center/,ferrous-metal-scrap,allahabad
Durmush,,https://www.indiamart.com/calcutta-hardware-stores-prayagraj/,ferrous-metal-scrap,allahabad
Scrap,,https://www.indiamart.com/hindustan-scrap/,ferrous-metal-scrap,allahabad
Scrap,Scrap,https://www.indiamart.com/mohitenterprises-prayagraj/,ferrous-metal-scrap,allahabad
Cast Scrap,,https://www.indiamart.com/niteshenterprises-prayagraj/,ferrous-metal-scrap,allahabad
Ferrous Metal Waste And Scrap,Ferrous Metal Scraps,https://www.indiamart.com/company/117225220/,ferrous-metal-scrap,allahabad
Iron Scrap,लोहे की रद्दी,https://www.indiamart.com/anantoolal/,ferrous-metal-scrap,allahabad
All Types Iron Scrap,,https://www.indiamart.com/ms-meena-associates/,ferrous-metal-scrap,allahabad
Iron Scrap,,https://www.indiamart.com/ferrous-and-non-ferrous-scrap/,ferrous-metal-scrap,allahabad
Iron Scrap,,https://www.indiamart.com/magool-kirana-store/,ferrous-metal-scrap,allahabad
Cast Iron Scrap,,https://www.indiamart.com/meena-associates/,ferrous-metal-scrap,allahabad
Ferrous Metal Scrap,,,ferrous-metal-scrap,allahabad
Iran scrap,,https://www.indiamart.com/ms-hardik-and-jay-impex-company/,ferrous-metal-scrap,allahabad
"Aluminum Vehicle Radiator Scrap, For Automobile",₹145/ Kg,https://www.indiamart.com/proddetail/aluminum-vehicle-radiator-scrap-2850622367388.html,ferrous-metal-scrap,amroha
Iron Scrap,लोहे की रद्दी,https://www.indiamart.com/sami-and-sons-amroha/,ferrous-metal-scrap,amroha
Iron Scrap,Radiator Scrap,https://www.indiamart.com/company/146135023/,ferrous-metal-scrap,amroha
Cast Iron Scrap,Iron Scrap,https://www.indiamart.com/nkm-infra-construction/,ferrous-metal-scrap,amroha
Iron Scrap,Iron Scrap,https://www.indiamart.com/lsa-enterprises/,ferrous-metal-scrap,amroha
Iron Scrap,Loha Scrap,https://www.indiamart.com/company/47472936/,ferrous-metal-scrap,amroha
Loha Scrap,₹47/ Tonne,https://www.indiamart.com/malik-terders/,ferrous-metal-scrap,amroha
Loha Scrap,₹39/ Kg,https://www.indiamart.com/malik-traders-dhanaura/,ferrous-metal-scrap,amroha
Drum Iron Scrap,,https://www.indiamart.com/malik-traders-gajraula/,ferrous-metal-scrap,amroha
Iron Scrap,,https://www.indiamart.com/mk-electronics-electricals/,ferrous-metal-scrap,amroha
Iron Scrap,₹19/ Kilogram,https://www.indiamart.com/bharat-scrap-traders-gajraula/,ferrous-metal-scrap,amroha
Iron Scrap,लोहे की रद्दी,https://www.indiamart.com/proddetail/iron-scrap-3806090412.html,ferrous-metal-scrap,amroha
"Galvanised Iron Scrap, For Metal Industry, 25 Kg","₹1,000/ Tonne",https://www.indiamart.com/company/180024845/,ferrous-metal-scrap,amroha
Iron Rod Scrap,,https://www.indiamart.com/jyoti-traders-hasanpur/,ferrous-metal-scrap,amroha
Ferrous Metal Scrap,,https://www.indiamart.com/company/158067848/,ferrous-metal-scrap,amroha
Ferrous Metal Scrap,,https://www.indiamart.com/veer-trading-company-gajraula/,ferrous-metal-scrap,amroha
MS Iron Scrap,,https://www.indiamart.com/mehdi-scrap-traders/,ferrous-metal-scrap,amroha
Ferrous Metal Scrap,,https://www.indiamart.com/saifi-sons-hasanpur/,ferrous-metal-scrap,amroha
Ferrous Scrap,,https://www.indiamart.com/company/156124482/,ferrous-metal-scrap,amroha
Iron Scrap,,https://www.indiamart.com/company/157925163/,ferrous-metal-scrap,amroha
Ferrous Metal Scrap,,https://www.indiamart.com/company/24655011/,ferrous-metal-scrap,amroha
Ferrous Metal Scrap,,https://www.indiamart.com/tatsha-baba-traders/,ferrous-metal-scrap,amroha
Ferrous Metal Scrap,,https://www.indiamart.com/company/96928375/,ferrous-metal-scrap,amroha
Ferrous Metal Scrap,,https://www.indiamart.com/company/127343949/,ferrous-metal-scrap,amroha
Ferrous Metal Scrap,,https://www.indiamart.com/m-h-refrigeration-and-air-conditioning/,ferrous-metal-scrap,amroha
Iron Scraps Proudcts,,https://www.indiamart.com/indian-scrap/,ferrous-metal-scrap,amroha
Cast Iron Waste,,https://www.indiamart.com/company/146155322/,ferrous-metal-scrap,amroha
Ferrous Metal Scrap,,https://www.indiamart.com/company/79008433/,ferrous-metal-scrap,amroha
